variant,id,main_modality,aligned_bin,occlusion_drop,positive_occlusion_drop,normalized_local_importance
aligned,01,text,0,-0.006843507289886475,0.0,0.0
aligned,01,text,1,-0.00754094123840332,0.0,0.0
aligned,01,text,2,0.007143199443817139,0.007143199443817139,0.15472666908958985
aligned,01,text,3,-0.023471444845199585,0.0,0.0
aligned,01,text,4,-0.009493231773376465,0.0,0.0
aligned,01,text,5,-0.005227923393249512,0.0,0.0
aligned,01,text,6,-0.019236445426940918,0.0,0.0
aligned,01,text,7,-0.005669504404067993,0.0,0.0
aligned,01,text,8,0.0008563697338104248,0.0008563697338104248,0.01854956416432067
aligned,01,text,9,-0.0005786418914794922,0.0,0.0
aligned,01,text,10,0.012250959873199463,0.012250959873199463,0.2653643131819716
aligned,01,text,11,-0.006215214729309082,0.0,0.0
aligned,01,text,12,0.009203404188156128,0.009203404188156128,0.19935213702469767
aligned,01,text,13,0.00851181149482727,0.00851181149482727,0.18437175818365972
aligned,01,text,14,-0.000881582498550415,0.0,0.0
aligned,01,text,15,-0.01247599720954895,0.0,0.0
aligned,01,text,16,0.0018453001976013184,0.0018453001976013184,0.03997048595532999
aligned,01,text,17,0.003131002187728882,0.003131002187728882,0.06781968545464992
aligned,01,text,18,-0.004044145345687866,0.0,0.0
aligned,01,text,19,-0.010832786560058594,0.0,0.0
aligned,01,text,20,0.0018768608570098877,0.0018768608570098877,0.04065411179315896
aligned,01,text,21,0.00032651424407958984,0.00032651424407958984,0.007072525665018175
aligned,01,text,22,0.0010211467742919922,0.0010211467742919922,0.022118749487603392
aligned,01,text,23,-0.0042685866355896,0.0,0.0
aligned,01,text,24,0.0,0.0,0.0
aligned,01,text,25,0.0,0.0,0.0
aligned,01,text,26,0.0,0.0,0.0
aligned,01,text,27,0.0,0.0,0.0
aligned,01,text,28,0.0,0.0,0.0
aligned,01,text,29,0.0,0.0,0.0
aligned,01,text,30,0.0,0.0,0.0
aligned,01,text,31,0.0,0.0,0.0
aligned,01,text,32,0.0,0.0,0.0
aligned,01,text,33,0.0,0.0,0.0
aligned,01,text,34,0.0,0.0,0.0
aligned,01,text,35,0.0,0.0,0.0
aligned,01,text,36,0.0,0.0,0.0
aligned,01,text,37,0.0,0.0,0.0
aligned,01,text,38,0.0,0.0,0.0
aligned,01,text,39,0.0,0.0,0.0
aligned,01,text,40,0.0,0.0,0.0
aligned,01,text,41,0.0,0.0,0.0
aligned,01,text,42,0.0,0.0,0.0
aligned,01,text,43,0.0,0.0,0.0
aligned,01,text,44,0.0,0.0,0.0
aligned,01,text,45,0.0,0.0,0.0
aligned,01,text,46,0.0,0.0,0.0
aligned,01,text,47,0.0,0.0,0.0
aligned,01,text,48,0.0,0.0,0.0
aligned,01,text,49,0.0,0.0,0.0
aligned,02,text,0,-0.0014303922653198242,0.0,0.0
aligned,02,text,1,0.0032512545585632324,0.0032512545585632324,0.011999476877628193
aligned,02,text,2,0.00451052188873291,0.00451052188873291,0.016647082575350355
aligned,02,text,3,0.0017732977867126465,0.0017732977867126465,0.006544749236187441
aligned,02,text,4,-0.002862215042114258,0.0,0.0
aligned,02,text,5,0.015298247337341309,0.015298247337341309,0.05646157871864277
aligned,02,text,6,-0.014354050159454346,0.0,0.0
aligned,02,text,7,0.0010683536529541016,0.0010683536529541016,0.003942996380270367
aligned,02,text,8,-0.01179593801498413,0.0,0.0
aligned,02,text,9,-0.004749774932861328,0.0,0.0
aligned,02,text,10,0.003082573413848877,0.003082573413848877,0.011376921658025138
aligned,02,text,11,0.004187881946563721,0.004187881946563721,0.015456308227749177
aligned,02,text,12,0.02887946367263794,0.02887946367263794,0.10658607326375014
aligned,02,text,13,0.01889801025390625,0.01889801025390625,0.06974730307648971
aligned,02,text,14,-0.0018086433410644531,0.0,0.0
aligned,02,text,15,0.025635719299316406,0.025635719299316406,0.09461431439236576
aligned,02,text,16,0.010204315185546875,0.010204315185546875,0.03766129102333669
aligned,02,text,17,0.04033374786376953,0.04033374786376953,0.14886065245326904
aligned,02,text,18,0.07188954949378967,0.07188954949378967,0.2653243452198483
aligned,02,text,19,0.017355263233184814,0.017355263233184814,0.06405345263515196
aligned,02,text,20,0.024581491947174072,0.024581491947174072,0.09072345426193494
aligned,02,text,21,-5.960464477539063e-08,0.0,0.0
aligned,02,text,22,-5.960464477539063e-08,0.0,0.0
aligned,02,text,23,-5.960464477539063e-08,0.0,0.0
aligned,02,text,24,-5.960464477539063e-08,0.0,0.0
aligned,02,text,25,-5.960464477539063e-08,0.0,0.0
aligned,02,text,26,-5.960464477539063e-08,0.0,0.0
aligned,02,text,27,-5.960464477539063e-08,0.0,0.0
aligned,02,text,28,-5.960464477539063e-08,0.0,0.0
aligned,02,text,29,-5.960464477539063e-08,0.0,0.0
aligned,02,text,30,-5.960464477539063e-08,0.0,0.0
aligned,02,text,31,-5.960464477539063e-08,0.0,0.0
aligned,02,text,32,-5.960464477539063e-08,0.0,0.0
aligned,02,text,33,-5.960464477539063e-08,0.0,0.0
aligned,02,text,34,-5.960464477539063e-08,0.0,0.0
aligned,02,text,35,-5.960464477539063e-08,0.0,0.0
aligned,02,text,36,-5.960464477539063e-08,0.0,0.0
aligned,02,text,37,-5.960464477539063e-08,0.0,0.0
aligned,02,text,38,-5.960464477539063e-08,0.0,0.0
aligned,02,text,39,-5.960464477539063e-08,0.0,0.0
aligned,02,text,40,-5.960464477539063e-08,0.0,0.0
aligned,02,text,41,-5.960464477539063e-08,0.0,0.0
aligned,02,text,42,-5.960464477539063e-08,0.0,0.0
aligned,02,text,43,-5.960464477539063e-08,0.0,0.0
aligned,02,text,44,-5.960464477539063e-08,0.0,0.0
aligned,02,text,45,-5.960464477539063e-08,0.0,0.0
aligned,02,text,46,-5.960464477539063e-08,0.0,0.0
aligned,02,text,47,-5.960464477539063e-08,0.0,0.0
aligned,02,text,48,-5.960464477539063e-08,0.0,0.0
aligned,02,text,49,-5.960464477539063e-08,0.0,0.0
aligned,03,text,0,0.012612849473953247,0.012612849473953247,0.022620526565677628
aligned,03,text,1,-0.015589475631713867,0.0,0.0
aligned,03,text,2,-0.025063514709472656,0.0,0.0
aligned,03,text,3,0.0007671117782592773,0.0007671117782592773,0.0013757773288892983
aligned,03,text,4,-0.006222784519195557,0.0,0.0
aligned,03,text,5,0.004447966814041138,0.004447966814041138,0.007977210200442847
aligned,03,text,6,-0.010778933763504028,0.0,0.0
aligned,03,text,7,-0.023127496242523193,0.0,0.0
aligned,03,text,8,-0.04196310043334961,0.0,0.0
aligned,03,text,9,-0.02066519856452942,0.0,0.0
aligned,03,text,10,-0.021244823932647705,0.0,0.0
aligned,03,text,11,-0.025706768035888672,0.0,0.0
aligned,03,text,12,-0.014962643384933472,0.0,0.0
aligned,03,text,13,-0.019029706716537476,0.0,0.0
aligned,03,text,14,0.0130423903465271,0.0130423903465271,0.023390887041251886
aligned,03,text,15,-0.007267743349075317,0.0,0.0
aligned,03,text,16,-0.022084206342697144,0.0,0.0
aligned,03,text,17,-0.004710137844085693,0.0,0.0
aligned,03,text,18,0.02294066548347473,0.02294066548347473,0.041142957749151325
aligned,03,text,19,0.00965738296508789,0.00965738296508789,0.017320042419266483
aligned,03,text,20,0.05758941173553467,0.05758941173553467,0.10328378379172891
aligned,03,text,21,0.054566025733947754,0.054566025733947754,0.09786148936821835
aligned,03,text,22,0.006739586591720581,0.006739586591720581,0.01208711781223825
aligned,03,text,23,0.036834120750427246,0.036834120750427246,0.06606018795983179
aligned,03,text,24,0.06612223386764526,0.06612223386764526,0.11858698154400593
aligned,03,text,25,0.041318684816360474,0.041318684816360474,0.07410303353556119
aligned,03,text,26,0.03872796893119812,0.03872796893119812,0.06945671173290592
aligned,03,text,27,0.01132550835609436,0.01132550835609436,0.02031174344606993
aligned,03,text,28,0.0575408935546875,0.0575408935546875,0.1031967688153718
aligned,03,text,29,-0.0026174187660217285,0.0,0.0
aligned,03,text,30,0.012135535478591919,0.012135535478591919,0.021764487338813174
aligned,03,text,31,0.06343075633049011,0.06343075633049011,0.11375994866330191
aligned,03,text,32,0.03739893436431885,0.03739893436431885,0.06707315345855401
aligned,03,text,33,0.010385334491729736,0.010385334491729736,0.018625587758639057
aligned,03,text,34,-0.013938695192337036,0.0,0.0
aligned,03,text,35,5.960464477539063e-08,5.960464477539063e-08,1.0689800535270382e-07
aligned,03,text,36,5.960464477539063e-08,5.960464477539063e-08,1.0689800535270382e-07
aligned,03,text,37,5.960464477539063e-08,5.960464477539063e-08,1.0689800535270382e-07
aligned,03,text,38,5.960464477539063e-08,5.960464477539063e-08,1.0689800535270382e-07
aligned,03,text,39,5.960464477539063e-08,5.960464477539063e-08,1.0689800535270382e-07
aligned,03,text,40,5.960464477539063e-08,5.960464477539063e-08,1.0689800535270382e-07
aligned,03,text,41,5.960464477539063e-08,5.960464477539063e-08,1.0689800535270382e-07
aligned,03,text,42,5.960464477539063e-08,5.960464477539063e-08,1.0689800535270382e-07
aligned,03,text,43,5.960464477539063e-08,5.960464477539063e-08,1.0689800535270382e-07
aligned,03,text,44,5.960464477539063e-08,5.960464477539063e-08,1.0689800535270382e-07
aligned,03,text,45,5.960464477539063e-08,5.960464477539063e-08,1.0689800535270382e-07
aligned,03,text,46,5.960464477539063e-08,5.960464477539063e-08,1.0689800535270382e-07
aligned,03,text,47,5.960464477539063e-08,5.960464477539063e-08,1.0689800535270382e-07
aligned,03,text,48,5.960464477539063e-08,5.960464477539063e-08,1.0689800535270382e-07
aligned,03,text,49,5.960464477539063e-08,5.960464477539063e-08,1.0689800535270382e-07
aligned,04,text,0,0.007233679294586182,0.007233679294586182,0.024917877012729243
aligned,04,text,1,0.015551388263702393,0.015551388263702393,0.05356991433421094
aligned,04,text,2,0.01104205846786499,0.01104205846786499,0.038036612305379455
aligned,04,text,3,0.006558835506439209,0.006558835506439209,0.022593240568252678
aligned,04,text,4,0.010617554187774658,0.010617554187774658,0.03657432112382477
aligned,04,text,5,0.012503325939178467,0.012503325939178467,0.04307024479723491
aligned,04,text,6,0.005562245845794678,0.005562245845794678,0.019160285140620795
aligned,04,text,7,0.0082436203956604,0.0082436203956604,0.02839682418771696
aligned,04,text,8,0.011695325374603271,0.011695325374603271,0.04028692280100418
aligned,04,text,9,0.0066149234771728516,0.0066149234771728516,0.022786446971207318
aligned,04,text,10,0.01685464382171631,0.01685464382171631,0.05805924270892213
aligned,04,text,11,0.012028276920318604,0.012028276920318604,0.04143384200069029
aligned,04,text,12,0.015068292617797852,0.015068292617797852,0.0519057932970724
aligned,04,text,13,0.012388825416564941,0.012388825416564941,0.042675824499598496
aligned,04,text,14,0.01003807783126831,0.01003807783126831,0.0345781971604613
aligned,04,text,15,0.013342499732971191,0.013342499732971191,0.045960949310729485
aligned,04,text,16,0.007212162017822266,0.007212162017822266,0.0248437563841781
aligned,04,text,17,0.001385331153869629,0.001385331153869629,0.004772054428769152
aligned,04,text,18,-0.001981019973754883,0.0,0.0
aligned,04,text,19,0.005755603313446045,0.005755603313446045,0.0198263441960776
aligned,04,text,20,-0.00024515390396118164,0.0,0.0
aligned,04,text,21,0.016221046447753906,0.016221046447753906,0.05587668791252698
aligned,04,text,22,0.011016488075256348,0.011016488075256348,0.037948529896381006
aligned,04,text,23,0.016323387622833252,0.016323387622833252,0.056229222868821475
aligned,04,text,24,0.017718970775604248,0.017718970775604248,0.061036592389310286
aligned,04,text,25,0.017478585243225098,0.017478585243225098,0.06020853561660458
aligned,04,text,26,0.017583370208740234,0.017583370208740234,0.060569488705227596
aligned,04,text,27,0.004262268543243408,0.004262268543243408,0.014682249382447866
aligned,04,text,28,0.0,0.0,0.0
aligned,04,text,29,0.0,0.0,0.0
aligned,04,text,30,0.0,0.0,0.0
aligned,04,text,31,0.0,0.0,0.0
aligned,04,text,32,0.0,0.0,0.0
aligned,04,text,33,0.0,0.0,0.0
aligned,04,text,34,0.0,0.0,0.0
aligned,04,text,35,0.0,0.0,0.0
aligned,04,text,36,0.0,0.0,0.0
aligned,04,text,37,0.0,0.0,0.0
aligned,04,text,38,0.0,0.0,0.0
aligned,04,text,39,0.0,0.0,0.0
aligned,04,text,40,0.0,0.0,0.0
aligned,04,text,41,0.0,0.0,0.0
aligned,04,text,42,0.0,0.0,0.0
aligned,04,text,43,0.0,0.0,0.0
aligned,04,text,44,0.0,0.0,0.0
aligned,04,text,45,0.0,0.0,0.0
aligned,04,text,46,0.0,0.0,0.0
aligned,04,text,47,0.0,0.0,0.0
aligned,04,text,48,0.0,0.0,0.0
aligned,04,text,49,0.0,0.0,0.0
aligned,05,vision,0,-5.960464477539063e-08,0.0,0.0
aligned,05,vision,1,0.007951676845550537,0.007951676845550537,0.0841778545616766
aligned,05,vision,2,0.007991492748260498,0.007991492748260498,0.08459935273528968
aligned,05,vision,3,0.008141279220581055,0.008141279220581055,0.08618501876865745
aligned,05,vision,4,0.008209407329559326,0.008209407329559326,0.0869062349549445
aligned,05,vision,5,0.00780099630355835,0.00780099630355835,0.08258272374896124
aligned,05,vision,6,0.007205486297607422,0.007205486297607422,0.07627854971817043
aligned,05,vision,7,0.007284224033355713,0.007284224033355713,0.07711208128604898
aligned,05,vision,8,0.006386101245880127,0.006386101245880127,0.06760439493874079
aligned,05,vision,9,0.0056084394454956055,0.0056084394454956055,0.05937192986219912
aligned,05,vision,10,0.005423247814178467,0.005423247814178467,0.057411458566666435
aligned,05,vision,11,0.005482733249664307,0.005482733249664307,0.05804118188592669
aligned,05,vision,12,0.007203519344329834,0.007203519344329834,0.0762577272036057
aligned,05,vision,13,0.0039039254188537598,0.0039039254188537598,0.041327643528646416
aligned,05,vision,14,0.0026534199714660645,0.0026534199714660645,0.02808957214780452
aligned,05,vision,15,0.003216862678527832,0.003216862678527832,0.03405427609266145
aligned,05,vision,16,-5.960464477539063e-08,0.0,0.0
aligned,05,vision,17,-5.960464477539063e-08,0.0,0.0
aligned,05,vision,18,-5.960464477539063e-08,0.0,0.0
aligned,05,vision,19,-5.960464477539063e-08,0.0,0.0
aligned,05,vision,20,-5.960464477539063e-08,0.0,0.0
aligned,05,vision,21,-5.960464477539063e-08,0.0,0.0
aligned,05,vision,22,-5.960464477539063e-08,0.0,0.0
aligned,05,vision,23,-5.960464477539063e-08,0.0,0.0
aligned,05,vision,24,-5.960464477539063e-08,0.0,0.0
aligned,05,vision,25,-5.960464477539063e-08,0.0,0.0
aligned,05,vision,26,-5.960464477539063e-08,0.0,0.0
aligned,05,vision,27,-5.960464477539063e-08,0.0,0.0
aligned,05,vision,28,-5.960464477539063e-08,0.0,0.0
aligned,05,vision,29,-5.960464477539063e-08,0.0,0.0
aligned,05,vision,30,-5.960464477539063e-08,0.0,0.0
aligned,05,vision,31,-5.960464477539063e-08,0.0,0.0
aligned,05,vision,32,-5.960464477539063e-08,0.0,0.0
aligned,05,vision,33,-5.960464477539063e-08,0.0,0.0
aligned,05,vision,34,-5.960464477539063e-08,0.0,0.0
aligned,05,vision,35,-5.960464477539063e-08,0.0,0.0
aligned,05,vision,36,-5.960464477539063e-08,0.0,0.0
aligned,05,vision,37,-5.960464477539063e-08,0.0,0.0
aligned,05,vision,38,-5.960464477539063e-08,0.0,0.0
aligned,05,vision,39,-5.960464477539063e-08,0.0,0.0
aligned,05,vision,40,-5.960464477539063e-08,0.0,0.0
aligned,05,vision,41,-5.960464477539063e-08,0.0,0.0
aligned,05,vision,42,-5.960464477539063e-08,0.0,0.0
aligned,05,vision,43,-5.960464477539063e-08,0.0,0.0
aligned,05,vision,44,-5.960464477539063e-08,0.0,0.0
aligned,05,vision,45,-5.960464477539063e-08,0.0,0.0
aligned,05,vision,46,-5.960464477539063e-08,0.0,0.0
aligned,05,vision,47,-5.960464477539063e-08,0.0,0.0
aligned,05,vision,48,-5.960464477539063e-08,0.0,0.0
aligned,05,vision,49,-5.960464477539063e-08,0.0,0.0
aligned,06,text,0,-0.0026958584785461426,0.0,0.0
aligned,06,text,1,0.0016060471534729004,0.0016060471534729004,0.019318264919407455
aligned,06,text,2,0.0060343146324157715,0.0060343146324157715,0.07258347827707891
aligned,06,text,3,-0.004109859466552734,0.0,0.0
aligned,06,text,4,0.005172789096832275,0.005172789096832275,0.06222065767417984
aligned,06,text,5,0.002329528331756592,0.002329528331756592,0.028020625267960717
aligned,06,text,6,0.008435189723968506,0.008435189723968506,0.10146229479048519
aligned,06,text,7,0.002307295799255371,0.002307295799255371,0.02775320226499397
aligned,06,text,8,-0.0031427741050720215,0.0,0.0
aligned,06,text,9,0.0019073486328125,0.0019073486328125,0.02294245601859486
aligned,06,text,10,-0.0010145902633666992,0.0,0.0
aligned,06,text,11,-0.005338072776794434,0.0,0.0
aligned,06,text,12,0.0032193660736083984,0.0032193660736083984,0.0387239979523858
aligned,06,text,13,0.001037299633026123,0.001037299633026123,0.012477111315362699
aligned,06,text,14,0.005429685115814209,0.005429685115814209,0.06531071971918434
aligned,06,text,15,0.004572510719299316,0.004572510719299316,0.05500023659407769
aligned,06,text,16,0.0015241503715515137,0.0015241503715515137,0.018333173214109037
aligned,06,text,17,0.0014746785163879395,0.0014746785163879395,0.017738103261126733
aligned,06,text,18,-0.0033171772956848145,0.0,0.0
aligned,06,text,19,0.001818537712097168,0.001818537712097168,0.021874197910229036
aligned,06,text,20,-0.0012857317924499512,0.0,0.0
aligned,06,text,21,1.1622905731201172e-05,1.1622905731201172e-05,0.00013980559136331244
aligned,06,text,22,-0.002713620662689209,0.0,0.0
aligned,06,text,23,-0.0022626519203186035,0.0,0.0
aligned,06,text,24,0.011238574981689453,0.011238574981689453,0.13518268647556556
aligned,06,text,25,0.007619619369506836,0.007619619369506836,0.09165224398728414
aligned,06,text,26,0.007465660572052002,0.007465660572052002,0.08980035761553319
aligned,06,text,27,0.0030282139778137207,0.0030282139778137207,0.036424733688272246
aligned,06,text,28,-0.002605915069580078,0.0,0.0
aligned,06,text,29,-0.0033618807792663574,0.0,0.0
aligned,06,text,30,0.001074075698852539,0.001074075698852539,0.012919470545471231
aligned,06,text,31,0.003999054431915283,0.003999054431915283,0.04810244380173703
aligned,06,text,32,-0.0027367472648620605,0.0,0.0
aligned,06,text,33,0.0018306374549865723,0.0018306374549865723,0.022019739115596997
aligned,06,text,34,-0.00035834312438964844,0.0,0.0
aligned,06,text,35,-0.00023680925369262695,0.0,0.0
aligned,06,text,36,-0.004517078399658203,0.0,0.0
aligned,06,text,37,0.0,0.0,0.0
aligned,06,text,38,0.0,0.0,0.0
aligned,06,text,39,0.0,0.0,0.0
aligned,06,text,40,0.0,0.0,0.0
aligned,06,text,41,0.0,0.0,0.0
aligned,06,text,42,0.0,0.0,0.0
aligned,06,text,43,0.0,0.0,0.0
aligned,06,text,44,0.0,0.0,0.0
aligned,06,text,45,0.0,0.0,0.0
aligned,06,text,46,0.0,0.0,0.0
aligned,06,text,47,0.0,0.0,0.0
aligned,06,text,48,0.0,0.0,0.0
aligned,06,text,49,0.0,0.0,0.0
aligned,07,text,0,0.0021738409996032715,0.0021738409996032715,0.019891160647669413
aligned,07,text,1,-5.78761100769043e-05,0.0,0.0
aligned,07,text,2,-0.003988504409790039,0.0,0.0
aligned,07,text,3,-0.0036600232124328613,0.0,0.0
aligned,07,text,4,-0.000607907772064209,0.0,0.0
aligned,07,text,5,-9.119510650634766e-06,0.0,0.0
aligned,07,text,6,-0.004371583461761475,0.0,0.0
aligned,07,text,7,-0.0006188154220581055,0.0,0.0
aligned,07,text,8,-0.005037248134613037,0.0,0.0
aligned,07,text,9,-0.007578849792480469,0.0,0.0
aligned,07,text,10,-0.006785154342651367,0.0,0.0
aligned,07,text,11,-0.0090104341506958,0.0,0.0
aligned,07,text,12,-0.0024206042289733887,0.0,0.0
aligned,07,text,13,-0.0027614831924438477,0.0,0.0
aligned,07,text,14,0.006080329418182373,0.006080329418182373,0.05563645605630239
aligned,07,text,15,0.006429910659790039,0.006429910659790039,0.05883520731616861
aligned,07,text,16,0.0001537799835205078,0.0001537799835205078,0.00140712331636059
aligned,07,text,17,0.0027463436126708984,0.0027463436126708984,0.025129695319624244
aligned,07,text,18,-0.002553284168243408,0.0,0.0
aligned,07,text,19,0.006948530673980713,0.006948530673980713,0.06358070343076298
aligned,07,text,20,0.0030945539474487305,0.0030945539474487305,0.02831590245690276
aligned,07,text,21,0.01448369026184082,0.01448369026184082,0.13252920053579764
aligned,07,text,22,0.011785328388214111,0.011785328388214111,0.10783854950674328
aligned,07,text,23,0.008390545845031738,0.008390545845031738,0.07677548420313189
aligned,07,text,24,0.008048951625823975,0.008048951625823975,0.07364981609225493
aligned,07,text,25,0.0014638900756835938,0.0014638900756835938,0.013394941337138021
aligned,07,text,26,0.0015063881874084473,0.0015063881874084473,0.013783809137357052
aligned,07,text,27,0.00160902738571167,0.00160902738571167,0.014722982141532608
aligned,07,text,28,-0.0009468197822570801,0.0,0.0
aligned,07,text,29,0.004715442657470703,0.004715442657470703,0.043147418528650776
aligned,07,text,30,0.0028102993965148926,0.0028102993965148926,0.02571490590817266
aligned,07,text,31,0.0031655430793762207,0.0031655430793762207,0.02896546984829247
aligned,07,text,32,0.0011143088340759277,0.0011143088340759277,0.010196190077271796
aligned,07,text,33,-0.007539808750152588,0.0,0.0
aligned,07,text,34,-0.004273891448974609,0.0,0.0
aligned,07,text,35,-0.0014517903327941895,0.0,0.0
aligned,07,text,36,-0.0019479990005493164,0.0,0.0
aligned,07,text,37,-0.003975927829742432,0.0,0.0
aligned,07,text,38,-0.0039917826652526855,0.0,0.0
aligned,07,text,39,-0.00828176736831665,0.0,0.0
aligned,07,text,40,-0.005686461925506592,0.0,0.0
aligned,07,text,41,-0.006140232086181641,0.0,0.0
aligned,07,text,42,0.0001621246337890625,0.0001621246337890625,0.0014834788451553507
aligned,07,text,43,-0.00129622220993042,0.0,0.0
aligned,07,text,44,0.005187869071960449,0.005187869071960449,0.04747023225170273
aligned,07,text,45,0.0027184486389160156,0.0027184486389160156,0.024874449694796043
aligned,07,text,46,0.0036845803260803223,0.0036845803260803223,0.03371478373932659
aligned,07,text,47,0.0018239021301269531,0.0018239021301269531,0.016689137007997696
aligned,07,text,48,-0.0037540197372436523,0.0,0.0
aligned,07,text,49,0.008989155292510986,0.008989155292510986,0.08225290260088747
aligned,08,text,0,0.03570374846458435,0.03570374846458435,0.0675861471356424
aligned,08,text,1,0.019733548164367676,0.019733548164367676,0.0373550270518008
aligned,08,text,2,0.10446828603744507,0.10446828603744507,0.1977553969757202
aligned,08,text,3,0.06710726022720337,0.06710726022720337,0.1270320725031024
aligned,08,text,4,0.024133265018463135,0.024133265018463135,0.045683561825986256
aligned,08,text,5,0.04269436001777649,0.04269436001777649,0.08081916947420222
aligned,08,text,6,0.046378105878829956,0.046378105878829956,0.08779239218840643
aligned,08,text,7,0.0038658082485198975,0.0038658082485198975,0.007317861466053422
aligned,08,text,8,0.0403938889503479,0.0403938889503479,0.0764644453141118
aligned,08,text,9,0.039214879274368286,0.039214879274368286,0.0742326146279264
aligned,08,text,10,0.04809218645095825,0.04809218645095825,0.09103709636463943
aligned,08,text,11,0.011572510004043579,0.011572510004043579,0.021906421524278134
aligned,08,text,12,0.044912368059158325,0.044912368059158325,0.08501779354813013
aligned,08,text,13,-5.960464477539063e-08,0.0,0.0
aligned,08,text,14,-5.960464477539063e-08,0.0,0.0
aligned,08,text,15,-5.960464477539063e-08,0.0,0.0
aligned,08,text,16,-5.960464477539063e-08,0.0,0.0
aligned,08,text,17,-5.960464477539063e-08,0.0,0.0
aligned,08,text,18,-5.960464477539063e-08,0.0,0.0
aligned,08,text,19,-5.960464477539063e-08,0.0,0.0
aligned,08,text,20,-5.960464477539063e-08,0.0,0.0
aligned,08,text,21,-5.960464477539063e-08,0.0,0.0
aligned,08,text,22,-5.960464477539063e-08,0.0,0.0
aligned,08,text,23,-5.960464477539063e-08,0.0,0.0
aligned,08,text,24,-5.960464477539063e-08,0.0,0.0
aligned,08,text,25,-5.960464477539063e-08,0.0,0.0
aligned,08,text,26,-5.960464477539063e-08,0.0,0.0
aligned,08,text,27,-5.960464477539063e-08,0.0,0.0
aligned,08,text,28,-5.960464477539063e-08,0.0,0.0
aligned,08,text,29,-5.960464477539063e-08,0.0,0.0
aligned,08,text,30,-5.960464477539063e-08,0.0,0.0
aligned,08,text,31,-5.960464477539063e-08,0.0,0.0
aligned,08,text,32,-5.960464477539063e-08,0.0,0.0
aligned,08,text,33,-5.960464477539063e-08,0.0,0.0
aligned,08,text,34,-5.960464477539063e-08,0.0,0.0
aligned,08,text,35,-5.960464477539063e-08,0.0,0.0
aligned,08,text,36,-5.960464477539063e-08,0.0,0.0
aligned,08,text,37,-5.960464477539063e-08,0.0,0.0
aligned,08,text,38,-5.960464477539063e-08,0.0,0.0
aligned,08,text,39,-5.960464477539063e-08,0.0,0.0
aligned,08,text,40,-5.960464477539063e-08,0.0,0.0
aligned,08,text,41,-5.960464477539063e-08,0.0,0.0
aligned,08,text,42,-5.960464477539063e-08,0.0,0.0
aligned,08,text,43,-5.960464477539063e-08,0.0,0.0
aligned,08,text,44,-5.960464477539063e-08,0.0,0.0
aligned,08,text,45,-5.960464477539063e-08,0.0,0.0
aligned,08,text,46,-5.960464477539063e-08,0.0,0.0
aligned,08,text,47,-5.960464477539063e-08,0.0,0.0
aligned,08,text,48,-5.960464477539063e-08,0.0,0.0
aligned,08,text,49,-5.960464477539063e-08,0.0,0.0
aligned,09,text,0,0.0012867450714111328,0.0012867450714111328,0.05563042923664063
aligned,09,text,1,0.0024858713150024414,0.0024858713150024414,0.10747279422565009
aligned,09,text,2,0.0010013580322265625,0.0010013580322265625,0.04329216283007053
aligned,09,text,3,0.0012119412422180176,0.0012119412422180176,0.0523964015966562
aligned,09,text,4,0.0008919239044189453,0.0008919239044189453,0.03856094789221282
aligned,09,text,5,-0.00030046701431274414,0.0,0.0
aligned,09,text,6,0.0017554759979248047,0.0017554759979248047,0.07589528450424031
aligned,09,text,7,0.0018352270126342773,0.0018352270126342773,0.07934319604392093
aligned,09,text,8,0.0009313821792602539,0.0009313821792602539,0.04026686526087393
aligned,09,text,9,0.0014879703521728516,0.0014879703521728516,0.06433009243392147
aligned,09,text,10,0.002866685390472412,0.002866685390472412,0.12393670067334775
aligned,09,text,11,0.0007541179656982422,0.0007541179656982422,0.03260312167416978
aligned,09,text,12,-0.0007125735282897949,0.0,0.0
aligned,09,text,13,-0.0004743337631225586,0.0,0.0
aligned,09,text,14,-0.0008672475814819336,0.0,0.0
aligned,09,text,15,-0.002203226089477539,0.0,0.0
aligned,09,text,16,-0.0010509490966796875,0.0,0.0
aligned,09,text,17,0.0009450912475585938,0.0009450912475585938,0.04085955558533323
aligned,09,text,18,0.00461268424987793,0.00461268424987793,0.1994222557793749
aligned,09,text,19,0.0010637640953063965,0.0010637640953063965,0.04599019226358743
aligned,09,text,20,0.0,0.0,0.0
aligned,09,text,21,0.0,0.0,0.0
aligned,09,text,22,0.0,0.0,0.0
aligned,09,text,23,0.0,0.0,0.0
aligned,09,text,24,0.0,0.0,0.0
aligned,09,text,25,0.0,0.0,0.0
aligned,09,text,26,0.0,0.0,0.0
aligned,09,text,27,0.0,0.0,0.0
aligned,09,text,28,0.0,0.0,0.0
aligned,09,text,29,0.0,0.0,0.0
aligned,09,text,30,0.0,0.0,0.0
aligned,09,text,31,0.0,0.0,0.0
aligned,09,text,32,0.0,0.0,0.0
aligned,09,text,33,0.0,0.0,0.0
aligned,09,text,34,0.0,0.0,0.0
aligned,09,text,35,0.0,0.0,0.0
aligned,09,text,36,0.0,0.0,0.0
aligned,09,text,37,0.0,0.0,0.0
aligned,09,text,38,0.0,0.0,0.0
aligned,09,text,39,0.0,0.0,0.0
aligned,09,text,40,0.0,0.0,0.0
aligned,09,text,41,0.0,0.0,0.0
aligned,09,text,42,0.0,0.0,0.0
aligned,09,text,43,0.0,0.0,0.0
aligned,09,text,44,0.0,0.0,0.0
aligned,09,text,45,0.0,0.0,0.0
aligned,09,text,46,0.0,0.0,0.0
aligned,09,text,47,0.0,0.0,0.0
aligned,09,text,48,0.0,0.0,0.0
aligned,09,text,49,0.0,0.0,0.0
aligned,10,text,0,0.008928477764129639,0.008928477764129639,0.04796666429707278
aligned,10,text,1,0.013937413692474365,0.013937413692474365,0.07487628478419724
aligned,10,text,2,0.0015306472778320312,0.0015306472778320312,0.00822313120697506
aligned,10,text,3,0.0031229257583618164,0.0031229257583618164,0.016777365126878944
aligned,10,text,4,-0.002828657627105713,0.0,0.0
aligned,10,text,5,0.0004354119300842285,0.0004354119300842285,0.002339173421610312
aligned,10,text,6,-0.005188941955566406,0.0,0.0
aligned,10,text,7,2.8789043426513672e-05,2.8789043426513672e-05,0.00015466403321530195
aligned,10,text,8,-0.005415081977844238,0.0,0.0
aligned,10,text,9,-0.0003191232681274414,0.0,0.0
aligned,10,text,10,-0.0015593767166137695,0.0,0.0
aligned,10,text,11,0.016658365726470947,0.016658365726470947,0.08949411732307619
aligned,10,text,12,0.01503664255142212,0.01503664255142212,0.08078169700067053
aligned,10,text,13,0.005147397518157959,0.005147397518157959,0.027653480837350437
aligned,10,text,14,0.008899331092834473,0.008899331092834473,0.047810078971519405
aligned,10,text,15,0.0037107467651367188,0.0037107467651367188,0.019935329299900283
aligned,10,text,16,0.006085455417633057,0.006085455417633057,0.032693030640129774
aligned,10,text,17,0.002827167510986328,0.002827167510986328,0.015188456363288203
aligned,10,text,18,-0.004503071308135986,0.0,0.0
aligned,10,text,19,-0.003513634204864502,0.0,0.0
aligned,10,text,20,0.009966671466827393,0.009966671466827393,0.053544175954514044
aligned,10,text,21,-0.006952524185180664,0.0,0.0
aligned,10,text,22,0.0018031001091003418,0.0018031001091003418,0.009686835753201032
aligned,10,text,23,0.008793830871582031,0.008793830871582031,0.04724329773178631
aligned,10,text,24,0.0074225664138793945,0.0074225664138793945,0.039876422476814805
aligned,10,text,25,0.0011913180351257324,0.0011913180351257324,0.006400144993528447
aligned,10,text,26,0.008449018001556396,0.008449018001556396,0.04539085170248916
aligned,10,text,27,0.00931549072265625,0.00931549072265625,0.050045822822263164
aligned,10,text,28,0.016688883304595947,0.016688883304595947,0.0896580676025922
aligned,10,text,29,0.008226931095123291,0.008226931095123291,0.04419772916054255
aligned,10,text,30,0.021858692169189453,0.021858692169189453,0.11743194942646222
aligned,10,text,31,0.006072878837585449,0.006072878837585449,0.032625465192907356
aligned,10,text,32,5.960464477539063e-08,5.960464477539063e-08,3.202153896797142e-07
aligned,10,text,33,5.960464477539063e-08,5.960464477539063e-08,3.202153896797142e-07
aligned,10,text,34,5.960464477539063e-08,5.960464477539063e-08,3.202153896797142e-07
aligned,10,text,35,5.960464477539063e-08,5.960464477539063e-08,3.202153896797142e-07
aligned,10,text,36,5.960464477539063e-08,5.960464477539063e-08,3.202153896797142e-07
aligned,10,text,37,5.960464477539063e-08,5.960464477539063e-08,3.202153896797142e-07
aligned,10,text,38,5.960464477539063e-08,5.960464477539063e-08,3.202153896797142e-07
aligned,10,text,39,5.960464477539063e-08,5.960464477539063e-08,3.202153896797142e-07
aligned,10,text,40,5.960464477539063e-08,5.960464477539063e-08,3.202153896797142e-07
aligned,10,text,41,5.960464477539063e-08,5.960464477539063e-08,3.202153896797142e-07
aligned,10,text,42,5.960464477539063e-08,5.960464477539063e-08,3.202153896797142e-07
aligned,10,text,43,5.960464477539063e-08,5.960464477539063e-08,3.202153896797142e-07
aligned,10,text,44,5.960464477539063e-08,5.960464477539063e-08,3.202153896797142e-07
aligned,10,text,45,5.960464477539063e-08,5.960464477539063e-08,3.202153896797142e-07
aligned,10,text,46,5.960464477539063e-08,5.960464477539063e-08,3.202153896797142e-07
aligned,10,text,47,5.960464477539063e-08,5.960464477539063e-08,3.202153896797142e-07
aligned,10,text,48,5.960464477539063e-08,5.960464477539063e-08,3.202153896797142e-07
aligned,10,text,49,5.960464477539063e-08,5.960464477539063e-08,3.202153896797142e-07
aligned,11,text,0,0.048358798027038574,0.048358798027038574,0.09609762343375547
aligned,11,text,1,0.004727542400360107,0.004727542400360107,0.009394476452928065
aligned,11,text,2,-0.010738492012023926,0.0,0.0
aligned,11,text,3,0.01248478889465332,0.01248478889465332,0.024809519483455996
aligned,11,text,4,0.05963093042373657,0.05963093042373657,0.11849737649932303
aligned,11,text,5,0.050721943378448486,0.050721943378448486,0.10079361798622649
aligned,11,text,6,0.07551515102386475,0.07551515102386475,0.1500621777773935
aligned,11,text,7,0.11200922727584839,0.11200922727584839,0.22258246654191235
aligned,11,text,8,-0.012793958187103271,0.0,0.0
aligned,11,text,9,0.004228174686431885,0.004228174686431885,0.008402143051646702
aligned,11,text,10,-0.017589032649993896,0.0,0.0
aligned,11,text,11,0.00396043062210083,0.00396043062210083,0.00787008747292196
aligned,11,text,12,-0.029607295989990234,0.0,0.0
aligned,11,text,13,0.013082802295684814,0.013082802295684814,0.025997879595064485
aligned,11,text,14,0.07557046413421631,0.07557046413421631,0.15017209486934732
aligned,11,text,15,0.04293549060821533,0.04293549060821533,0.08532053683602467
aligned,11,text,16,0.0,0.0,0.0
aligned,11,text,17,0.0,0.0,0.0
aligned,11,text,18,0.0,0.0,0.0
aligned,11,text,19,0.0,0.0,0.0
aligned,11,text,20,0.0,0.0,0.0
aligned,11,text,21,0.0,0.0,0.0
aligned,11,text,22,0.0,0.0,0.0
aligned,11,text,23,0.0,0.0,0.0
aligned,11,text,24,0.0,0.0,0.0
aligned,11,text,25,0.0,0.0,0.0
aligned,11,text,26,0.0,0.0,0.0
aligned,11,text,27,0.0,0.0,0.0
aligned,11,text,28,0.0,0.0,0.0
aligned,11,text,29,0.0,0.0,0.0
aligned,11,text,30,0.0,0.0,0.0
aligned,11,text,31,0.0,0.0,0.0
aligned,11,text,32,0.0,0.0,0.0
aligned,11,text,33,0.0,0.0,0.0
aligned,11,text,34,0.0,0.0,0.0
aligned,11,text,35,0.0,0.0,0.0
aligned,11,text,36,0.0,0.0,0.0
aligned,11,text,37,0.0,0.0,0.0
aligned,11,text,38,0.0,0.0,0.0
aligned,11,text,39,0.0,0.0,0.0
aligned,11,text,40,0.0,0.0,0.0
aligned,11,text,41,0.0,0.0,0.0
aligned,11,text,42,0.0,0.0,0.0
aligned,11,text,43,0.0,0.0,0.0
aligned,11,text,44,0.0,0.0,0.0
aligned,11,text,45,0.0,0.0,0.0
aligned,11,text,46,0.0,0.0,0.0
aligned,11,text,47,0.0,0.0,0.0
aligned,11,text,48,0.0,0.0,0.0
aligned,11,text,49,0.0,0.0,0.0
aligned,12,text,0,-0.004745006561279297,0.0,0.0
aligned,12,text,1,-0.0011990666389465332,0.0,0.0
aligned,12,text,2,0.00021713972091674805,0.00021713972091674805,0.0015199014045841528
aligned,12,text,3,5.543231964111328e-05,5.543231964111328e-05,0.00038800667204591326
aligned,12,text,4,-0.0034633278846740723,0.0,0.0
aligned,12,text,5,-0.0015635490417480469,0.0,0.0
aligned,12,text,6,0.000747978687286377,0.000747978687286377,0.005235586803767921
aligned,12,text,7,0.007153451442718506,0.007153451442718506,0.05007163521031213
aligned,12,text,8,0.005884230136871338,0.005884230136871338,0.04118753405488667
aligned,12,text,9,0.0032891035079956055,0.0032891035079956055,0.02302256363100816
aligned,12,text,10,0.0018074512481689453,0.0018074512481689453,0.012651520777548683
aligned,12,text,11,0.00012826919555664062,0.00012826919555664062,0.000897839094884737
aligned,12,text,12,0.0013549327850341797,0.0013549327850341797,0.009484051256933012
aligned,12,text,13,0.0030069947242736816,0.0030069947242736816,0.021047901718327183
aligned,12,text,14,0.005582273006439209,0.005582273006439209,0.03907394072092474
aligned,12,text,15,0.005694866180419922,0.005694866180419922,0.0398620531978008
aligned,12,text,16,0.005067348480224609,0.005067348480224609,0.03546965078565093
aligned,12,text,17,-0.0006740093231201172,0.0,0.0
aligned,12,text,18,0.006630420684814453,0.006630420684814453,0.04641060451439505
aligned,12,text,19,0.0014913082122802734,0.0014913082122802734,0.010438631112461022
aligned,12,text,20,-0.00020313262939453125,0.0,0.0
aligned,12,text,21,-0.001784205436706543,0.0,0.0
aligned,12,text,22,0.0033012032508850098,0.0033012032508850098,0.02310725756049775
aligned,12,text,23,0.005617737770080566,0.005617737770080566,0.03932218154873906
aligned,12,text,24,0.007809758186340332,0.007809758186340332,0.054665550765040684
aligned,12,text,25,-0.0015524625778198242,0.0,0.0
aligned,12,text,26,0.0068762898445129395,0.0068762898445129395,0.04813160185008256
aligned,12,text,27,0.0015718340873718262,0.0015718340873718262,0.011002283815615892
aligned,12,text,28,-0.003304719924926758,0.0,0.0
aligned,12,text,29,-0.0002282857894897461,0.0,0.0
aligned,12,text,30,0.00935739278793335,0.00935739278793335,0.06549844672167739
aligned,12,text,31,0.0005107522010803223,0.0005107522010803223,0.0035750851320015386
aligned,12,text,32,0.003008902072906494,0.003008902072906494,0.021061252485537363
aligned,12,text,33,0.009391963481903076,0.009391963481903076,0.06574042937736194
aligned,12,text,34,0.011251509189605713,0.011251509189605713,0.07875659298433872
aligned,12,text,35,0.002854585647583008,0.002854585647583008,0.01998109197593858
aligned,12,text,36,0.006676018238067627,0.006676018238067627,0.04672977129301346
aligned,12,text,37,0.002000570297241211,0.002000570297241211,0.014003285957579607
aligned,12,text,38,0.0020444393157958984,0.0020444393157958984,0.01431035360341379
aligned,12,text,39,0.002338111400604248,0.002338111400604248,0.016365954542306497
aligned,12,text,40,0.006734192371368408,0.006734192371368408,0.04713696969292401
aligned,12,text,41,0.011804401874542236,0.011804401874542236,0.08262664662939022
aligned,12,text,42,0.0016034841537475586,0.0016034841537475586,0.011223823109009849
aligned,12,text,43,-7.611513137817383e-05,0.0,0.0
aligned,12,text,44,0.0,0.0,0.0
aligned,12,text,45,0.0,0.0,0.0
aligned,12,text,46,0.0,0.0,0.0
aligned,12,text,47,0.0,0.0,0.0
aligned,12,text,48,0.0,0.0,0.0
aligned,12,text,49,0.0,0.0,0.0
aligned,13,text,0,0.000984877347946167,0.000984877347946167,0.036880630944821344
aligned,13,text,1,0.0013922154903411865,0.0013922154903411865,0.05213419295510422
aligned,13,text,2,-0.0025756657123565674,0.0,0.0
aligned,13,text,3,-0.0032776296138763428,0.0,0.0
aligned,13,text,4,-0.003934413194656372,0.0,0.0
aligned,13,text,5,0.002251178026199341,0.002251178026199341,0.08429970102214936
aligned,13,text,6,0.0058966875076293945,0.0058966875076293945,0.22081283138385788
aligned,13,text,7,-0.001337975263595581,0.0,0.0
aligned,13,text,8,-0.00013896822929382324,0.0,0.0
aligned,13,text,9,-0.002157837152481079,0.0,0.0
aligned,13,text,10,0.0011433064937591553,0.0011433064937591553,0.04281331573020792
aligned,13,text,11,-0.006131231784820557,0.0,0.0
aligned,13,text,12,-0.0038042962551116943,0.0,0.0
aligned,13,text,13,-0.002024054527282715,0.0,0.0
aligned,13,text,14,-0.00026416778564453125,0.0,0.0
aligned,13,text,15,-0.0031365156173706055,0.0,0.0
aligned,13,text,16,-0.004177778959274292,0.0,0.0
aligned,13,text,17,0.0004118680953979492,0.0004118680953979492,0.015423194833341331
aligned,13,text,18,-0.0007611513137817383,0.0,0.0
aligned,13,text,19,0.0017841458320617676,0.0017841458320617676,0.06681078016590536
aligned,13,text,20,-0.0001645982265472412,0.0,0.0
aligned,13,text,21,0.004719406366348267,0.004719406366348267,0.17672726948071152
aligned,13,text,22,-0.0027830004692077637,0.0,0.0
aligned,13,text,23,0.000253140926361084,0.000253140926361084,0.00947934999380617
aligned,13,text,24,0.001019895076751709,0.001019895076751709,0.038191937307279815
aligned,13,text,25,-0.0012716352939605713,0.0,0.0
aligned,13,text,26,0.0018221735954284668,0.0018221735954284668,0.06823480307526453
aligned,13,text,27,0.0018218457698822021,0.0018218457698822021,0.06822252701570108
aligned,13,text,28,-0.00324055552482605,0.0,0.0
aligned,13,text,29,-1.2367963790893555e-05,0.0,0.0
aligned,13,text,30,0.0032026469707489014,0.0032026469707489014,0.11992928989691458
aligned,13,text,31,-0.00236627459526062,0.0,0.0
aligned,13,text,32,5.960464477539063e-08,5.960464477539063e-08,2.2320108297165456e-06
aligned,13,text,33,5.960464477539063e-08,5.960464477539063e-08,2.2320108297165456e-06
aligned,13,text,34,5.960464477539063e-08,5.960464477539063e-08,2.2320108297165456e-06
aligned,13,text,35,5.960464477539063e-08,5.960464477539063e-08,2.2320108297165456e-06
aligned,13,text,36,5.960464477539063e-08,5.960464477539063e-08,2.2320108297165456e-06
aligned,13,text,37,5.960464477539063e-08,5.960464477539063e-08,2.2320108297165456e-06
aligned,13,text,38,5.960464477539063e-08,5.960464477539063e-08,2.2320108297165456e-06
aligned,13,text,39,5.960464477539063e-08,5.960464477539063e-08,2.2320108297165456e-06
aligned,13,text,40,5.960464477539063e-08,5.960464477539063e-08,2.2320108297165456e-06
aligned,13,text,41,5.960464477539063e-08,5.960464477539063e-08,2.2320108297165456e-06
aligned,13,text,42,5.960464477539063e-08,5.960464477539063e-08,2.2320108297165456e-06
aligned,13,text,43,5.960464477539063e-08,5.960464477539063e-08,2.2320108297165456e-06
aligned,13,text,44,5.960464477539063e-08,5.960464477539063e-08,2.2320108297165456e-06
aligned,13,text,45,5.960464477539063e-08,5.960464477539063e-08,2.2320108297165456e-06
aligned,13,text,46,5.960464477539063e-08,5.960464477539063e-08,2.2320108297165456e-06
aligned,13,text,47,5.960464477539063e-08,5.960464477539063e-08,2.2320108297165456e-06
aligned,13,text,48,5.960464477539063e-08,5.960464477539063e-08,2.2320108297165456e-06
aligned,13,text,49,5.960464477539063e-08,5.960464477539063e-08,2.2320108297165456e-06
aligned,14,text,0,0.0020574629306793213,0.0020574629306793213,0.02217076081385386
aligned,14,text,1,0.000528186559677124,0.000528186559677124,0.005691620347117226
aligned,14,text,2,0.013400346040725708,0.013400346040725708,0.1443991347118511
aligned,14,text,3,0.011079847812652588,0.011079847812652588,0.11939396430686386
aligned,14,text,4,0.004247128963470459,0.004247128963470459,0.04576611271611329
aligned,14,text,5,-0.00519677996635437,0.0,0.0
aligned,14,text,6,0.0009669363498687744,0.0009669363498687744,0.010419490050342402
aligned,14,text,7,0.007085710763931274,0.007085710763931274,0.0763540359346358
aligned,14,text,8,-0.0033926069736480713,0.0,0.0
aligned,14,text,9,-0.0003489553928375244,0.0,0.0
aligned,14,text,10,0.010550647974014282,0.010550647974014282,0.11369142509207175
aligned,14,text,11,0.0008634626865386963,0.0008634626865386963,0.009304480974836505
aligned,14,text,12,-0.004699259996414185,0.0,0.0
aligned,14,text,13,0.0017419755458831787,0.0017419755458831787,0.018771139248961743
aligned,14,text,14,0.0005629360675811768,0.0005629360675811768,0.006066073279732398
aligned,14,text,15,0.007958590984344482,0.007958590984344482,0.08575999815021536
aligned,14,text,16,0.008455336093902588,0.008455336093902588,0.09111281245624424
aligned,14,text,17,0.0007376670837402344,0.0007376670837402344,0.007948935667316233
aligned,14,text,18,-0.010925859212875366,0.0,0.0
aligned,14,text,19,-0.017717063426971436,0.0,0.0
aligned,14,text,20,-0.0073926448822021484,0.0,0.0
aligned,14,text,21,-0.0022965073585510254,0.0,0.0
aligned,14,text,22,4.932284355163574e-05,4.932284355163574e-05,0.0005314919412333696
aligned,14,text,23,0.009957104921340942,0.009957104921340942,0.10729553777992444
aligned,14,text,24,0.0036153197288513184,0.0036153197288513184,0.03895787757765563
aligned,14,text,25,-0.00788646936416626,0.0,0.0
aligned,14,text,26,-0.009786486625671387,0.0,0.0
aligned,14,text,27,-0.004195690155029297,0.0,0.0
aligned,14,text,28,-0.0011429190635681152,0.0,0.0
aligned,14,text,29,-0.0066085755825042725,0.0,0.0
aligned,14,text,30,-0.017840564250946045,0.0,0.0
aligned,14,text,31,0.0047969818115234375,0.0047969818115234375,0.05169120414557291
aligned,14,text,32,0.004145771265029907,0.004145771265029907,0.044673904805457895
aligned,14,text,33,-0.019287854433059692,0.0,0.0
aligned,14,text,34,-0.007940351963043213,0.0,0.0
aligned,14,text,35,-0.0022265613079071045,0.0,0.0
aligned,14,text,36,-0.0073912739753723145,0.0,0.0
aligned,14,text,37,0.0,0.0,0.0
aligned,14,text,38,0.0,0.0,0.0
aligned,14,text,39,0.0,0.0,0.0
aligned,14,text,40,0.0,0.0,0.0
aligned,14,text,41,0.0,0.0,0.0
aligned,14,text,42,0.0,0.0,0.0
aligned,14,text,43,0.0,0.0,0.0
aligned,14,text,44,0.0,0.0,0.0
aligned,14,text,45,0.0,0.0,0.0
aligned,14,text,46,0.0,0.0,0.0
aligned,14,text,47,0.0,0.0,0.0
aligned,14,text,48,0.0,0.0,0.0
aligned,14,text,49,0.0,0.0,0.0
aligned,15,text,0,-0.0025788545608520508,0.0,0.0
aligned,15,text,1,-0.0023873448371887207,0.0,0.0
aligned,15,text,2,-0.0005355477333068848,0.0,0.0
aligned,15,text,3,-0.0036644339561462402,0.0,0.0
aligned,15,text,4,-0.0009660124778747559,0.0,0.0
aligned,15,text,5,-0.000755012035369873,0.0,0.0
aligned,15,text,6,-0.0009032487869262695,0.0,0.0
aligned,15,text,7,-0.0011309981346130371,0.0,0.0
aligned,15,text,8,0.0012246966361999512,0.0012246966361999512,0.07430189416129662
aligned,15,text,9,0.0012826919555664062,0.0012826919555664062,0.07782044884173375
aligned,15,text,10,0.00212019681930542,0.00212019681930542,0.12863156067608322
aligned,15,text,11,-0.0002542734146118164,0.0,0.0
aligned,15,text,12,-0.002567887306213379,0.0,0.0
aligned,15,text,13,0.0021234750747680664,0.0021234750747680664,0.12883045122842038
aligned,15,text,14,0.0009557604789733887,0.0009557604789733887,0.057985636485929394
aligned,15,text,15,0.0014087557792663574,0.0014087557792663574,0.08546869462706214
aligned,15,text,16,-0.0009363293647766113,0.0,0.0
aligned,15,text,17,-1.4007091522216797e-05,0.0,0.0
aligned,15,text,18,0.0013636946678161621,0.0013636946678161621,0.08273485358039157
aligned,15,text,19,0.0019660592079162598,0.0019660592079162598,0.11928008852437674
aligned,15,text,20,0.004037380218505859,0.004037380218505859,0.2449463718747062
aligned,15,text,21,-0.00017714500427246094,0.0,0.0
aligned,15,text,22,-0.0010311603546142578,0.0,0.0
aligned,15,text,23,0.0,0.0,0.0
aligned,15,text,24,0.0,0.0,0.0
aligned,15,text,25,0.0,0.0,0.0
aligned,15,text,26,0.0,0.0,0.0
aligned,15,text,27,0.0,0.0,0.0
aligned,15,text,28,0.0,0.0,0.0
aligned,15,text,29,0.0,0.0,0.0
aligned,15,text,30,0.0,0.0,0.0
aligned,15,text,31,0.0,0.0,0.0
aligned,15,text,32,0.0,0.0,0.0
aligned,15,text,33,0.0,0.0,0.0
aligned,15,text,34,0.0,0.0,0.0
aligned,15,text,35,0.0,0.0,0.0
aligned,15,text,36,0.0,0.0,0.0
aligned,15,text,37,0.0,0.0,0.0
aligned,15,text,38,0.0,0.0,0.0
aligned,15,text,39,0.0,0.0,0.0
aligned,15,text,40,0.0,0.0,0.0
aligned,15,text,41,0.0,0.0,0.0
aligned,15,text,42,0.0,0.0,0.0
aligned,15,text,43,0.0,0.0,0.0
aligned,15,text,44,0.0,0.0,0.0
aligned,15,text,45,0.0,0.0,0.0
aligned,15,text,46,0.0,0.0,0.0
aligned,15,text,47,0.0,0.0,0.0
aligned,15,text,48,0.0,0.0,0.0
aligned,15,text,49,0.0,0.0,0.0
aligned,16,text,0,0.0017709136009216309,0.0017709136009216309,0.05010176842666181
aligned,16,text,1,0.0035147666931152344,0.0035147666931152344,0.09943795498580975
aligned,16,text,2,-2.6047229766845703e-05,0.0,0.0
aligned,16,text,3,0.0006378889083862305,0.0006378889083862305,0.018046821907782798
aligned,16,text,4,0.002630889415740967,0.002630889415740967,0.0744317578198117
aligned,16,text,5,0.0035375356674194336,0.0035375356674194336,0.10008212298887208
aligned,16,text,6,0.003264188766479492,0.003264188766479492,0.09234873434477828
aligned,16,text,7,0.0007686018943786621,0.0007686018943786621,0.0217448858625359
aligned,16,text,8,0.000920712947845459,0.000920712947845459,0.02604833283587375
aligned,16,text,9,0.004189491271972656,0.004189491271972656,0.11852691256346826
aligned,16,text,10,0.0027434229850769043,0.0027434229850769043,0.0776154991543187
aligned,16,text,11,0.010161519050598145,0.010161519050598145,0.2874844227698212
aligned,16,text,12,0.0012063980102539062,0.0012063980102539062,0.03413078634026573
aligned,16,text,13,0.0,0.0,0.0
aligned,16,text,14,0.0,0.0,0.0
aligned,16,text,15,0.0,0.0,0.0
aligned,16,text,16,0.0,0.0,0.0
aligned,16,text,17,0.0,0.0,0.0
aligned,16,text,18,0.0,0.0,0.0
aligned,16,text,19,0.0,0.0,0.0
aligned,16,text,20,0.0,0.0,0.0
aligned,16,text,21,0.0,0.0,0.0
aligned,16,text,22,0.0,0.0,0.0
aligned,16,text,23,0.0,0.0,0.0
aligned,16,text,24,0.0,0.0,0.0
aligned,16,text,25,0.0,0.0,0.0
aligned,16,text,26,0.0,0.0,0.0
aligned,16,text,27,0.0,0.0,0.0
aligned,16,text,28,0.0,0.0,0.0
aligned,16,text,29,0.0,0.0,0.0
aligned,16,text,30,0.0,0.0,0.0
aligned,16,text,31,0.0,0.0,0.0
aligned,16,text,32,0.0,0.0,0.0
aligned,16,text,33,0.0,0.0,0.0
aligned,16,text,34,0.0,0.0,0.0
aligned,16,text,35,0.0,0.0,0.0
aligned,16,text,36,0.0,0.0,0.0
aligned,16,text,37,0.0,0.0,0.0
aligned,16,text,38,0.0,0.0,0.0
aligned,16,text,39,0.0,0.0,0.0
aligned,16,text,40,0.0,0.0,0.0
aligned,16,text,41,0.0,0.0,0.0
aligned,16,text,42,0.0,0.0,0.0
aligned,16,text,43,0.0,0.0,0.0
aligned,16,text,44,0.0,0.0,0.0
aligned,16,text,45,0.0,0.0,0.0
aligned,16,text,46,0.0,0.0,0.0
aligned,16,text,47,0.0,0.0,0.0
aligned,16,text,48,0.0,0.0,0.0
aligned,16,text,49,0.0,0.0,0.0
aligned,17,text,0,0.010719776153564453,0.010719776153564453,0.031049180480698796
aligned,17,text,1,0.0017604231834411621,0.0017604231834411621,0.005098958817987628
aligned,17,text,2,0.002798616886138916,0.002798616886138916,0.008106023815167533
aligned,17,text,3,0.00767064094543457,0.00767064094543457,0.02221754556304262
aligned,17,text,4,0.014658987522125244,0.014658987522125244,0.04245886693141775
aligned,17,text,5,0.010291993618011475,0.010291993618011475,0.029810134351133968
aligned,17,text,6,0.008794009685516357,0.008794009685516357,0.025471314882244005
aligned,17,text,7,0.005160331726074219,0.005160331726074219,0.014946587392114335
aligned,17,text,8,0.009481549263000488,0.009481549263000488,0.027462731505419467
aligned,17,text,9,0.013989865779876709,0.013989865779876709,0.04052079644925323
aligned,17,text,10,0.006472587585449219,0.006472587585449219,0.018747456778835703
aligned,17,text,11,0.015995800495147705,0.015995800495147705,0.04633086450615371
aligned,17,text,12,0.0008928179740905762,0.0008928179740905762,0.002585993029782857
aligned,17,text,13,0.015613555908203125,0.015613555908203125,0.045223716278635355
aligned,17,text,14,0.017407774925231934,0.017407774925231934,0.05042056267575957
aligned,17,text,15,0.030106306076049805,0.030106306076049805,0.08720108681109026
aligned,17,text,16,0.023692011833190918,0.023692011833190918,0.06862247315817269
aligned,17,text,17,0.020000994205474854,0.020000994205474854,0.05793166480185361
aligned,17,text,18,0.02263057231903076,0.02263057231903076,0.06554807808010518
aligned,17,text,19,0.015274107456207275,0.015274107456207275,0.04424052445644339
aligned,17,text,20,0.019629061222076416,0.019629061222076416,0.05685438350765206
aligned,17,text,21,0.013274908065795898,0.013274908065795898,0.038449964858877014
aligned,17,text,22,0.015229582786560059,0.015229582786560059,0.04411156145535869
aligned,17,text,23,0.015614628791809082,0.015614628791809082,0.04522682382083017
aligned,17,text,24,0.009791374206542969,0.009791374206542969,0.028360120634788002
aligned,17,text,25,0.018299221992492676,0.018299221992492676,0.05300258495718239
aligned,17,text,26,0.0,0.0,0.0
aligned,17,text,27,0.0,0.0,0.0
aligned,17,text,28,0.0,0.0,0.0
aligned,17,text,29,0.0,0.0,0.0
aligned,17,text,30,0.0,0.0,0.0
aligned,17,text,31,0.0,0.0,0.0
aligned,17,text,32,0.0,0.0,0.0
aligned,17,text,33,0.0,0.0,0.0
aligned,17,text,34,0.0,0.0,0.0
aligned,17,text,35,0.0,0.0,0.0
aligned,17,text,36,0.0,0.0,0.0
aligned,17,text,37,0.0,0.0,0.0
aligned,17,text,38,0.0,0.0,0.0
aligned,17,text,39,0.0,0.0,0.0
aligned,17,text,40,0.0,0.0,0.0
aligned,17,text,41,0.0,0.0,0.0
aligned,17,text,42,0.0,0.0,0.0
aligned,17,text,43,0.0,0.0,0.0
aligned,17,text,44,0.0,0.0,0.0
aligned,17,text,45,0.0,0.0,0.0
aligned,17,text,46,0.0,0.0,0.0
aligned,17,text,47,0.0,0.0,0.0
aligned,17,text,48,0.0,0.0,0.0
aligned,17,text,49,0.0,0.0,0.0
aligned,18,text,0,-0.005119979381561279,0.0,0.0
aligned,18,text,1,-0.001853257417678833,0.0,0.0
aligned,18,text,2,-8.943676948547363e-05,0.0,0.0
aligned,18,text,3,-8.785724639892578e-05,0.0,0.0
aligned,18,text,4,-0.007705897092819214,0.0,0.0
aligned,18,text,5,-0.01322174072265625,0.0,0.0
aligned,18,text,6,-0.008889079093933105,0.0,0.0
aligned,18,text,7,-0.005888134241104126,0.0,0.0
aligned,18,text,8,-0.00235670804977417,0.0,0.0
aligned,18,text,9,-0.0027612149715423584,0.0,0.0
aligned,18,text,10,0.0002664625644683838,0.0002664625644683838,0.0011067919966349365
aligned,18,text,11,0.0006035864353179932,0.0006035864353179932,0.002507086266396082
aligned,18,text,12,0.02024826407432556,0.02024826407432556,0.08410418427040732
aligned,18,text,13,0.008133560419082642,0.008133560419082642,0.03378395608384039
aligned,18,text,14,-0.0003291666507720947,0.0,0.0
aligned,18,text,15,0.007006913423538208,0.007006913423538208,0.029104259781325335
aligned,18,text,16,-0.0007800757884979248,0.0,0.0
aligned,18,text,17,0.007840126752853394,0.007840126752853394,0.032565135594088954
aligned,18,text,18,0.0040815770626068115,0.0040815770626068115,0.01695343897764654
aligned,18,text,19,-0.00032526254653930664,0.0,0.0
aligned,18,text,20,0.002596437931060791,0.002596437931060791,0.010784692129608425
aligned,18,text,21,-0.006049603223800659,0.0,0.0
aligned,18,text,22,0.00195920467376709,0.00195920467376709,0.008137848770694634
aligned,18,text,23,0.00018361210823059082,0.00018361210823059082,0.000762660271923481
aligned,18,text,24,-0.001008361577987671,0.0,0.0
aligned,18,text,25,0.0012435615062713623,0.0012435615062713623,0.005165318157206799
aligned,18,text,26,0.004382878541946411,0.004382878541946411,0.018204939602406545
aligned,18,text,27,0.0017847716808319092,0.0017847716808319092,0.007413315322947817
aligned,18,text,28,0.011083751916885376,0.011083751916885376,0.04603801640493262
aligned,18,text,29,0.03041696548461914,0.03041696548461914,0.12634140194313112
aligned,18,text,30,0.005254209041595459,0.005254209041595459,0.021824140766215475
aligned,18,text,31,0.007339984178543091,0.007339984178543091,0.03048771883002146
aligned,18,text,32,0.02168118953704834,0.02168118953704834,0.0900560538588431
aligned,18,text,33,0.009546041488647461,0.009546041488647461,0.03965090683660997
aligned,18,text,34,-0.002910017967224121,0.0,0.0
aligned,18,text,35,0.02658405900001526,0.02658405900001526,0.11042085329317967
aligned,18,text,36,0.010610580444335938,0.010610580444335938,0.04407262813398162
aligned,18,text,37,-0.0002751350402832031,0.0,0.0
aligned,18,text,38,0.002182692289352417,0.002182692289352417,0.009066137908684276
aligned,18,text,39,0.0014338195323944092,0.0014338195323944092,0.0059555832401413066
aligned,18,text,40,0.02752545475959778,0.02752545475959778,0.11433108096231114
aligned,18,text,41,0.01104593276977539,0.01104593276977539,0.04588092893778915
aligned,18,text,42,0.0008802413940429688,0.0008802413940429688,0.0036562138924739382
aligned,18,text,43,-0.0057672858238220215,0.0,0.0
aligned,18,text,44,0.0051088035106658936,0.0051088035106658936,0.02122017721050785
aligned,18,text,45,0.00019255280494689941,0.00019255280494689941,0.000799796788978674
aligned,18,text,46,-0.0014049112796783447,0.0,0.0
aligned,18,text,47,-0.001143336296081543,0.0,0.0
aligned,18,text,48,0.0063262879848480225,0.0063262879848480225,0.02627718052630367
aligned,18,text,49,0.003208637237548828,0.003208637237548828,0.013327553240767676
aligned,19,text,0,0.006742715835571289,0.006742715835571289,0.01881847072726692
aligned,19,text,1,0.010691940784454346,0.010691940784454346,0.029840494479755553
aligned,19,text,2,-0.011254966259002686,0.0,0.0
aligned,19,text,3,-0.012876749038696289,0.0,0.0
aligned,19,text,4,0.01101452112197876,0.01101452112197876,0.03074079471291535
aligned,19,text,5,0.02305757999420166,0.02305757999420166,0.06435216977014065
aligned,19,text,6,0.011753261089324951,0.011753261089324951,0.03280256875019962
aligned,19,text,7,0.0039017200469970703,0.0039017200469970703,0.010889440735890639
aligned,19,text,8,0.010661184787750244,0.010661184787750244,0.02975465654178245
aligned,19,text,9,0.01636958122253418,0.01636958122253418,0.04568641072322122
aligned,19,text,10,0.008107483386993408,0.008107483386993408,0.022627446048527046
aligned,19,text,11,0.022350013256072998,0.022350013256072998,0.06237739813898027
aligned,19,text,12,0.023700475692749023,0.023700475692749023,0.06614644883792732
aligned,19,text,13,0.010789990425109863,0.010789990425109863,0.030114144495193076
aligned,19,text,14,0.004706740379333496,0.004706740379333496,0.013136198856558817
aligned,19,text,15,0.0012610554695129395,0.0012610554695129395,0.0035195218094903487
aligned,19,text,16,-0.003642141819000244,0.0,0.0
aligned,19,text,17,0.025227248668670654,0.025227248668670654,0.07040757050688301
aligned,19,text,18,0.015906095504760742,0.015906095504760742,0.04439285296027766
aligned,19,text,19,-0.005285799503326416,0.0,0.0
aligned,19,text,20,-0.006098806858062744,0.0,0.0
aligned,19,text,21,-0.0042639970779418945,0.0,0.0
aligned,19,text,22,0.02064192295074463,0.02064192295074463,0.057610231882206396
aligned,19,text,23,0.004285752773284912,0.004285752773284912,0.011961250492403675
aligned,19,text,24,0.0036289095878601074,0.0036289095878601074,0.010128044917861744
aligned,19,text,25,0.010539233684539795,0.010539233684539795,0.0294142991365635
aligned,19,text,26,0.020789384841918945,0.020789384841918945,0.05802178819721699
aligned,19,text,27,0.005757033824920654,0.005757033824920654,0.016067497897303225
aligned,19,text,28,0.01747453212738037,0.01747453212738037,0.048770255091720165
aligned,19,text,29,0.016972124576568604,0.016972124576568604,0.04736806908556645
aligned,19,text,30,0.01764446496963501,0.01764446496963501,0.04924452633428088
aligned,19,text,31,0.011756956577301025,0.011756956577301025,0.03281288261096384
aligned,19,text,32,0.0040337443351745605,0.0040337443351745605,0.011257911729321708
aligned,19,text,33,-0.011229991912841797,0.0,0.0
aligned,19,text,34,-0.010922729969024658,0.0,0.0
aligned,19,text,35,-0.010173261165618896,0.0,0.0
aligned,19,text,36,-0.009719014167785645,0.0,0.0
aligned,19,text,37,0.012764692306518555,0.012764692306518555,0.03562540590032685
aligned,19,text,38,-0.005442500114440918,0.0,0.0
aligned,19,text,39,0.005339980125427246,0.005339980125427246,0.014903528804284178
aligned,19,text,40,0.0004321932792663574,0.0004321932792663574,0.0012062226516337156
aligned,19,text,41,5.960464477539063e-08,5.960464477539063e-08,1.6635259297113715e-07
aligned,19,text,42,5.960464477539063e-08,5.960464477539063e-08,1.6635259297113715e-07
aligned,19,text,43,5.960464477539063e-08,5.960464477539063e-08,1.6635259297113715e-07
aligned,19,text,44,5.960464477539063e-08,5.960464477539063e-08,1.6635259297113715e-07
aligned,19,text,45,5.960464477539063e-08,5.960464477539063e-08,1.6635259297113715e-07
aligned,19,text,46,5.960464477539063e-08,5.960464477539063e-08,1.6635259297113715e-07
aligned,19,text,47,5.960464477539063e-08,5.960464477539063e-08,1.6635259297113715e-07
aligned,19,text,48,5.960464477539063e-08,5.960464477539063e-08,1.6635259297113715e-07
aligned,19,text,49,5.960464477539063e-08,5.960464477539063e-08,1.6635259297113715e-07
aligned,20,vision,0,0.0,0.0,0.0
aligned,20,vision,1,0.0007176995277404785,0.0007176995277404785,0.011951020764662854
aligned,20,vision,2,0.0009149312973022461,0.0009149312973022461,0.015235293475423536
aligned,20,vision,3,0.0017022490501403809,0.0017022490501403809,0.02834558608238572
aligned,20,vision,4,0.0018494725227355957,0.0018494725227355957,0.03079712842012488
aligned,20,vision,5,0.0020021796226501465,0.0020021796226501465,0.03333998326599036
aligned,20,vision,6,0.0017328858375549316,0.0017328858375549316,0.028855745095178402
aligned,20,vision,7,0.0017199516296386719,0.0017199516296386719,0.028640366679271764
aligned,20,vision,8,0.001689910888671875,0.001689910888671875,0.028140132939101503
aligned,20,vision,9,0.0018004179000854492,0.0018004179000854492,0.02998027848329924
aligned,20,vision,10,0.0017934441566467285,0.0017934441566467285,0.029864152793616858
aligned,20,vision,11,0.0016960501670837402,0.0016960501670837402,0.02824236324711249
aligned,20,vision,12,0.00158768892288208,0.00158768892288208,0.026437948684355488
aligned,20,vision,13,0.0018173456192016602,0.0018173456192016602,0.030262156225776132
aligned,20,vision,14,0.0016933679580688477,0.0016933679580688477,0.028197699520311575
aligned,20,vision,15,0.0016292929649353027,0.0016292929649353027,0.027130732713400805
aligned,20,vision,16,0.001656949520111084,0.001656949520111084,0.02759126536308136
aligned,20,vision,17,0.0016201138496398926,0.0016201138496398926,0.026977883515015448
aligned,20,vision,18,0.0015702247619628906,0.0015702247619628906,0.026147138196518413
aligned,20,vision,19,0.0018620491027832031,0.0018620491027832031,0.03100655167245806
aligned,20,vision,20,0.002041161060333252,0.002041161060333252,0.033989096095497
aligned,20,vision,21,0.0018736720085144043,0.0018736720085144043,0.031200094488595367
aligned,20,vision,22,0.0016762018203735352,0.0016762018203735352,0.027911851668785712
aligned,20,vision,23,0.0009520649909973145,0.0009520649909973145,0.01585363795980066
aligned,20,vision,24,0.0006948709487915039,0.0006948709487915039,0.011570882823223947
aligned,20,vision,25,0.0008131861686706543,0.0008131861686706543,0.01354104943877546
aligned,20,vision,26,0.0007285475730895996,0.0007285475730895996,0.012131660726391002
aligned,20,vision,27,0.0014085173606872559,0.0014085173606872559,0.023454411734054305
aligned,20,vision,28,0.0007300972938537598,0.0007300972938537598,0.012157466435209308
aligned,20,vision,29,0.0012673735618591309,0.0012673735618591309,0.021104107177063885
aligned,20,vision,30,0.0011943578720092773,0.0011943578720092773,0.019888261280816732
aligned,20,vision,31,0.0012717843055725098,0.0012717843055725098,0.021177554194469837
aligned,20,vision,32,0.00114363431930542,0.00114363431930542,0.019043620580648297
aligned,20,vision,33,0.0011633634567260742,0.0011633634567260742,0.01937214710445059
aligned,20,vision,34,0.0011615157127380371,0.0011615157127380371,0.01934137875932107
aligned,20,vision,35,0.0012835264205932617,0.0012835264205932617,0.021373082065131624
aligned,20,vision,36,0.0010202527046203613,0.0010202527046203613,0.01698908914780617
aligned,20,vision,37,0.001293957233428955,0.001293957233428955,0.021546774336024074
aligned,20,vision,38,0.0011230111122131348,0.0011230111122131348,0.018700206147912367
aligned,20,vision,39,0.0008952021598815918,0.0008952021598815918,0.014906766951621244
aligned,20,vision,40,0.0010781288146972656,0.0010781288146972656,0.01795283311944371
aligned,20,vision,41,0.0011644959449768066,0.0011644959449768066,0.019391005122433202
aligned,20,vision,42,0.0013577938079833984,0.0013577938079833984,0.022609771033885874
aligned,20,vision,43,0.001660466194152832,0.001660466194152832,0.02764982447155367
aligned,20,vision,44,0.0,0.0,0.0
aligned,20,vision,45,0.0,0.0,0.0
aligned,20,vision,46,0.0,0.0,0.0
aligned,20,vision,47,0.0,0.0,0.0
aligned,20,vision,48,0.0,0.0,0.0
aligned,20,vision,49,0.0,0.0,0.0
unaligned,01,text,0,-0.004052013158798218,0.0,0.0
unaligned,01,text,1,-0.002052515745162964,0.0,0.0
unaligned,01,text,2,0.0053230226039886475,0.0053230226039886475,0.09962778540403384
unaligned,01,text,3,-0.007661253213882446,0.0,0.0
unaligned,01,text,4,-0.0034261345863342285,0.0,0.0
unaligned,01,text,5,-0.0005490779876708984,0.0,0.0
unaligned,01,text,6,-0.00985690951347351,0.0,0.0
unaligned,01,text,7,-0.0016148388385772705,0.0,0.0
unaligned,01,text,8,0.004442095756530762,0.004442095756530762,0.08314001192559278
unaligned,01,text,9,0.001880049705505371,0.001880049705505371,0.03518774999539822
unaligned,01,text,10,0.007518947124481201,0.007518947124481201,0.14072757271794745
unaligned,01,text,11,-0.0019837915897369385,0.0,0.0
unaligned,01,text,12,0.0062094926834106445,0.0062094926834106445,0.11621930819290455
unaligned,01,text,13,0.0047407448291778564,0.0047407448291778564,0.08872964547298809
unaligned,01,text,14,-0.00102919340133667,0.0,0.0
unaligned,01,text,15,-0.004608094692230225,0.0,0.0
unaligned,01,text,16,0.0035802721977233887,0.0035802721977233887,0.06700978311373992
unaligned,01,text,17,0.0011608302593231201,0.0011608302593231201,0.02172655586314685
unaligned,01,text,18,0.0005453526973724365,0.0005453526973724365,0.010207035653506308
unaligned,01,text,19,-0.0031783580780029297,0.0,0.0
unaligned,01,text,20,0.006051898002624512,0.006051898002624512,0.11326970414154976
unaligned,01,text,21,0.00610196590423584,0.00610196590423584,0.11420679468736596
unaligned,01,text,22,0.005874425172805786,0.005874425172805786,0.10994805283182628
unaligned,01,text,23,-0.0025186538696289062,0.0,0.0
unaligned,01,text,24,0.0,0.0,0.0
unaligned,01,text,25,0.0,0.0,0.0
unaligned,01,text,26,0.0,0.0,0.0
unaligned,01,text,27,0.0,0.0,0.0
unaligned,01,text,28,0.0,0.0,0.0
unaligned,01,text,29,0.0,0.0,0.0
unaligned,01,text,30,0.0,0.0,0.0
unaligned,01,text,31,0.0,0.0,0.0
unaligned,01,text,32,0.0,0.0,0.0
unaligned,01,text,33,0.0,0.0,0.0
unaligned,01,text,34,0.0,0.0,0.0
unaligned,01,text,35,0.0,0.0,0.0
unaligned,01,text,36,0.0,0.0,0.0
unaligned,01,text,37,0.0,0.0,0.0
unaligned,01,text,38,0.0,0.0,0.0
unaligned,01,text,39,0.0,0.0,0.0
unaligned,01,text,40,0.0,0.0,0.0
unaligned,01,text,41,0.0,0.0,0.0
unaligned,01,text,42,0.0,0.0,0.0
unaligned,01,text,43,0.0,0.0,0.0
unaligned,01,text,44,0.0,0.0,0.0
unaligned,01,text,45,0.0,0.0,0.0
unaligned,01,text,46,0.0,0.0,0.0
unaligned,01,text,47,0.0,0.0,0.0
unaligned,01,text,48,0.0,0.0,0.0
unaligned,01,text,49,0.0,0.0,0.0
unaligned,02,text,0,0.011029660701751709,0.011029660701751709,0.05368235601624915
unaligned,02,text,1,0.004953444004058838,0.004953444004058838,0.024108859893596683
unaligned,02,text,2,0.004568219184875488,0.004568219184875488,0.022233935863847386
unaligned,02,text,3,0.0017433762550354004,0.0017433762550354004,0.008485169881809872
unaligned,02,text,4,-0.004179835319519043,0.0,0.0
unaligned,02,text,5,0.014683961868286133,0.014683961868286133,0.07146817024182546
unaligned,02,text,6,-0.01515507698059082,0.0,0.0
unaligned,02,text,7,-0.009337007999420166,0.0,0.0
unaligned,02,text,8,-0.024393796920776367,0.0,0.0
unaligned,02,text,9,-0.015937089920043945,0.0,0.0
unaligned,02,text,10,-0.008552491664886475,0.0,0.0
unaligned,02,text,11,-0.007026076316833496,0.0,0.0
unaligned,02,text,12,0.01929640769958496,0.01929640769958496,0.093917361193105
unaligned,02,text,13,0.008788883686065674,0.008788883686065674,0.0427762916538176
unaligned,02,text,14,-0.01208275556564331,0.0,0.0
unaligned,02,text,15,0.01581364870071411,0.01581364870071411,0.07696645820961726
unaligned,02,text,16,-0.0016337037086486816,0.0,0.0
unaligned,02,text,17,0.030350983142852783,0.030350983142852783,0.14772097950928223
unaligned,02,text,18,0.06230670213699341,0.06230670213699341,0.30325235351847785
unaligned,02,text,19,0.0072133541107177734,0.0072133541107177734,0.0351080467399443
unaligned,02,text,20,0.02471292018890381,0.02471292018890381,0.12028001727842723
unaligned,02,text,21,0.0,0.0,0.0
unaligned,02,text,22,0.0,0.0,0.0
unaligned,02,text,23,0.0,0.0,0.0
unaligned,02,text,24,0.0,0.0,0.0
unaligned,02,text,25,0.0,0.0,0.0
unaligned,02,text,26,0.0,0.0,0.0
unaligned,02,text,27,0.0,0.0,0.0
unaligned,02,text,28,0.0,0.0,0.0
unaligned,02,text,29,0.0,0.0,0.0
unaligned,02,text,30,0.0,0.0,0.0
unaligned,02,text,31,0.0,0.0,0.0
unaligned,02,text,32,0.0,0.0,0.0
unaligned,02,text,33,0.0,0.0,0.0
unaligned,02,text,34,0.0,0.0,0.0
unaligned,02,text,35,0.0,0.0,0.0
unaligned,02,text,36,0.0,0.0,0.0
unaligned,02,text,37,0.0,0.0,0.0
unaligned,02,text,38,0.0,0.0,0.0
unaligned,02,text,39,0.0,0.0,0.0
unaligned,02,text,40,0.0,0.0,0.0
unaligned,02,text,41,0.0,0.0,0.0
unaligned,02,text,42,0.0,0.0,0.0
unaligned,02,text,43,0.0,0.0,0.0
unaligned,02,text,44,0.0,0.0,0.0
unaligned,02,text,45,0.0,0.0,0.0
unaligned,02,text,46,0.0,0.0,0.0
unaligned,02,text,47,0.0,0.0,0.0
unaligned,02,text,48,0.0,0.0,0.0
unaligned,02,text,49,0.0,0.0,0.0
unaligned,03,text,0,0.022103458642959595,0.022103458642959595,0.045414565917922645
unaligned,03,text,1,-0.014095425605773926,0.0,0.0
unaligned,03,text,2,-0.023589730262756348,0.0,0.0
unaligned,03,text,3,0.002498149871826172,0.002498149871826172,0.005132789119545172
unaligned,03,text,4,-0.004939287900924683,0.0,0.0
unaligned,03,text,5,0.0062028467655181885,0.0062028467655181885,0.012744593407834215
unaligned,03,text,6,-0.008935689926147461,0.0,0.0
unaligned,03,text,7,-0.021664738655090332,0.0,0.0
unaligned,03,text,8,-0.04112866520881653,0.0,0.0
unaligned,03,text,9,-0.019626706838607788,0.0,0.0
unaligned,03,text,10,-0.020330488681793213,0.0,0.0
unaligned,03,text,11,-0.024698346853256226,0.0,0.0
unaligned,03,text,12,-0.013809561729431152,0.0,0.0
unaligned,03,text,13,-0.017352163791656494,0.0,0.0
unaligned,03,text,14,0.014833033084869385,0.014833033084869385,0.030476486493668943
unaligned,03,text,15,-0.005850851535797119,0.0,0.0
unaligned,03,text,16,-0.021000206470489502,0.0,0.0
unaligned,03,text,17,-0.003471672534942627,0.0,0.0
unaligned,03,text,18,0.02421194314956665,0.02421194314956665,0.049746734478462604
unaligned,03,text,19,0.01095464825630188,0.01095464825630188,0.02250781668967188
unaligned,03,text,20,0.050796687602996826,0.050796687602996826,0.10436871237312996
unaligned,03,text,21,0.04816919565200806,0.04816919565200806,0.098970172337632
unaligned,03,text,22,-0.000930100679397583,0.0,0.0
unaligned,03,text,23,0.03000614047050476,0.03000614047050476,0.06165170195091789
unaligned,03,text,24,0.059441983699798584,0.059441983699798584,0.12213165055444582
unaligned,03,text,25,0.034620702266693115,0.034620702266693115,0.07113294759036787
unaligned,03,text,26,0.031953126192092896,0.031953126192092896,0.06565204926409653
unaligned,03,text,27,0.004436790943145752,0.004436790943145752,0.009115991212339757
unaligned,03,text,28,0.05103960633277893,0.05103960633277893,0.10486782198509566
unaligned,03,text,29,-0.010419756174087524,0.0,0.0
unaligned,03,text,30,0.005086392164230347,0.005086392164230347,0.010450685386308145
unaligned,03,text,31,0.056628793478012085,0.056628793478012085,0.11635156813247279
unaligned,03,text,32,0.030549973249435425,0.030549973249435425,0.06276908045651844
unaligned,03,text,33,0.003169804811477661,0.003169804811477661,0.006512795661671407
unaligned,03,text,34,-0.013844817876815796,0.0,0.0
unaligned,03,text,35,5.960464477539063e-08,5.960464477539063e-08,1.2246585988607492e-07
unaligned,03,text,36,5.960464477539063e-08,5.960464477539063e-08,1.2246585988607492e-07
unaligned,03,text,37,5.960464477539063e-08,5.960464477539063e-08,1.2246585988607492e-07
unaligned,03,text,38,5.960464477539063e-08,5.960464477539063e-08,1.2246585988607492e-07
unaligned,03,text,39,5.960464477539063e-08,5.960464477539063e-08,1.2246585988607492e-07
unaligned,03,text,40,5.960464477539063e-08,5.960464477539063e-08,1.2246585988607492e-07
unaligned,03,text,41,5.960464477539063e-08,5.960464477539063e-08,1.2246585988607492e-07
unaligned,03,text,42,5.960464477539063e-08,5.960464477539063e-08,1.2246585988607492e-07
unaligned,03,text,43,5.960464477539063e-08,5.960464477539063e-08,1.2246585988607492e-07
unaligned,03,text,44,5.960464477539063e-08,5.960464477539063e-08,1.2246585988607492e-07
unaligned,03,text,45,5.960464477539063e-08,5.960464477539063e-08,1.2246585988607492e-07
unaligned,03,text,46,5.960464477539063e-08,5.960464477539063e-08,1.2246585988607492e-07
unaligned,03,text,47,5.960464477539063e-08,5.960464477539063e-08,1.2246585988607492e-07
unaligned,03,text,48,5.960464477539063e-08,5.960464477539063e-08,1.2246585988607492e-07
unaligned,03,text,49,5.960464477539063e-08,5.960464477539063e-08,1.2246585988607492e-07
unaligned,04,text,0,0.006707668304443359,0.006707668304443359,0.07108068076666782
unaligned,04,text,1,0.008301377296447754,0.008301377296447754,0.08796910084858973
unaligned,04,text,2,0.005990386009216309,0.005990386009216309,0.06347969164011205
unaligned,04,text,3,0.001956045627593994,0.001956045627593994,0.020728075466692773
unaligned,04,text,4,0.005054056644439697,0.005054056644439697,0.05355747640086785
unaligned,04,text,5,0.0051541924476623535,0.0051541924476623535,0.05461860833809685
unaligned,04,text,6,0.0017781853675842285,0.0017781853675842285,0.018843303025805086
unaligned,04,text,7,0.0023298263549804688,0.0023298263549804688,0.024689003072861235
unaligned,04,text,8,0.0045874714851379395,0.0045874714851379395,0.04861310687430324
unaligned,04,text,9,0.00222092866897583,0.00222092866897583,0.023535022091124704
unaligned,04,text,10,0.007731020450592041,0.007731020450592041,0.08192507018945626
unaligned,04,text,11,0.0061713457107543945,0.0061713457107543945,0.06539730864096159
unaligned,04,text,12,0.005186617374420166,0.005186617374420166,0.05496221296539004
unaligned,04,text,13,0.00591123104095459,0.00591123104095459,0.06264089210877866
unaligned,04,text,14,0.0012906789779663086,0.0012906789779663086,0.013677232719497983
unaligned,04,text,15,0.003271818161010742,0.003271818161010742,0.034671222796651115
unaligned,04,text,16,-0.0012976527214050293,0.0,0.0
unaligned,04,text,17,-0.004678487777709961,0.0,0.0
unaligned,04,text,18,-0.0060007572174072266,0.0,0.0
unaligned,04,text,19,-0.0010614991188049316,0.0,0.0
unaligned,04,text,20,-0.006043612957000732,0.0,0.0
unaligned,04,text,21,0.0027015209197998047,0.0027015209197998047,0.02862782376367076
unaligned,04,text,22,0.0003650188446044922,0.0003650188446044922,0.003868078561660924
unaligned,04,text,23,0.003954827785491943,0.003954827785491943,0.041909026885167205
unaligned,04,text,24,0.004999101161956787,0.004999101161956787,0.052975117087698136
unaligned,04,text,25,0.004328131675720215,0.004328131675720215,0.04586490148211077
unaligned,04,text,26,0.0035062432289123535,0.0035062432289123535,0.037155408456842565
unaligned,04,text,27,0.0008692741394042969,0.0008692741394042969,0.009211635816992638
unaligned,04,text,28,0.0,0.0,0.0
unaligned,04,text,29,0.0,0.0,0.0
unaligned,04,text,30,0.0,0.0,0.0
unaligned,04,text,31,0.0,0.0,0.0
unaligned,04,text,32,0.0,0.0,0.0
unaligned,04,text,33,0.0,0.0,0.0
unaligned,04,text,34,0.0,0.0,0.0
unaligned,04,text,35,0.0,0.0,0.0
unaligned,04,text,36,0.0,0.0,0.0
unaligned,04,text,37,0.0,0.0,0.0
unaligned,04,text,38,0.0,0.0,0.0
unaligned,04,text,39,0.0,0.0,0.0
unaligned,04,text,40,0.0,0.0,0.0
unaligned,04,text,41,0.0,0.0,0.0
unaligned,04,text,42,0.0,0.0,0.0
unaligned,04,text,43,0.0,0.0,0.0
unaligned,04,text,44,0.0,0.0,0.0
unaligned,04,text,45,0.0,0.0,0.0
unaligned,04,text,46,0.0,0.0,0.0
unaligned,04,text,47,0.0,0.0,0.0
unaligned,04,text,48,0.0,0.0,0.0
unaligned,04,text,49,0.0,0.0,0.0
unaligned,05,audio,0,0.003869295120239258,0.003869295120239258,0.03298672776599729
unaligned,05,audio,1,0.0025276541709899902,0.0025276541709899902,0.02154889648734745
unaligned,05,audio,2,0.012857377529144287,0.012857377529144287,0.1096124227175279
unaligned,05,audio,3,0.0023260116577148438,0.0023260116577148438,0.019829842632637224
unaligned,05,audio,4,0.017053663730621338,0.017053663730621338,0.1453868328503417
unaligned,05,audio,5,0.012730181217193604,0.012730181217193604,0.10852804171665541
unaligned,05,audio,6,0.015866339206695557,0.015866339206695557,0.1352645884560681
unaligned,05,audio,7,0.015295207500457764,0.015295207500457764,0.130395544992919
unaligned,05,audio,8,0.008691966533660889,0.008691966533660889,0.07410123159054911
unaligned,05,audio,9,0.02102518081665039,0.02102518081665039,0.17924502894646846
unaligned,05,audio,10,0.005055665969848633,0.005055665969848633,0.043100841843488356
unaligned,05,audio,11,-0.0009894371032714844,0.0,0.0
unaligned,05,audio,12,-5.960464477539063e-08,0.0,0.0
unaligned,05,audio,13,-5.960464477539063e-08,0.0,0.0
unaligned,05,audio,14,-5.960464477539063e-08,0.0,0.0
unaligned,05,audio,15,-5.960464477539063e-08,0.0,0.0
unaligned,05,audio,16,-5.960464477539063e-08,0.0,0.0
unaligned,05,audio,17,-5.960464477539063e-08,0.0,0.0
unaligned,05,audio,18,-5.960464477539063e-08,0.0,0.0
unaligned,05,audio,19,-5.960464477539063e-08,0.0,0.0
unaligned,05,audio,20,-5.960464477539063e-08,0.0,0.0
unaligned,05,audio,21,-5.960464477539063e-08,0.0,0.0
unaligned,05,audio,22,-5.960464477539063e-08,0.0,0.0
unaligned,05,audio,23,-5.960464477539063e-08,0.0,0.0
unaligned,05,audio,24,-5.960464477539063e-08,0.0,0.0
unaligned,05,audio,25,-5.960464477539063e-08,0.0,0.0
unaligned,05,audio,26,-5.960464477539063e-08,0.0,0.0
unaligned,05,audio,27,-5.960464477539063e-08,0.0,0.0
unaligned,05,audio,28,-5.960464477539063e-08,0.0,0.0
unaligned,05,audio,29,-5.960464477539063e-08,0.0,0.0
unaligned,05,audio,30,-5.960464477539063e-08,0.0,0.0
unaligned,05,audio,31,-5.960464477539063e-08,0.0,0.0
unaligned,05,audio,32,-5.960464477539063e-08,0.0,0.0
unaligned,05,audio,33,-5.960464477539063e-08,0.0,0.0
unaligned,05,audio,34,-5.960464477539063e-08,0.0,0.0
unaligned,05,audio,35,-5.960464477539063e-08,0.0,0.0
unaligned,05,audio,36,-5.960464477539063e-08,0.0,0.0
unaligned,05,audio,37,-5.960464477539063e-08,0.0,0.0
unaligned,05,audio,38,-5.960464477539063e-08,0.0,0.0
unaligned,05,audio,39,-5.960464477539063e-08,0.0,0.0
unaligned,05,audio,40,-5.960464477539063e-08,0.0,0.0
unaligned,05,audio,41,-5.960464477539063e-08,0.0,0.0
unaligned,05,audio,42,-5.960464477539063e-08,0.0,0.0
unaligned,05,audio,43,-5.960464477539063e-08,0.0,0.0
unaligned,05,audio,44,-5.960464477539063e-08,0.0,0.0
unaligned,05,audio,45,-5.960464477539063e-08,0.0,0.0
unaligned,05,audio,46,-5.960464477539063e-08,0.0,0.0
unaligned,05,audio,47,-5.960464477539063e-08,0.0,0.0
unaligned,05,audio,48,-5.960464477539063e-08,0.0,0.0
unaligned,05,audio,49,-5.960464477539063e-08,0.0,0.0
unaligned,06,text,0,-0.0020009875297546387,0.0,0.0
unaligned,06,text,1,0.002293109893798828,0.002293109893798828,0.030763202821079735
unaligned,06,text,2,0.006822168827056885,0.006822168827056885,0.0915227673448826
unaligned,06,text,3,-0.004694879055023193,0.0,0.0
unaligned,06,text,4,0.0064820051193237305,0.0064820051193237305,0.08695930304617439
unaligned,06,text,5,0.0022690296173095703,0.0022690296173095703,0.03044015400792429
unaligned,06,text,6,0.008791983127593994,0.008791983127593994,0.11794879996161796
unaligned,06,text,7,0.0024196505546569824,0.0024196505546569824,0.03246080834169609
unaligned,06,text,8,-0.0022792816162109375,0.0,0.0
unaligned,06,text,9,0.0014314055442810059,0.0014314055442810059,0.019203012989920717
unaligned,06,text,10,-0.0003063082695007324,0.0,0.0
unaligned,06,text,11,-0.005893588066101074,0.0,0.0
unaligned,06,text,12,0.002314269542694092,0.002314269542694092,0.031047069971253453
unaligned,06,text,13,0.000422060489654541,0.000422060489654541,0.005662150113746767
unaligned,06,text,14,0.005548298358917236,0.005548298358917236,0.07443316527864959
unaligned,06,text,15,0.0037660598754882812,0.0037660598754882812,0.050523554976271104
unaligned,06,text,16,0.0003699660301208496,0.0003699660301208496,0.004963277186276822
unaligned,06,text,17,0.00036150217056274414,0.00036150217056274414,0.004849730326207335
unaligned,06,text,18,-0.004056751728057861,0.0,0.0
unaligned,06,text,19,-0.0006645917892456055,0.0,0.0
unaligned,06,text,20,-0.00448000431060791,0.0,0.0
unaligned,06,text,21,-0.0005218386650085449,0.0,0.0
unaligned,06,text,22,-0.0031400322914123535,0.0,0.0
unaligned,06,text,23,-0.0032179951667785645,0.0,0.0
unaligned,06,text,24,0.010488450527191162,0.010488450527191162,0.14070774877357398
unaligned,06,text,25,0.007228851318359375,0.007228851318359375,0.09697861400864395
unaligned,06,text,26,0.007054448127746582,0.007054448127746582,0.09463890899059241
unaligned,06,text,27,0.0029044747352600098,0.0029044747352600098,0.03896496439666236
unaligned,06,text,28,-0.004097938537597656,0.0,0.0
unaligned,06,text,29,-0.006484031677246094,0.0,0.0
unaligned,06,text,30,-0.00018072128295898438,0.0,0.0
unaligned,06,text,31,0.003378450870513916,0.003378450870513916,0.045323588560553664
unaligned,06,text,32,-0.0035596489906311035,0.0,0.0
unaligned,06,text,33,0.0001944899559020996,0.0001944899559020996,0.0026091789042728005
unaligned,06,text,34,-0.0009207725524902344,0.0,0.0
unaligned,06,text,35,-0.0001125335693359375,0.0,0.0
unaligned,06,text,36,-0.005403637886047363,0.0,0.0
unaligned,06,text,37,0.0,0.0,0.0
unaligned,06,text,38,0.0,0.0,0.0
unaligned,06,text,39,0.0,0.0,0.0
unaligned,06,text,40,0.0,0.0,0.0
unaligned,06,text,41,0.0,0.0,0.0
unaligned,06,text,42,0.0,0.0,0.0
unaligned,06,text,43,0.0,0.0,0.0
unaligned,06,text,44,0.0,0.0,0.0
unaligned,06,text,45,0.0,0.0,0.0
unaligned,06,text,46,0.0,0.0,0.0
unaligned,06,text,47,0.0,0.0,0.0
unaligned,06,text,48,0.0,0.0,0.0
unaligned,06,text,49,0.0,0.0,0.0
unaligned,07,text,0,0.0018181800842285156,0.0018181800842285156,0.01697159605553936
unaligned,07,text,1,-0.0005785822868347168,0.0,0.0
unaligned,07,text,2,-0.004335284233093262,0.0,0.0
unaligned,07,text,3,-0.0039487481117248535,0.0,0.0
unaligned,07,text,4,-0.0010190010070800781,0.0,0.0
unaligned,07,text,5,-0.00026410818099975586,0.0,0.0
unaligned,07,text,6,-0.004529118537902832,0.0,0.0
unaligned,07,text,7,-0.000839531421661377,0.0,0.0
unaligned,07,text,8,-0.0053588151931762695,0.0,0.0
unaligned,07,text,9,-0.007928729057312012,0.0,0.0
unaligned,07,text,10,-0.007278263568878174,0.0,0.0
unaligned,07,text,11,-0.009185969829559326,0.0,0.0
unaligned,07,text,12,-0.002913355827331543,0.0,0.0
unaligned,07,text,13,-0.0032744407653808594,0.0,0.0
unaligned,07,text,14,0.005884528160095215,0.005884528160095215,0.05492846158468328
unaligned,07,text,15,0.0061013102531433105,0.0061013102531433105,0.0569519894778775
unaligned,07,text,16,-0.0001240372657775879,0.0,0.0
unaligned,07,text,17,0.0024490952491760254,0.0024490952491760254,0.02286080220056572
unaligned,07,text,18,-0.002996087074279785,0.0,0.0
unaligned,07,text,19,0.006600379943847656,0.006600379943847656,0.06161049897738678
unaligned,07,text,20,0.0029613375663757324,0.0029613375663757324,0.02764227009006563
unaligned,07,text,21,0.014327049255371094,0.014327049255371094,0.13373421848537517
unaligned,07,text,22,0.011901497840881348,0.011901497840881348,0.11109318354293751
unaligned,07,text,23,0.00838690996170044,0.00838690996170044,0.0782866610732654
unaligned,07,text,24,0.007978677749633789,0.007978677749633789,0.07447606372916662
unaligned,07,text,25,0.0015360116958618164,0.0015360116958618164,0.01433772719483508
unaligned,07,text,26,0.001464247703552246,0.001464247703552246,0.013667854337148568
unaligned,07,text,27,0.0017071366310119629,0.0017071366310119629,0.015935073519102505
unaligned,07,text,28,-0.0010505914688110352,0.0,0.0
unaligned,07,text,29,0.004345357418060303,0.004345357418060303,0.040561246631162666
unaligned,07,text,30,0.0024889111518859863,0.0024889111518859863,0.02323245923456455
unaligned,07,text,31,0.0027413368225097656,0.0027413368225097656,0.025588698065380482
unaligned,07,text,32,0.0009712576866149902,0.0009712576866149902,0.00906609486378881
unaligned,07,text,33,-0.007325947284698486,0.0,0.0
unaligned,07,text,34,-0.004189729690551758,0.0,0.0
unaligned,07,text,35,-0.0014572739601135254,0.0,0.0
unaligned,07,text,36,-0.0019021034240722656,0.0,0.0
unaligned,07,text,37,-0.0038799643516540527,0.0,0.0
unaligned,07,text,38,-0.003943443298339844,0.0,0.0
unaligned,07,text,39,-0.00815647840499878,0.0,0.0
unaligned,07,text,40,-0.005369961261749268,0.0,0.0
unaligned,07,text,41,-0.005902886390686035,0.0,0.0
unaligned,07,text,42,0.0004349946975708008,0.0004349946975708008,0.0040604087337177495
unaligned,07,text,43,-0.0012431144714355469,0.0,0.0
unaligned,07,text,44,0.005282461643218994,0.005282461643218994,0.049308539877464454
unaligned,07,text,45,0.003031492233276367,0.003031492233276367,0.02829712088200668
unaligned,07,text,46,0.003887653350830078,0.003887653350830078,0.03628885985859229
unaligned,07,text,47,0.0021820068359375,0.0021820068359375,0.02036769565962447
unaligned,07,text,48,-0.003705441951751709,0.0,0.0
unaligned,07,text,49,0.008648931980133057,0.008648931980133057,0.08073247592574871
unaligned,08,text,0,0.019284844398498535,0.019284844398498535,0.10269303148307964
unaligned,08,text,1,0.005725264549255371,0.005725264549255371,0.030487400388432347
unaligned,08,text,2,0.07562536001205444,0.07562536001205444,0.4027098853461215
unaligned,08,text,3,0.03398317098617554,0.03398317098617554,0.1809625618887499
unaligned,08,text,4,-0.002515733242034912,0.0,0.0
unaligned,08,text,5,0.00741732120513916,0.00741732120513916,0.039497710445554564
unaligned,08,text,6,0.004387855529785156,0.004387855529785156,0.02336561170794382
unaligned,08,text,7,-0.017927885055541992,0.0,0.0
unaligned,08,text,8,0.008430242538452148,0.008430242538452148,0.044891581416060936
unaligned,08,text,9,0.020787060260772705,0.020787060260772705,0.11069242715623911
unaligned,08,text,10,0.012150049209594727,0.012150049209594727,0.06469979016781814
unaligned,08,text,11,-0.010942697525024414,0.0,0.0
unaligned,08,text,12,-0.0015636086463928223,0.0,0.0
unaligned,08,text,13,0.0,0.0,0.0
unaligned,08,text,14,0.0,0.0,0.0
unaligned,08,text,15,0.0,0.0,0.0
unaligned,08,text,16,0.0,0.0,0.0
unaligned,08,text,17,0.0,0.0,0.0
unaligned,08,text,18,0.0,0.0,0.0
unaligned,08,text,19,0.0,0.0,0.0
unaligned,08,text,20,0.0,0.0,0.0
unaligned,08,text,21,0.0,0.0,0.0
unaligned,08,text,22,0.0,0.0,0.0
unaligned,08,text,23,0.0,0.0,0.0
unaligned,08,text,24,0.0,0.0,0.0
unaligned,08,text,25,0.0,0.0,0.0
unaligned,08,text,26,0.0,0.0,0.0
unaligned,08,text,27,0.0,0.0,0.0
unaligned,08,text,28,0.0,0.0,0.0
unaligned,08,text,29,0.0,0.0,0.0
unaligned,08,text,30,0.0,0.0,0.0
unaligned,08,text,31,0.0,0.0,0.0
unaligned,08,text,32,0.0,0.0,0.0
unaligned,08,text,33,0.0,0.0,0.0
unaligned,08,text,34,0.0,0.0,0.0
unaligned,08,text,35,0.0,0.0,0.0
unaligned,08,text,36,0.0,0.0,0.0
unaligned,08,text,37,0.0,0.0,0.0
unaligned,08,text,38,0.0,0.0,0.0
unaligned,08,text,39,0.0,0.0,0.0
unaligned,08,text,40,0.0,0.0,0.0
unaligned,08,text,41,0.0,0.0,0.0
unaligned,08,text,42,0.0,0.0,0.0
unaligned,08,text,43,0.0,0.0,0.0
unaligned,08,text,44,0.0,0.0,0.0
unaligned,08,text,45,0.0,0.0,0.0
unaligned,08,text,46,0.0,0.0,0.0
unaligned,08,text,47,0.0,0.0,0.0
unaligned,08,text,48,0.0,0.0,0.0
unaligned,08,text,49,0.0,0.0,0.0
unaligned,09,text,0,0.0018399953842163086,0.0018399953842163086,0.09742288538372687
unaligned,09,text,1,0.0022794604301452637,0.0022794604301452637,0.12069139636313142
unaligned,09,text,2,0.0009239315986633301,0.0009239315986633301,0.04891973263145936
unaligned,09,text,3,0.001085042953491211,0.001085042953491211,0.05745015243036489
unaligned,09,text,4,0.0007714033126831055,0.0007714033126831055,0.040843763609854006
unaligned,09,text,5,-0.0003679990768432617,0.0,0.0
unaligned,09,text,6,0.0015470385551452637,0.0015470385551452637,0.08191159670018242
unaligned,09,text,7,0.0015807151794433594,0.0015807151794433594,0.0836946848194505
unaligned,09,text,8,0.0008231997489929199,0.0008231997489929199,0.04358624781453359
unaligned,09,text,9,0.0012959837913513184,0.0012959837913513184,0.06861891146415204
unaligned,09,text,10,0.0020623207092285156,0.0020623207092285156,0.10919442287907191
unaligned,09,text,11,6.979703903198242e-05,6.979703903198242e-05,0.003695568473739688
unaligned,09,text,12,-0.001263737678527832,0.0,0.0
unaligned,09,text,13,-0.00100630521774292,0.0,0.0
unaligned,09,text,14,-0.0014012455940246582,0.0,0.0
unaligned,09,text,15,-0.002695918083190918,0.0,0.0
unaligned,09,text,16,-0.0017431378364562988,0.0,0.0
unaligned,09,text,17,0.00020647048950195312,0.00020647048950195312,0.010932065920609973
unaligned,09,text,18,0.0034404397010803223,0.0034404397010803223,0.18216217580933264
unaligned,09,text,19,0.0009608864784240723,0.0009608864784240723,0.0508763957003907
unaligned,09,text,20,-1.1920928955078125e-07,0.0,0.0
unaligned,09,text,21,-1.1920928955078125e-07,0.0,0.0
unaligned,09,text,22,-1.1920928955078125e-07,0.0,0.0
unaligned,09,text,23,-1.1920928955078125e-07,0.0,0.0
unaligned,09,text,24,-1.1920928955078125e-07,0.0,0.0
unaligned,09,text,25,-1.1920928955078125e-07,0.0,0.0
unaligned,09,text,26,-1.1920928955078125e-07,0.0,0.0
unaligned,09,text,27,-1.1920928955078125e-07,0.0,0.0
unaligned,09,text,28,-1.1920928955078125e-07,0.0,0.0
unaligned,09,text,29,-1.1920928955078125e-07,0.0,0.0
unaligned,09,text,30,-1.1920928955078125e-07,0.0,0.0
unaligned,09,text,31,-1.1920928955078125e-07,0.0,0.0
unaligned,09,text,32,-1.1920928955078125e-07,0.0,0.0
unaligned,09,text,33,-1.1920928955078125e-07,0.0,0.0
unaligned,09,text,34,-1.1920928955078125e-07,0.0,0.0
unaligned,09,text,35,-1.1920928955078125e-07,0.0,0.0
unaligned,09,text,36,-1.1920928955078125e-07,0.0,0.0
unaligned,09,text,37,-1.1920928955078125e-07,0.0,0.0
unaligned,09,text,38,-1.1920928955078125e-07,0.0,0.0
unaligned,09,text,39,-1.1920928955078125e-07,0.0,0.0
unaligned,09,text,40,-1.1920928955078125e-07,0.0,0.0
unaligned,09,text,41,-1.1920928955078125e-07,0.0,0.0
unaligned,09,text,42,-1.1920928955078125e-07,0.0,0.0
unaligned,09,text,43,-1.1920928955078125e-07,0.0,0.0
unaligned,09,text,44,-1.1920928955078125e-07,0.0,0.0
unaligned,09,text,45,-1.1920928955078125e-07,0.0,0.0
unaligned,09,text,46,-1.1920928955078125e-07,0.0,0.0
unaligned,09,text,47,-1.1920928955078125e-07,0.0,0.0
unaligned,09,text,48,-1.1920928955078125e-07,0.0,0.0
unaligned,09,text,49,-1.1920928955078125e-07,0.0,0.0
unaligned,10,text,0,0.013474881649017334,0.013474881649017334,0.09109782324432862
unaligned,10,text,1,0.013704836368560791,0.013704836368560791,0.09265244724332283
unaligned,10,text,2,0.001517176628112793,0.001517176628112793,0.010256972335510263
unaligned,10,text,3,0.00295102596282959,0.00295102596282959,0.01995060502597286
unaligned,10,text,4,-0.0027234554290771484,0.0,0.0
unaligned,10,text,5,0.0006530284881591797,0.0006530284881591797,0.004414842025137521
unaligned,10,text,6,-0.00501251220703125,0.0,0.0
unaligned,10,text,7,0.00018554925918579102,0.00018554925918579102,0.0012544179649738136
unaligned,10,text,8,-0.005054950714111328,0.0,0.0
unaligned,10,text,9,-0.00014966726303100586,0.0,0.0
unaligned,10,text,10,-0.0014007091522216797,0.0,0.0
unaligned,10,text,11,0.01653975248336792,0.01653975248336792,0.11181808400852827
unaligned,10,text,12,0.014889836311340332,0.014889836311340332,0.10066371725991274
unaligned,10,text,13,0.005018711090087891,0.005018711090087891,0.03392932626109704
unaligned,10,text,14,0.008725881576538086,0.008725881576538086,0.05899189604892593
unaligned,10,text,15,0.0038118362426757812,0.0038118362426757812,0.025770169513654136
unaligned,10,text,16,0.0062541961669921875,0.0062541961669921875,0.04228190434589538
unaligned,10,text,17,0.002913236618041992,0.002913236618041992,0.019695127676215906
unaligned,10,text,18,-0.004391670227050781,0.0,0.0
unaligned,10,text,19,-0.0034021735191345215,0.0,0.0
unaligned,10,text,20,0.0053672194480896,0.0053672194480896,0.036285439926757784
unaligned,10,text,21,-0.010028243064880371,0.0,0.0
unaligned,10,text,22,-0.0023128390312194824,0.0,0.0
unaligned,10,text,23,0.004094481468200684,0.004094481468200684,0.027681011142277914
unaligned,10,text,24,0.0028247833251953125,0.0028247833251953125,0.019097133374892057
unaligned,10,text,25,-0.0027805566787719727,0.0,0.0
unaligned,10,text,26,0.0039727091789245605,0.0039727091789245605,0.026857761575158897
unaligned,10,text,27,0.004692435264587402,0.004692435264587402,0.03172351709300625
unaligned,10,text,28,0.011187434196472168,0.011187434196472168,0.0756333843616431
unaligned,10,text,29,0.003424227237701416,0.003424227237701416,0.02314971335360765
unaligned,10,text,30,0.015892863273620605,0.015892863273620605,0.10744474697869827
unaligned,10,text,31,0.005820512771606445,0.005820512771606445,0.03934995924048276
unaligned,10,text,32,-1.1920928955078125e-07,0.0,0.0
unaligned,10,text,33,-1.1920928955078125e-07,0.0,0.0
unaligned,10,text,34,-1.1920928955078125e-07,0.0,0.0
unaligned,10,text,35,-1.1920928955078125e-07,0.0,0.0
unaligned,10,text,36,-1.1920928955078125e-07,0.0,0.0
unaligned,10,text,37,-1.1920928955078125e-07,0.0,0.0
unaligned,10,text,38,-1.1920928955078125e-07,0.0,0.0
unaligned,10,text,39,-1.1920928955078125e-07,0.0,0.0
unaligned,10,text,40,-1.1920928955078125e-07,0.0,0.0
unaligned,10,text,41,-1.1920928955078125e-07,0.0,0.0
unaligned,10,text,42,-1.1920928955078125e-07,0.0,0.0
unaligned,10,text,43,-1.1920928955078125e-07,0.0,0.0
unaligned,10,text,44,-1.1920928955078125e-07,0.0,0.0
unaligned,10,text,45,-1.1920928955078125e-07,0.0,0.0
unaligned,10,text,46,-1.1920928955078125e-07,0.0,0.0
unaligned,10,text,47,-1.1920928955078125e-07,0.0,0.0
unaligned,10,text,48,-1.1920928955078125e-07,0.0,0.0
unaligned,10,text,49,-1.1920928955078125e-07,0.0,0.0
unaligned,11,text,0,0.07942897081375122,0.07942897081375122,0.16078096337525438
unaligned,11,text,1,0.005052745342254639,0.005052745342254639,0.010227820598638367
unaligned,11,text,2,-0.01078122854232788,0.0,0.0
unaligned,11,text,3,0.01272130012512207,0.01272130012512207,0.025750590351962217
unaligned,11,text,4,0.05951738357543945,0.05951738357543945,0.12047571774878153
unaligned,11,text,5,0.050964295864105225,0.050964295864105225,0.10316246708000554
unaligned,11,text,6,0.07644045352935791,0.07644045352935791,0.1547315750585526
unaligned,11,text,7,0.11219829320907593,0.11219829320907593,0.22711297258923327
unaligned,11,text,8,-0.012779295444488525,0.0,0.0
unaligned,11,text,9,0.003835022449493408,0.003835022449493408,0.007762893031071842
unaligned,11,text,10,-0.017503201961517334,0.0,0.0
unaligned,11,text,11,0.004461944103240967,0.004461944103240967,0.009031914477751465
unaligned,11,text,12,-0.04783433675765991,0.0,0.0
unaligned,11,text,13,-0.008782148361206055,0.0,0.0
unaligned,11,text,14,0.04639190435409546,0.04639190435409546,0.09390698379252814
unaligned,11,text,15,0.043005406856536865,0.043005406856536865,0.08705199971622567
unaligned,11,text,16,5.960464477539063e-08,5.960464477539063e-08,1.2065235279327089e-07
unaligned,11,text,17,5.960464477539063e-08,5.960464477539063e-08,1.2065235279327089e-07
unaligned,11,text,18,5.960464477539063e-08,5.960464477539063e-08,1.2065235279327089e-07
unaligned,11,text,19,5.960464477539063e-08,5.960464477539063e-08,1.2065235279327089e-07
unaligned,11,text,20,5.960464477539063e-08,5.960464477539063e-08,1.2065235279327089e-07
unaligned,11,text,21,5.960464477539063e-08,5.960464477539063e-08,1.2065235279327089e-07
unaligned,11,text,22,5.960464477539063e-08,5.960464477539063e-08,1.2065235279327089e-07
unaligned,11,text,23,5.960464477539063e-08,5.960464477539063e-08,1.2065235279327089e-07
unaligned,11,text,24,5.960464477539063e-08,5.960464477539063e-08,1.2065235279327089e-07
unaligned,11,text,25,5.960464477539063e-08,5.960464477539063e-08,1.2065235279327089e-07
unaligned,11,text,26,5.960464477539063e-08,5.960464477539063e-08,1.2065235279327089e-07
unaligned,11,text,27,5.960464477539063e-08,5.960464477539063e-08,1.2065235279327089e-07
unaligned,11,text,28,5.960464477539063e-08,5.960464477539063e-08,1.2065235279327089e-07
unaligned,11,text,29,5.960464477539063e-08,5.960464477539063e-08,1.2065235279327089e-07
unaligned,11,text,30,5.960464477539063e-08,5.960464477539063e-08,1.2065235279327089e-07
unaligned,11,text,31,5.960464477539063e-08,5.960464477539063e-08,1.2065235279327089e-07
unaligned,11,text,32,5.960464477539063e-08,5.960464477539063e-08,1.2065235279327089e-07
unaligned,11,text,33,5.960464477539063e-08,5.960464477539063e-08,1.2065235279327089e-07
unaligned,11,text,34,5.960464477539063e-08,5.960464477539063e-08,1.2065235279327089e-07
unaligned,11,text,35,5.960464477539063e-08,5.960464477539063e-08,1.2065235279327089e-07
unaligned,11,text,36,5.960464477539063e-08,5.960464477539063e-08,1.2065235279327089e-07
unaligned,11,text,37,5.960464477539063e-08,5.960464477539063e-08,1.2065235279327089e-07
unaligned,11,text,38,5.960464477539063e-08,5.960464477539063e-08,1.2065235279327089e-07
unaligned,11,text,39,5.960464477539063e-08,5.960464477539063e-08,1.2065235279327089e-07
unaligned,11,text,40,5.960464477539063e-08,5.960464477539063e-08,1.2065235279327089e-07
unaligned,11,text,41,5.960464477539063e-08,5.960464477539063e-08,1.2065235279327089e-07
unaligned,11,text,42,5.960464477539063e-08,5.960464477539063e-08,1.2065235279327089e-07
unaligned,11,text,43,5.960464477539063e-08,5.960464477539063e-08,1.2065235279327089e-07
unaligned,11,text,44,5.960464477539063e-08,5.960464477539063e-08,1.2065235279327089e-07
unaligned,11,text,45,5.960464477539063e-08,5.960464477539063e-08,1.2065235279327089e-07
unaligned,11,text,46,5.960464477539063e-08,5.960464477539063e-08,1.2065235279327089e-07
unaligned,11,text,47,5.960464477539063e-08,5.960464477539063e-08,1.2065235279327089e-07
unaligned,11,text,48,5.960464477539063e-08,5.960464477539063e-08,1.2065235279327089e-07
unaligned,11,text,49,5.960464477539063e-08,5.960464477539063e-08,1.2065235279327089e-07
unaligned,12,text,0,-0.002150297164916992,0.0,0.0
unaligned,12,text,1,-0.0010010600090026855,0.0,0.0
unaligned,12,text,2,0.0005893111228942871,0.0005893111228942871,0.005142411029839715
unaligned,12,text,3,0.0002722740173339844,0.0002722740173339844,0.0023759010401848708
unaligned,12,text,4,-0.0034137368202209473,0.0,0.0
unaligned,12,text,5,-0.0015357732772827148,0.0,0.0
unaligned,12,text,6,0.0009616613388061523,0.0009616613388061523,0.008391590933087282
unaligned,12,text,7,0.007489144802093506,0.007489144802093506,0.06535132180300098
unaligned,12,text,8,0.006120920181274414,0.006120920181274414,0.05341200298131891
unaligned,12,text,9,0.0034468770027160645,0.0034468770027160645,0.030077929346070686
unaligned,12,text,10,0.0019286870956420898,0.0019286870956420898,0.016829992525897997
unaligned,12,text,11,0.0002598762512207031,0.0002598762512207031,0.0022677164043796052
unaligned,12,text,12,0.0014623403549194336,0.0014623403549194336,0.012760585840607623
unaligned,12,text,13,0.0033306479454040527,0.0033306479454040527,0.02906369838539632
unaligned,12,text,14,0.005829453468322754,0.005829453468322754,0.05086862380301242
unaligned,12,text,15,0.006031394004821777,0.006031394004821777,0.05263078508237896
unaligned,12,text,16,0.005486190319061279,0.005486190319061279,0.04787326169915413
unaligned,12,text,17,-0.00044161081314086914,0.0,0.0
unaligned,12,text,18,0.006968557834625244,0.006968557834625244,0.06080860733606257
unaligned,12,text,19,0.0016570091247558594,0.0016570091247558594,0.014459292670126841
unaligned,12,text,20,1.1920928955078125e-07,1.1920928955078125e-07,1.0402368827429383e-06
unaligned,12,text,21,-0.0015826225280761719,0.0,0.0
unaligned,12,text,22,0.003594815731048584,0.003594815731048584,0.031368863317554674
unaligned,12,text,23,0.0060495734214782715,0.0060495734214782715,0.052789421206997256
unaligned,12,text,24,0.008274853229522705,0.008274853229522705,0.07220752309715968
unaligned,12,text,25,-0.0014247298240661621,0.0,0.0
unaligned,12,text,26,0.004354596138000488,0.004354596138000488,0.03799881308971679
unaligned,12,text,27,-0.0010382533073425293,0.0,0.0
unaligned,12,text,28,-0.0058405399322509766,0.0,0.0
unaligned,12,text,29,-0.0028901100158691406,0.0,0.0
unaligned,12,text,30,0.006785094738006592,0.006785094738006592,0.05920768277352119
unaligned,12,text,31,-0.0020599365234375,0.0,0.0
unaligned,12,text,32,0.0004348158836364746,0.0004348158836364746,0.0037942640298048672
unaligned,12,text,33,0.006852388381958008,0.006852388381958008,0.059794896493829575
unaligned,12,text,34,0.00873023271560669,0.00873023271560669,0.07618122798923771
unaligned,12,text,35,0.00017821788787841797,0.00017821788787841797,0.0015551541397006926
unaligned,12,text,36,0.004197895526885986,0.004197895526885986,0.036631421707351196
unaligned,12,text,37,-0.0005462169647216797,0.0,0.0
unaligned,12,text,38,-0.00047791004180908203,0.0,0.0
unaligned,12,text,39,-0.00021380186080932617,0.0,0.0
unaligned,12,text,40,0.004178464412689209,0.004178464412689209,0.0364618630954641
unaligned,12,text,41,0.009132802486419678,0.009132802486419678,0.07969410794226062
unaligned,12,text,42,-0.0010583996772766113,0.0,0.0
unaligned,12,text,43,-0.00020295381546020508,0.0,0.0
unaligned,12,text,44,0.0,0.0,0.0
unaligned,12,text,45,0.0,0.0,0.0
unaligned,12,text,46,0.0,0.0,0.0
unaligned,12,text,47,0.0,0.0,0.0
unaligned,12,text,48,0.0,0.0,0.0
unaligned,12,text,49,0.0,0.0,0.0
unaligned,13,text,0,0.0013009309768676758,0.0013009309768676758,0.038584640569382433
unaligned,13,text,1,0.0017687976360321045,0.0017687976360321045,0.05246121603668599
unaligned,13,text,2,-0.002148866653442383,0.0,0.0
unaligned,13,text,3,-0.0028586983680725098,0.0,0.0
unaligned,13,text,4,-0.0036566853523254395,0.0,0.0
unaligned,13,text,5,0.002709627151489258,0.002709627151489258,0.08036551636965662
unaligned,13,text,6,0.006213098764419556,0.006213098764419556,0.18427586621422024
unaligned,13,text,7,-0.001057446002960205,0.0,0.0
unaligned,13,text,8,0.00033104419708251953,0.00033104419708251953,0.00981852349135664
unaligned,13,text,9,-0.0017808377742767334,0.0,0.0
unaligned,13,text,10,0.001668304204940796,0.001668304204940796,0.04948065597071061
unaligned,13,text,11,-0.005741596221923828,0.0,0.0
unaligned,13,text,12,-0.003552168607711792,0.0,0.0
unaligned,13,text,13,-0.0017785429954528809,0.0,0.0
unaligned,13,text,14,0.00016430020332336426,0.00016430020332336426,0.0048730212466554885
unaligned,13,text,15,-0.0026369988918304443,0.0,0.0
unaligned,13,text,16,-0.0037412047386169434,0.0,0.0
unaligned,13,text,17,0.0009906888008117676,0.0009906888008117676,0.02938308947602426
unaligned,13,text,18,-0.00019747018814086914,0.0,0.0
unaligned,13,text,19,0.0022733211517333984,0.0022733211517333984,0.06742500647467452
unaligned,13,text,20,0.00035372376441955566,0.00035372376441955566,0.010491182509804823
unaligned,13,text,21,0.0051795244216918945,0.0051795244216918945,0.1536208236139556
unaligned,13,text,22,-0.0023986399173736572,0.0,0.0
unaligned,13,text,23,0.0008804798126220703,0.0008804798126220703,0.026114373247086837
unaligned,13,text,24,0.001347869634628296,0.001347869634628296,0.039976806080625385
unaligned,13,text,25,-0.0009707212448120117,0.0,0.0
unaligned,13,text,26,0.0021220147609710693,0.0021220147609710693,0.0629373719981155
unaligned,13,text,27,0.0020931363105773926,0.0020931363105773926,0.06208085874072221
unaligned,13,text,28,-0.002826869487762451,0.0,0.0
unaligned,13,text,29,0.0004305541515350342,0.0004305541515350342,0.0127699143751917
unaligned,13,text,30,0.0038888752460479736,0.0038888752460479736,0.11534113358513114
unaligned,13,text,31,-0.0018889904022216797,0.0,0.0
unaligned,13,text,32,0.0,0.0,0.0
unaligned,13,text,33,0.0,0.0,0.0
unaligned,13,text,34,0.0,0.0,0.0
unaligned,13,text,35,0.0,0.0,0.0
unaligned,13,text,36,0.0,0.0,0.0
unaligned,13,text,37,0.0,0.0,0.0
unaligned,13,text,38,0.0,0.0,0.0
unaligned,13,text,39,0.0,0.0,0.0
unaligned,13,text,40,0.0,0.0,0.0
unaligned,13,text,41,0.0,0.0,0.0
unaligned,13,text,42,0.0,0.0,0.0
unaligned,13,text,43,0.0,0.0,0.0
unaligned,13,text,44,0.0,0.0,0.0
unaligned,13,text,45,0.0,0.0,0.0
unaligned,13,text,46,0.0,0.0,0.0
unaligned,13,text,47,0.0,0.0,0.0
unaligned,13,text,48,0.0,0.0,0.0
unaligned,13,text,49,0.0,0.0,0.0
unaligned,14,text,0,0.0011662542819976807,0.0011662542819976807,0.012818417274482102
unaligned,14,text,1,0.0014348328113555908,0.0014348328113555908,0.0157703907106519
unaligned,14,text,2,0.012517184019088745,0.012517184019088745,0.13757761950791927
unaligned,14,text,3,0.010441958904266357,0.010441958904266357,0.11476861304089624
unaligned,14,text,4,0.004308462142944336,0.004308462142944336,0.04735473765204121
unaligned,14,text,5,-0.004644125699996948,0.0,0.0
unaligned,14,text,6,0.0008529722690582275,0.0008529722690582275,0.009375103386220128
unaligned,14,text,7,0.006746560335159302,0.006746560335159302,0.07415211834884713
unaligned,14,text,8,-0.002639561891555786,0.0,0.0
unaligned,14,text,9,0.00016239285469055176,0.00016239285469055176,0.001784876082300181
unaligned,14,text,10,0.01004171371459961,0.01004171371459961,0.11036947819316427
unaligned,14,text,11,0.0015014410018920898,0.0015014410018920898,0.016502487984269246
unaligned,14,text,12,-0.0041697025299072266,0.0,0.0
unaligned,14,text,13,0.001801908016204834,0.001801908016204834,0.01980495094293146
unaligned,14,text,14,0.000378340482711792,0.000378340482711792,0.004158378026206789
unaligned,14,text,15,0.006821930408477783,0.006821930408477783,0.07498051835107454
unaligned,14,text,16,0.007755488157272339,0.007755488157272339,0.08524134479226617
unaligned,14,text,17,0.0007392466068267822,0.0007392466068267822,0.00812513327609763
unaligned,14,text,18,-0.009310811758041382,0.0,0.0
unaligned,14,text,19,-0.016125530004501343,0.0,0.0
unaligned,14,text,20,-0.007048308849334717,0.0,0.0
unaligned,14,text,21,-0.0014832913875579834,0.0,0.0
unaligned,14,text,22,0.0005651414394378662,0.0005651414394378662,0.0062115259953492985
unaligned,14,text,23,0.00985744595527649,0.00985744595527649,0.10834417284964032
unaligned,14,text,24,0.0040826499462127686,0.0040826499462127686,0.044872813248372924
unaligned,14,text,25,-0.006473749876022339,0.0,0.0
unaligned,14,text,26,-0.008998662233352661,0.0,0.0
unaligned,14,text,27,-0.003520786762237549,0.0,0.0
unaligned,14,text,28,-0.0006713569164276123,0.0,0.0
unaligned,14,text,29,-0.00550273060798645,0.0,0.0
unaligned,14,text,30,-0.015355139970779419,0.0,0.0
unaligned,14,text,31,0.005210459232330322,0.005210459232330322,0.05726867773405576
unaligned,14,text,32,0.004596322774887085,0.004596322774887085,0.05051864260321343
unaligned,14,text,33,-0.016937971115112305,0.0,0.0
unaligned,14,text,34,-0.0070067644119262695,0.0,0.0
unaligned,14,text,35,-0.001920461654663086,0.0,0.0
unaligned,14,text,36,-0.006776928901672363,0.0,0.0
unaligned,14,text,37,0.0,0.0,0.0
unaligned,14,text,38,0.0,0.0,0.0
unaligned,14,text,39,0.0,0.0,0.0
unaligned,14,text,40,0.0,0.0,0.0
unaligned,14,text,41,0.0,0.0,0.0
unaligned,14,text,42,0.0,0.0,0.0
unaligned,14,text,43,0.0,0.0,0.0
unaligned,14,text,44,0.0,0.0,0.0
unaligned,14,text,45,0.0,0.0,0.0
unaligned,14,text,46,0.0,0.0,0.0
unaligned,14,text,47,0.0,0.0,0.0
unaligned,14,text,48,0.0,0.0,0.0
unaligned,14,text,49,0.0,0.0,0.0
unaligned,15,audio,0,0.0014376044273376465,0.0014376044273376465,0.08070630987555588
unaligned,15,audio,1,0.0011372566223144531,0.0011372566223144531,0.06384495179839986
unaligned,15,audio,2,0.0009772181510925293,0.0009772181510925293,0.05486048138022881
unaligned,15,audio,3,0.0015889406204223633,0.0015889406204223633,0.08920223925795301
unaligned,15,audio,4,0.0012381672859191895,0.0012381672859191895,0.06951002011049058
unaligned,15,audio,5,0.0012202858924865723,0.0012202858924865723,0.06850616866711952
unaligned,15,audio,6,0.0011913776397705078,0.0011913776397705078,0.06688327550033629
unaligned,15,audio,7,0.001389622688293457,0.001389622688293457,0.07801264183584351
unaligned,15,audio,8,0.0007157325744628906,0.0007157325744628906,0.04018082710666591
unaligned,15,audio,9,0.0011245012283325195,0.0011245012283325195,0.0631288711021285
unaligned,15,audio,10,0.0004805922508239746,0.0004805922508239746,0.026980180626336378
unaligned,15,audio,11,0.00122755765914917,0.00122755765914917,0.06891440158742375
unaligned,15,audio,12,0.0014721155166625977,0.0014721155166625977,0.08264374316126204
unaligned,15,audio,13,0.001014113426208496,0.001014113426208496,0.05693176152505111
unaligned,15,audio,14,0.001595616340637207,0.001595616340637207,0.08957701046347821
unaligned,15,audio,15,5.960464477539063e-08,5.960464477539063e-08,3.3461714779035567e-06
unaligned,15,audio,16,5.960464477539063e-08,5.960464477539063e-08,3.3461714779035567e-06
unaligned,15,audio,17,5.960464477539063e-08,5.960464477539063e-08,3.3461714779035567e-06
unaligned,15,audio,18,5.960464477539063e-08,5.960464477539063e-08,3.3461714779035567e-06
unaligned,15,audio,19,5.960464477539063e-08,5.960464477539063e-08,3.3461714779035567e-06
unaligned,15,audio,20,5.960464477539063e-08,5.960464477539063e-08,3.3461714779035567e-06
unaligned,15,audio,21,5.960464477539063e-08,5.960464477539063e-08,3.3461714779035567e-06
unaligned,15,audio,22,5.960464477539063e-08,5.960464477539063e-08,3.3461714779035567e-06
unaligned,15,audio,23,5.960464477539063e-08,5.960464477539063e-08,3.3461714779035567e-06
unaligned,15,audio,24,5.960464477539063e-08,5.960464477539063e-08,3.3461714779035567e-06
unaligned,15,audio,25,5.960464477539063e-08,5.960464477539063e-08,3.3461714779035567e-06
unaligned,15,audio,26,5.960464477539063e-08,5.960464477539063e-08,3.3461714779035567e-06
unaligned,15,audio,27,5.960464477539063e-08,5.960464477539063e-08,3.3461714779035567e-06
unaligned,15,audio,28,5.960464477539063e-08,5.960464477539063e-08,3.3461714779035567e-06
unaligned,15,audio,29,5.960464477539063e-08,5.960464477539063e-08,3.3461714779035567e-06
unaligned,15,audio,30,5.960464477539063e-08,5.960464477539063e-08,3.3461714779035567e-06
unaligned,15,audio,31,5.960464477539063e-08,5.960464477539063e-08,3.3461714779035567e-06
unaligned,15,audio,32,5.960464477539063e-08,5.960464477539063e-08,3.3461714779035567e-06
unaligned,15,audio,33,5.960464477539063e-08,5.960464477539063e-08,3.3461714779035567e-06
unaligned,15,audio,34,5.960464477539063e-08,5.960464477539063e-08,3.3461714779035567e-06
unaligned,15,audio,35,5.960464477539063e-08,5.960464477539063e-08,3.3461714779035567e-06
unaligned,15,audio,36,5.960464477539063e-08,5.960464477539063e-08,3.3461714779035567e-06
unaligned,15,audio,37,5.960464477539063e-08,5.960464477539063e-08,3.3461714779035567e-06
unaligned,15,audio,38,5.960464477539063e-08,5.960464477539063e-08,3.3461714779035567e-06
unaligned,15,audio,39,5.960464477539063e-08,5.960464477539063e-08,3.3461714779035567e-06
unaligned,15,audio,40,5.960464477539063e-08,5.960464477539063e-08,3.3461714779035567e-06
unaligned,15,audio,41,5.960464477539063e-08,5.960464477539063e-08,3.3461714779035567e-06
unaligned,15,audio,42,5.960464477539063e-08,5.960464477539063e-08,3.3461714779035567e-06
unaligned,15,audio,43,5.960464477539063e-08,5.960464477539063e-08,3.3461714779035567e-06
unaligned,15,audio,44,5.960464477539063e-08,5.960464477539063e-08,3.3461714779035567e-06
unaligned,15,audio,45,5.960464477539063e-08,5.960464477539063e-08,3.3461714779035567e-06
unaligned,15,audio,46,5.960464477539063e-08,5.960464477539063e-08,3.3461714779035567e-06
unaligned,15,audio,47,5.960464477539063e-08,5.960464477539063e-08,3.3461714779035567e-06
unaligned,15,audio,48,5.960464477539063e-08,5.960464477539063e-08,3.3461714779035567e-06
unaligned,15,audio,49,5.960464477539063e-08,5.960464477539063e-08,3.3461714779035567e-06
unaligned,16,text,0,0.003528773784637451,0.003528773784637451,0.16651525421821955
unaligned,16,text,1,0.0028170347213745117,0.0028170347213745117,0.13292981681437585
unaligned,16,text,2,-0.00026673078536987305,0.0,0.0
unaligned,16,text,3,0.0004226565361022949,0.0004226565361022949,0.01994425396789681
unaligned,16,text,4,0.0020558834075927734,0.0020558834075927734,0.0970127214582847
unaligned,16,text,5,0.00269240140914917,0.00269240140914917,0.1270486385536408
unaligned,16,text,6,0.0007005929946899414,0.0007005929946899414,0.03305947837239587
unaligned,16,text,7,-0.0019203424453735352,0.0,0.0
unaligned,16,text,8,-0.001425623893737793,0.0,0.0
unaligned,16,text,9,0.0013468265533447266,0.0013468265533447266,0.06355385173580544
unaligned,16,text,10,-0.0002881288528442383,0.0,0.0
unaligned,16,text,11,0.006613969802856445,0.006613969802856445,0.31209902655389954
unaligned,16,text,12,0.0010093450546264648,0.0010093450546264648,0.04762882480501546
unaligned,16,text,13,1.1920928955078125e-07,1.1920928955078125e-07,5.625230282864705e-06
unaligned,16,text,14,1.1920928955078125e-07,1.1920928955078125e-07,5.625230282864705e-06
unaligned,16,text,15,1.1920928955078125e-07,1.1920928955078125e-07,5.625230282864705e-06
unaligned,16,text,16,1.1920928955078125e-07,1.1920928955078125e-07,5.625230282864705e-06
unaligned,16,text,17,1.1920928955078125e-07,1.1920928955078125e-07,5.625230282864705e-06
unaligned,16,text,18,1.1920928955078125e-07,1.1920928955078125e-07,5.625230282864705e-06
unaligned,16,text,19,1.1920928955078125e-07,1.1920928955078125e-07,5.625230282864705e-06
unaligned,16,text,20,1.1920928955078125e-07,1.1920928955078125e-07,5.625230282864705e-06
unaligned,16,text,21,1.1920928955078125e-07,1.1920928955078125e-07,5.625230282864705e-06
unaligned,16,text,22,1.1920928955078125e-07,1.1920928955078125e-07,5.625230282864705e-06
unaligned,16,text,23,1.1920928955078125e-07,1.1920928955078125e-07,5.625230282864705e-06
unaligned,16,text,24,1.1920928955078125e-07,1.1920928955078125e-07,5.625230282864705e-06
unaligned,16,text,25,1.1920928955078125e-07,1.1920928955078125e-07,5.625230282864705e-06
unaligned,16,text,26,1.1920928955078125e-07,1.1920928955078125e-07,5.625230282864705e-06
unaligned,16,text,27,1.1920928955078125e-07,1.1920928955078125e-07,5.625230282864705e-06
unaligned,16,text,28,1.1920928955078125e-07,1.1920928955078125e-07,5.625230282864705e-06
unaligned,16,text,29,1.1920928955078125e-07,1.1920928955078125e-07,5.625230282864705e-06
unaligned,16,text,30,1.1920928955078125e-07,1.1920928955078125e-07,5.625230282864705e-06
unaligned,16,text,31,1.1920928955078125e-07,1.1920928955078125e-07,5.625230282864705e-06
unaligned,16,text,32,1.1920928955078125e-07,1.1920928955078125e-07,5.625230282864705e-06
unaligned,16,text,33,1.1920928955078125e-07,1.1920928955078125e-07,5.625230282864705e-06
unaligned,16,text,34,1.1920928955078125e-07,1.1920928955078125e-07,5.625230282864705e-06
unaligned,16,text,35,1.1920928955078125e-07,1.1920928955078125e-07,5.625230282864705e-06
unaligned,16,text,36,1.1920928955078125e-07,1.1920928955078125e-07,5.625230282864705e-06
unaligned,16,text,37,1.1920928955078125e-07,1.1920928955078125e-07,5.625230282864705e-06
unaligned,16,text,38,1.1920928955078125e-07,1.1920928955078125e-07,5.625230282864705e-06
unaligned,16,text,39,1.1920928955078125e-07,1.1920928955078125e-07,5.625230282864705e-06
unaligned,16,text,40,1.1920928955078125e-07,1.1920928955078125e-07,5.625230282864705e-06
unaligned,16,text,41,1.1920928955078125e-07,1.1920928955078125e-07,5.625230282864705e-06
unaligned,16,text,42,1.1920928955078125e-07,1.1920928955078125e-07,5.625230282864705e-06
unaligned,16,text,43,1.1920928955078125e-07,1.1920928955078125e-07,5.625230282864705e-06
unaligned,16,text,44,1.1920928955078125e-07,1.1920928955078125e-07,5.625230282864705e-06
unaligned,16,text,45,1.1920928955078125e-07,1.1920928955078125e-07,5.625230282864705e-06
unaligned,16,text,46,1.1920928955078125e-07,1.1920928955078125e-07,5.625230282864705e-06
unaligned,16,text,47,1.1920928955078125e-07,1.1920928955078125e-07,5.625230282864705e-06
unaligned,16,text,48,1.1920928955078125e-07,1.1920928955078125e-07,5.625230282864705e-06
unaligned,16,text,49,1.1920928955078125e-07,1.1920928955078125e-07,5.625230282864705e-06
unaligned,17,text,0,0.007863640785217285,0.007863640785217285,0.04043735979258114
unaligned,17,text,1,3.224611282348633e-05,3.224611282348633e-05,0.00016581984118689
unaligned,17,text,2,0.0019677281379699707,0.0019677281379699707,0.010118688386511645
unaligned,17,text,3,0.003368198871612549,0.003368198871612549,0.017320357496543377
unaligned,17,text,4,0.00927513837814331,0.00927513837814331,0.04769573254516292
unaligned,17,text,5,0.005972743034362793,0.005972743034362793,0.030713757866864137
unaligned,17,text,6,0.004178047180175781,0.004178047180175781,0.02148485690912429
unaligned,17,text,7,0.0033025741577148438,0.0033025741577148438,0.01698289419682662
unaligned,17,text,8,0.005676686763763428,0.005676686763763428,0.029191341690939402
unaligned,17,text,9,0.00957399606704712,0.00957399606704712,0.04923255451135713
unaligned,17,text,10,0.003992140293121338,0.003992140293121338,0.02052886414634812
unaligned,17,text,11,0.00940018892288208,0.00940018892288208,0.04833878250229803
unaligned,17,text,12,3.2782554626464844e-06,3.2782554626464844e-06,1.6857839677040573e-05
unaligned,17,text,13,0.009452342987060547,0.009452342987060547,0.048606975406250946
unaligned,17,text,14,0.011408627033233643,0.011408627033233643,0.05866681460698092
unaligned,17,text,15,0.01952528953552246,0.01952528953552246,0.10040529311645364
unaligned,17,text,16,0.0144309401512146,0.0144309401512146,0.07420851676450854
unaligned,17,text,17,0.012391805648803711,0.012391805648803711,0.06372263397921336
unaligned,17,text,18,0.01413053274154663,0.01413053274154663,0.07266372563773973
unaligned,17,text,19,0.009895741939544678,0.009895741939544678,0.05088707484911467
unaligned,17,text,20,0.009419739246368408,0.009419739246368408,0.04843931652800838
unaligned,17,text,21,0.004995167255401611,0.004995167255401611,0.02568675007517064
unaligned,17,text,22,0.007615447044372559,0.007615447044372559,0.0391610680759412
unaligned,17,text,23,0.005979776382446289,0.005979776382446289,0.03074992559562579
unaligned,17,text,24,0.0016353130340576172,0.0016353130340576172,0.00840930344325973
unaligned,17,text,25,0.008977413177490234,0.008977413177490234,0.04616473419631169
unaligned,17,text,26,0.0,0.0,0.0
unaligned,17,text,27,0.0,0.0,0.0
unaligned,17,text,28,0.0,0.0,0.0
unaligned,17,text,29,0.0,0.0,0.0
unaligned,17,text,30,0.0,0.0,0.0
unaligned,17,text,31,0.0,0.0,0.0
unaligned,17,text,32,0.0,0.0,0.0
unaligned,17,text,33,0.0,0.0,0.0
unaligned,17,text,34,0.0,0.0,0.0
unaligned,17,text,35,0.0,0.0,0.0
unaligned,17,text,36,0.0,0.0,0.0
unaligned,17,text,37,0.0,0.0,0.0
unaligned,17,text,38,0.0,0.0,0.0
unaligned,17,text,39,0.0,0.0,0.0
unaligned,17,text,40,0.0,0.0,0.0
unaligned,17,text,41,0.0,0.0,0.0
unaligned,17,text,42,0.0,0.0,0.0
unaligned,17,text,43,0.0,0.0,0.0
unaligned,17,text,44,0.0,0.0,0.0
unaligned,17,text,45,0.0,0.0,0.0
unaligned,17,text,46,0.0,0.0,0.0
unaligned,17,text,47,0.0,0.0,0.0
unaligned,17,text,48,0.0,0.0,0.0
unaligned,17,text,49,0.0,0.0,0.0
unaligned,18,text,0,-0.0016458332538604736,0.0,0.0
unaligned,18,text,1,-0.0015187263488769531,0.0,0.0
unaligned,18,text,2,0.0001729428768157959,0.0001729428768157959,0.0007649397894972172
unaligned,18,text,3,0.00011351704597473145,0.00011351704597473145,0.0005020947196613648
unaligned,18,text,4,-0.0074620842933654785,0.0,0.0
unaligned,18,text,5,-0.012824535369873047,0.0,0.0
unaligned,18,text,6,-0.008625060319900513,0.0,0.0
unaligned,18,text,7,-0.005810081958770752,0.0,0.0
unaligned,18,text,8,-0.0021013617515563965,0.0,0.0
unaligned,18,text,9,-0.002528756856918335,0.0,0.0
unaligned,18,text,10,0.0006393790245056152,0.0006393790245056152,0.0028280231335297773
unaligned,18,text,11,0.0008774995803833008,0.0008774995803833008,0.003881248864717571
unaligned,18,text,12,0.02022692561149597,0.02022692561149597,0.08946526450993103
unaligned,18,text,13,0.008199572563171387,0.008199572563171387,0.03626734691779224
unaligned,18,text,14,-9.849667549133301e-05,0.0,0.0
unaligned,18,text,15,0.006992995738983154,0.006992995738983154,0.030930563819811137
unaligned,18,text,16,-0.0005262792110443115,0.0,0.0
unaligned,18,text,17,0.008076637983322144,0.008076637983322144,0.03572359771364335
unaligned,18,text,18,0.004339843988418579,0.004339843988418579,0.01919546735936141
unaligned,18,text,19,-2.446770668029785e-05,0.0,0.0
unaligned,18,text,20,0.0027924180030822754,0.0027924180030822754,0.012351081922507367
unaligned,18,text,21,-0.00598636269569397,0.0,0.0
unaligned,18,text,22,0.002086073160171509,0.002086073160171509,0.00922686376795394
unaligned,18,text,23,0.0003656446933746338,0.0003656446933746338,0.001617274905624911
unaligned,18,text,24,-0.0008680820465087891,0.0,0.0
unaligned,18,text,25,0.0014067590236663818,0.0014067590236663818,0.006222204529318825
unaligned,18,text,26,0.00474974513053894,0.00474974513053894,0.021008491978479923
unaligned,18,text,27,0.001959383487701416,0.001959383487701416,0.00866650549720559
unaligned,18,text,28,0.01107931137084961,0.01107931137084961,0.049004655547731424
unaligned,18,text,29,0.03026449680328369,0.03026449680328369,0.13386222225620198
unaligned,18,text,30,0.0054292380809783936,0.0054292380809783936,0.024013942125048343
unaligned,18,text,31,0.00731348991394043,0.00731348991394043,0.032348134472275906
unaligned,18,text,32,0.02164021134376526,0.02164021134376526,0.09571633717881559
unaligned,18,text,33,0.009786754846572876,0.009786754846572876,0.043287577551818314
unaligned,18,text,34,-0.002659827470779419,0.0,0.0
unaligned,18,text,35,0.026391029357910156,0.026391029357910156,0.11672957460489534
unaligned,18,text,36,0.010761439800262451,0.010761439800262451,0.0475986848782885
unaligned,18,text,37,1.4722347259521484e-05,1.4722347259521484e-05,6.511808650898247e-05
unaligned,18,text,38,-0.0009058713912963867,0.0,0.0
unaligned,18,text,39,-0.0016810297966003418,0.0,0.0
unaligned,18,text,40,0.024169206619262695,0.024169206619262695,0.10690227989757214
unaligned,18,text,41,0.007909625768661499,0.007909625768661499,0.03498488970393416
unaligned,18,text,42,-0.0022423863410949707,0.0,0.0
unaligned,18,text,43,-0.008812367916107178,0.0,0.0
unaligned,18,text,44,0.0020419955253601074,0.0020419955253601074,0.009031904962393646
unaligned,18,text,45,-0.002838641405105591,0.0,0.0
unaligned,18,text,46,-0.004556506872177124,0.0,0.0
unaligned,18,text,47,-0.004358500242233276,0.0,0.0
unaligned,18,text,48,0.0032241344451904297,0.0032241344451904297,0.014260597309489392
unaligned,18,text,49,0.003061920404434204,0.003061920404434204,0.013543111995990623
unaligned,19,text,0,0.012083649635314941,0.012083649635314941,0.03862394135669047
unaligned,19,text,1,0.010371506214141846,0.010371506214141846,0.033151279612148796
unaligned,19,text,2,-0.010771632194519043,0.0,0.0
unaligned,19,text,3,-0.012639105319976807,0.0,0.0
unaligned,19,text,4,0.01079106330871582,0.01079106330871582,0.034492343703352586
unaligned,19,text,5,0.02239018678665161,0.02239018678665161,0.0715675551271839
unaligned,19,text,6,0.011555850505828857,0.011555850505828857,0.03693689454214159
unaligned,19,text,7,0.003738224506378174,0.003738224506378174,0.011948787698256578
unaligned,19,text,8,0.010422229766845703,0.010422229766845703,0.033313411383936606
unaligned,19,text,9,0.015721261501312256,0.015721261501312256,0.05025113277906241
unaligned,19,text,10,0.007856369018554688,0.007856369018554688,0.025111944272395093
unaligned,19,text,11,0.021804094314575195,0.021804094314575195,0.06969418061250754
unaligned,19,text,12,0.023212552070617676,0.023212552070617676,0.07419614743665097
unaligned,19,text,13,0.010433793067932129,0.010433793067932129,0.03335037209336885
unaligned,19,text,14,0.004690110683441162,0.004690110683441162,0.014991378057188887
unaligned,19,text,15,0.0012087821960449219,0.0012087821960449219,0.00386372776951454
unaligned,19,text,16,-0.0035556554794311523,0.0,0.0
unaligned,19,text,17,0.024656176567077637,0.024656176567077637,0.07881052054205738
unaligned,19,text,18,0.015404284000396729,0.015404284000396729,0.04923795209472916
unaligned,19,text,19,-0.005211770534515381,0.0,0.0
unaligned,19,text,20,-0.005944371223449707,0.0,0.0
unaligned,19,text,21,-0.004193425178527832,0.0,0.0
unaligned,19,text,22,0.01969677209854126,0.01969677209854126,0.06295837709716304
unaligned,19,text,23,0.003879249095916748,0.003879249095916748,0.012399555938033276
unaligned,19,text,24,0.0032669901847839355,0.0032669901847839355,0.010442543529332418
unaligned,19,text,25,0.010143816471099854,0.010143816471099854,0.03242349657075109
unaligned,19,text,26,0.019844412803649902,0.019844412803649902,0.06343029295934684
unaligned,19,text,27,0.005299568176269531,0.005299568176269531,0.01693943606721286
unaligned,19,text,28,0.010744631290435791,0.010744631290435791,0.03434392930826127
unaligned,19,text,29,0.010320901870727539,0.010320901870727539,0.03298952887860255
unaligned,19,text,30,0.010754406452178955,0.010754406452178955,0.03437517444406997
unaligned,19,text,31,0.005608022212982178,0.005608022212982178,0.017925372517273892
unaligned,19,text,32,-0.0016933083534240723,0.0,0.0
unaligned,19,text,33,-0.015926122665405273,0.0,0.0
unaligned,19,text,34,-0.01566338539123535,0.0,0.0
unaligned,19,text,35,-0.014924287796020508,0.0,0.0
unaligned,19,text,36,-0.014529764652252197,0.0,0.0
unaligned,19,text,37,0.00662684440612793,0.00662684440612793,0.021181915848847464
unaligned,19,text,38,-0.010343432426452637,0.0,0.0
unaligned,19,text,39,-0.00031310319900512695,0.0,0.0
unaligned,19,text,40,0.0003281235694885254,0.0003281235694885254,0.0010488077599199973
unaligned,19,text,41,0.0,0.0,0.0
unaligned,19,text,42,0.0,0.0,0.0
unaligned,19,text,43,0.0,0.0,0.0
unaligned,19,text,44,0.0,0.0,0.0
unaligned,19,text,45,0.0,0.0,0.0
unaligned,19,text,46,0.0,0.0,0.0
unaligned,19,text,47,0.0,0.0,0.0
unaligned,19,text,48,0.0,0.0,0.0
unaligned,19,text,49,0.0,0.0,0.0
unaligned,20,text,0,0.001704394817352295,0.001704394817352295,0.039897698923410926
unaligned,20,text,1,-0.003090798854827881,0.0,0.0
unaligned,20,text,2,0.0013018250465393066,0.0013018250465393066,0.03047405638000413
unaligned,20,text,3,0.004388928413391113,0.004388928413391113,0.10273919085596923
unaligned,20,text,4,0.00047534704208374023,0.00047534704208374023,0.011127265218192068
unaligned,20,text,5,0.0016779303550720215,0.0016779303550720215,0.03927819976894356
unaligned,20,text,6,-0.0015687942504882812,0.0,0.0
unaligned,20,text,7,-0.0018866658210754395,0.0,0.0
unaligned,20,text,8,0.0008722543716430664,0.0008722543716430664,0.020418357266836704
unaligned,20,text,9,-0.0039681196212768555,0.0,0.0
unaligned,20,text,10,-0.001425027847290039,0.0,0.0
unaligned,20,text,11,-0.003575921058654785,0.0,0.0
unaligned,20,text,12,-0.003124833106994629,0.0,0.0
unaligned,20,text,13,-0.00225067138671875,0.0,0.0
unaligned,20,text,14,-0.004536747932434082,0.0,0.0
unaligned,20,text,15,-0.001331627368927002,0.0,0.0
unaligned,20,text,16,-4.4345855712890625e-05,0.0,0.0
unaligned,20,text,17,0.0031475424766540527,0.0031475424766540527,0.07367993659900546
unaligned,20,text,18,0.00580441951751709,0.00580441951751709,0.13587402400977805
unaligned,20,text,19,0.00025266408920288086,0.00025266408920288086,0.005914542603124285
unaligned,20,text,20,-0.003298163414001465,0.0,0.0
unaligned,20,text,21,0.004445075988769531,0.004445075988769531,0.10405353365666352
unaligned,20,text,22,0.0026470422744750977,0.0026470422744750977,0.0619638681303962
unaligned,20,text,23,0.0017879605293273926,0.0017879605293273926,0.041853865172427264
unaligned,20,text,24,-0.00039196014404296875,0.0,0.0
unaligned,20,text,25,-2.3066997528076172e-05,0.0,0.0
unaligned,20,text,26,0.00105971097946167,0.00105971097946167,0.024806476277647243
unaligned,20,text,27,0.000569760799407959,0.000569760799407959,0.013337370309805387
unaligned,20,text,28,-0.003819286823272705,0.0,0.0
unaligned,20,text,29,-0.005958914756774902,0.0,0.0
unaligned,20,text,30,-0.002488374710083008,0.0,0.0
unaligned,20,text,31,-0.0026648640632629395,0.0,0.0
unaligned,20,text,32,-0.002224445343017578,0.0,0.0
unaligned,20,text,33,-0.0006254315376281738,0.0,0.0
unaligned,20,text,34,-0.002987802028656006,0.0,0.0
unaligned,20,text,35,-0.003405451774597168,0.0,0.0
unaligned,20,text,36,0.0013917088508605957,0.0013917088508605957,0.03257812107580772
unaligned,20,text,37,-0.0012079477310180664,0.0,0.0
unaligned,20,text,38,0.0013350248336791992,0.0013350248336791992,0.03125122085982018
unaligned,20,text,39,-0.0002173781394958496,0.0,0.0
unaligned,20,text,40,0.0002652406692504883,0.0002652406692504883,0.006208944228332878
unaligned,20,text,41,0.002073526382446289,0.002073526382446289,0.04853859591353801
unaligned,20,text,42,0.0021708011627197266,0.0021708011627197266,0.05081567388671537
unaligned,20,text,43,-0.0045182108879089355,0.0,0.0
unaligned,20,text,44,0.0053479671478271484,0.0053479671478271484,0.1251890588635818
unaligned,20,text,45,-5.960464477539063e-08,0.0,0.0
unaligned,20,text,46,-5.960464477539063e-08,0.0,0.0
unaligned,20,text,47,-5.960464477539063e-08,0.0,0.0
unaligned,20,text,48,-5.960464477539063e-08,0.0,0.0
unaligned,20,text,49,-5.960464477539063e-08,0.0,0.0
