model,split,condition_id,group,missing_modalities,requested_rate,position,duration,accuracy_mean,accuracy_std,macro_f1_mean,macro_f1_std,mae_mean,mae_std,rmse_mean,rmse_std,pearson_mean,pearson_std,effective_missing_rate_mean,effective_missing_rate_std
baseline,valid,ablation__audio+vision__r1p00__random__long,ablation,audio+vision,1.0,random,long,0.6236263736263736,0.007850928662766567,0.6006000534646425,0.012645365390458905,0.5901176896229413,0.006073677630118618,0.7922608776235656,0.00976294573689698,0.673236925783494,0.004621236218086119,0.6413968351749895,0.0
baseline,valid,ablation__audio__r1p00__random__long,ablation,audio,1.0,random,long,0.6295787545787546,0.01199249162427541,0.6070122210140515,0.012219626371737857,0.5782628428718014,0.004706380485765413,0.7769138904907466,0.010154335592507663,0.68247666135851,0.0037055159724532836,0.3296885226966465,0.0
baseline,valid,ablation__complete__r0p00__none__none,ablation,,0.0,none,none,0.6286630036630036,0.009134586695631889,0.6095907850358443,0.0017903419591062508,0.5779588355549744,0.006705658881075619,0.7744579899476793,0.012285402225679067,0.682595148331027,0.0027949106376811018,0.0,0.0
baseline,valid,ablation__text+audio+vision__r1p00__random__long,ablation,text+audio+vision,1.0,random,long,0.3333333333333333,0.09341557092532303,0.1643076226396961,0.03367775485398905,0.8221256913542202,0.042176975601935125,1.078988660319644,0.033336917738989585,1.734723475976807e-17,0.014226839491967224,1.0,0.0
baseline,valid,ablation__text+audio__r1p00__random__long,ablation,text+audio,1.0,random,long,0.4015567765567765,0.004532735776836852,0.38025198366983065,0.015783460362181534,0.7703752003246814,0.00939434815410203,1.031507359337044,0.002522105795028072,0.1833636996239992,0.019406393431605166,0.6882916875216573,1.1102230246251565e-16
baseline,valid,ablation__text+vision__r1p00__random__long,ablation,text+vision,1.0,random,long,0.3282967032967033,0.0022431224750761626,0.3111875220343466,0.009175272911877835,0.7979693634374981,0.006723884972708115,1.0614157255912398,0.007037939021142202,0.044792626537107,0.01852176797829802,0.6703114773033535,0.0
baseline,valid,ablation__text__r1p00__random__long,ablation,text,1.0,random,long,0.3887362637362637,0.013598207330510533,0.3737692482763426,0.009060923868639058,0.7726326274558485,0.001969430141168267,1.0315986637245267,0.0018094026748760382,0.1811837622940067,0.013373094270278838,0.3586031648250106,0.0
baseline,valid,ablation__vision__r1p00__random__long,ablation,vision,1.0,random,long,0.6277472527472527,0.00958262341412833,0.6073564979256897,0.007230153900648949,0.5882860196378226,0.008434954487383208,0.7868853342886957,0.012482958497647611,0.6740837789703785,0.003938669467603527,0.3117083124783429,0.0
baseline,valid,baseline__complete__r0p00__none__none,baseline,,0.0,none,none,0.6286630036630036,0.009134586695631889,0.6095907850358443,0.0017903419591062508,0.5779588355549744,0.006705658881075619,0.7744579899476793,0.012285402225679067,0.682595148331027,0.0027949106376811018,0.0,0.0
baseline,valid,duration__audio__r0p30__random__long,duration,audio,0.3,random,long,0.6295787545787546,0.006177077638842488,0.6104185643836563,0.005375229965064513,0.5774708442196367,0.0065738897516002355,0.7740451096632134,0.012566305502203348,0.682896063040038,0.002882626874401722,0.09879490239864475,0.0
baseline,valid,duration__audio__r0p30__random__medium,duration,audio,0.3,random,medium,0.6286630036630036,0.008113573785104985,0.6097889584358801,0.0020120562964398786,0.5781975309364498,0.007205648182528004,0.7744906733669173,0.01331082094211114,0.6825765948079313,0.003582552289237205,0.09879490239864475,0.0
baseline,valid,duration__audio__r0p30__random__short,duration,audio,0.3,random,short,0.6282051282051282,0.00849232462957479,0.609202775440486,0.00206894411645765,0.5776305367177413,0.006487896228472789,0.7744674586638703,0.011992803290397073,0.682628673042673,0.0024385784284750175,0.09879490239864475,0.0
baseline,valid,duration__text__r0p30__random__long,duration,text,0.3,random,long,0.5801282051282051,0.0094059700476988,0.5691611340826145,0.00241596381391732,0.6227197884530812,0.006860425259388788,0.8430913720158667,0.01725937221094564,0.6063028077637141,0.019046830862315747,0.1071112308936203,0.0
baseline,valid,duration__text__r0p30__random__medium,duration,text,0.3,random,medium,0.5769230769230769,0.003364683712614289,0.5649348174574843,0.005581725361169188,0.6329039512897224,0.012601837316701576,0.8585122417136833,0.018526359669766616,0.5860316741497814,0.008106099696764138,0.1071112308936203,0.0
baseline,valid,duration__text__r0p30__random__short,duration,text,0.3,random,short,0.5723443223443223,0.020992478729574427,0.5562461593770269,0.012797151603336053,0.6302399756438047,0.002500423414903121,0.8602386665361986,0.007700934328397541,0.574363590751215,0.014211906785002008,0.1071112308936203,0.0
baseline,valid,duration__vision__r0p30__random__long,duration,vision,0.3,random,long,0.6277472527472527,0.00890211634396681,0.6084371907877196,0.002307422550404985,0.5779645292744239,0.006107774009975705,0.7744743541579924,0.012092744588084861,0.6824887717792006,0.002893754481740224,0.09334693720401956,0.0
baseline,valid,duration__vision__r0p30__random__medium,duration,vision,0.3,random,medium,0.6282051282051282,0.00849232462957479,0.609636874840715,0.001866763374567953,0.5779666988436651,0.006264000673038835,0.7744220351510743,0.011832764431717322,0.682547570708782,0.002713816511228137,0.09334693720401956,0.0
baseline,valid,duration__vision__r0p30__random__short,duration,vision,0.3,random,short,0.6272893772893773,0.008267156632448591,0.6081301055473266,0.002312055561542222,0.577859357559726,0.006588464988581272,0.7744765630023336,0.01228646427894449,0.682440646015134,0.0028578522362362525,0.09334693720401956,0.0
baseline,valid,position__audio__r0p30__middle__medium,position,audio,0.3,middle,medium,0.6295787545787546,0.012354155277685028,0.611144379421578,0.004987464903788266,0.5783951114031619,0.006388102472148164,0.7747961683267698,0.011987011941494282,0.6822919911516734,0.00296389725600997,0.09879490239864475,0.0
baseline,valid,position__audio__r0p30__prefix__medium,position,audio,0.3,prefix,medium,0.6282051282051282,0.007467722724496352,0.6103012524794934,0.006936667067961365,0.5784083077498122,0.0073043157246247895,0.7755272709330816,0.013036013591365204,0.6818497506120527,0.0032353234759829336,0.09879490239864475,0.0
baseline,valid,position__audio__r0p30__random__medium,position,audio,0.3,random,medium,0.6282051282051282,0.007467722724496352,0.6096609933578497,0.0014970434822207579,0.5781690153692449,0.007239124409180419,0.7747152536450512,0.012582640508246262,0.6824390108338659,0.0030170925704509186,0.09879490239864475,0.0
baseline,valid,position__audio__r0p30__suffix__medium,position,audio,0.3,suffix,medium,0.6272893772893773,0.005300291622156678,0.6074487316482381,0.004615766072228947,0.5771680227463771,0.006793551001311964,0.7731059333635617,0.011804652525379333,0.6834336872553518,0.0026241190010101215,0.09879490239864475,0.0
baseline,valid,position__text__r0p30__middle__medium,position,text,0.3,middle,medium,0.5984432234432235,0.018508592428029047,0.5854228964719738,0.010150243248603552,0.6279779993643261,0.012373935676227585,0.84256617368304,0.01330077784686317,0.6061502788339251,0.0034263949232097193,0.1071112308936203,0.0
baseline,valid,position__text__r0p30__prefix__medium,position,text,0.3,prefix,medium,0.6130952380952381,0.016798476490699755,0.5976836503805664,0.010729145262839981,0.6154774175065607,0.0032128609890856993,0.8325488131594158,0.0007212732900446742,0.6091257968707886,0.004262271981246803,0.1071112308936203,0.0
baseline,valid,position__text__r0p30__random__medium,position,text,0.3,random,medium,0.5773809523809524,0.028046507016691497,0.565161861833101,0.01946583926710984,0.6368940607678732,0.011890120033427366,0.8702391428263478,0.023935953165153637,0.5695106353131821,0.021435714628155328,0.1071112308936203,0.0
baseline,valid,position__text__r0p30__suffix__medium,position,text,0.3,suffix,medium,0.559065934065934,0.013781975222795284,0.540242455836156,0.006816118751429954,0.6717218148859811,0.006967154565974283,0.8997710916427936,0.006307285935426506,0.5164749296623853,0.007963006107954206,0.1071112308936203,0.0
baseline,valid,position__vision__r0p30__middle__medium,position,vision,0.3,middle,medium,0.6268315018315018,0.009538766783882595,0.6081777035766832,0.003000872049664573,0.577475366129748,0.006525476000698118,0.7738741172255504,0.012267935011788973,0.6829193884026714,0.0029001047300385246,0.09334693720401956,0.0
baseline,valid,position__vision__r0p30__prefix__medium,position,vision,0.3,prefix,medium,0.6263736263736264,0.007850928662766569,0.6077620862931638,0.0023785079454770094,0.5785382701524946,0.006714287833062465,0.7752157881346803,0.011847430540711424,0.6818101498984926,0.0026494210594196037,0.09334693720401956,0.0
baseline,valid,position__vision__r0p30__random__medium,position,vision,0.3,random,medium,0.6295787545787546,0.007297333997485884,0.6106588785087174,0.004141829722032481,0.5776654140552123,0.006473317770591595,0.7743099832677424,0.01215725125027198,0.6825991034095821,0.0026843680598283236,0.09334693720401956,0.0
baseline,valid,position__vision__r0p30__suffix__medium,position,vision,0.3,suffix,medium,0.6304945054945055,0.00890211634396686,0.6125368450465963,0.002016656352080812,0.5790203690610745,0.0068025317173122405,0.7756262435580377,0.012322771866262263,0.6818229245758608,0.0029380240919157086,0.09334693720401956,0.0
baseline,valid,rate__audio+vision__r0p10__random__medium,rate,audio+vision,0.1,random,medium,0.6277472527472527,0.008759673291991265,0.6083142495965449,0.0012837317205037638,0.5781831762134251,0.006714566883945297,0.7746365125750834,0.012463047910668436,0.6823739652191914,0.003037409630413938,0.06479805952335117,0.0
baseline,valid,rate__audio+vision__r0p20__random__medium,rate,audio+vision,0.2,random,medium,0.63003663003663,0.009065471553673706,0.6110703131043307,0.0008971638135730186,0.5782632700729632,0.0070609160162793385,0.7745738821559492,0.012598368975390758,0.6825518933677402,0.0030378458687204415,0.1289223424325261,0.0
baseline,valid,rate__audio+vision__r0p30__random__medium,rate,audio+vision,0.3,random,medium,0.6277472527472527,0.007004147683506548,0.6088721880496895,0.0035542054926417173,0.5780154638484482,0.0067610205364371165,0.774816677076602,0.011944997586136834,0.682182335243683,0.0027412128679935605,0.19214183960266432,0.0
baseline,valid,rate__audio+vision__r0p40__random__medium,rate,audio+vision,0.4,random,medium,0.6240842490842491,0.010600583244313356,0.6056741432604628,0.0018423729916816713,0.5783439112938907,0.00702575995511115,0.7752793497321732,0.012226107827388805,0.6814131556657346,0.003220147786023554,0.256150617949409,0.0
baseline,valid,rate__audio__r0p10__random__medium,rate,audio,0.1,random,medium,0.6286630036630036,0.008267156632448591,0.6095625849922516,0.00248381480232621,0.5780630010212584,0.006961651772645656,0.7743904021283696,0.012353824519640622,0.6826612212209424,0.0028322663274360995,0.03338081854233242,0.0
baseline,valid,rate__audio__r0p20__random__medium,rate,audio,0.2,random,medium,0.6309523809523809,0.00979896271017982,0.6120690392838471,0.003395837134338385,0.5785152986692605,0.006588647675922198,0.7749214675651772,0.012101741811907436,0.6822079370192208,0.0026439937012044303,0.06622261579332384,0.0
baseline,valid,rate__audio__r0p30__random__medium,rate,audio,0.3,random,medium,0.6304945054945055,0.009777544186841878,0.6119688991800024,0.0017036228248628693,0.5782952327409167,0.007259382996784336,0.7743851283123041,0.01248380762478145,0.682715906377092,0.0029208448786852857,0.09879490239864475,0.0
baseline,valid,rate__audio__r0p40__random__medium,rate,audio,0.4,random,medium,0.6304945054945055,0.0073545688663960405,0.61261166539155,0.0042585038588612185,0.5778426665756441,0.007639594314792931,0.7745464718367142,0.012625087022776925,0.6825515526747633,0.003098645210364391,0.13167520117044623,0.0
baseline,valid,rate__text+audio+vision__r0p10__random__medium,rate,text+audio+vision,0.1,random,medium,0.6126373626373627,0.010815944881884369,0.5956128845719179,0.002781597266550157,0.6017966523788693,0.002405563085666013,0.8122545230321797,0.004323235632654739,0.638504609882818,0.007105748174412889,0.10093173680360375,0.0
baseline,valid,rate__text+audio+vision__r0p20__random__medium,rate,text+audio+vision,0.2,random,medium,0.6043956043956045,0.014836860573278068,0.5893189020440425,0.006281914839969656,0.6016250356324803,0.010038420409147004,0.8104654167496891,0.012823339246440748,0.6390352539756132,0.0069919511385131,0.2008239325453355,2.7755575615628914e-17
baseline,valid,rate__text+audio+vision__r0p30__random__medium,rate,text+audio+vision,0.3,random,medium,0.5943223443223443,0.014023253508345787,0.5806734141725066,0.006706548485779994,0.6293398585450245,0.012240874127646944,0.8550646707690893,0.01903543975464182,0.5866701764092109,0.017815080996364044,0.2992530704962846,0.0
baseline,valid,rate__text+audio+vision__r0p40__random__medium,rate,text+audio+vision,0.4,random,medium,0.5526556776556776,0.013567337353506462,0.5413736659551002,0.009294307586091257,0.6517255582224967,0.007551666079804938,0.8828635484399858,0.013889114388241319,0.5466631358117656,0.008423074339707482,0.39970353828976246,0.0
baseline,valid,rate__text+audio__r0p10__random__medium,rate,text+audio,0.1,random,medium,0.6094322344322345,0.019693968102203793,0.5938725164423152,0.013159884053678983,0.5952971562284349,0.007732785462737802,0.7968132877149023,0.010652241475140907,0.6561976592488842,0.0039874453706633586,0.069514495822585,0.0
baseline,valid,rate__text+audio__r0p20__random__medium,rate,text+audio,0.2,random,medium,0.5924908424908425,0.006571749127475857,0.5761696405443885,0.004039787649866958,0.6089399233857006,0.005927445390735912,0.8226100888334048,0.004537613783147309,0.6262692183434422,0.008375043696871295,0.13812420590613328,0.0
baseline,valid,rate__text+audio__r0p30__random__medium,rate,text+audio,0.3,random,medium,0.5723443223443223,0.0017132130891822017,0.5573165267252996,0.010694531271236398,0.6322636250001396,0.021071342015158392,0.8548207399746254,0.029572158175215624,0.5872088609257546,0.027692436861000303,0.20590613329226504,0.0
baseline,valid,rate__text+audio__r0p40__random__medium,rate,text+audio,0.4,random,medium,0.549908424908425,0.01683587574253683,0.5386016518442464,0.013016303848402891,0.661604383582123,0.006352481440463123,0.8999017652386406,0.016453588968971,0.5259327592735987,0.020822915999444816,0.2752281215107997,0.0
baseline,valid,rate__text+vision__r0p10__random__medium,rate,text+vision,0.1,random,medium,0.6007326007326007,0.006177077638842488,0.5829645617718259,0.008365725613875816,0.6059213176718486,0.004779529808489231,0.8219052385005883,0.01981979374087929,0.6278340025946907,0.013798328509401605,0.06755091826127133,0.0
baseline,valid,rate__text+vision__r0p20__random__medium,rate,text+vision,0.2,random,medium,0.5943223443223443,0.016343011261515328,0.5803619341250251,0.013764440698638452,0.6103148787152772,0.002108971446301255,0.8237412839161621,0.00861221592212745,0.6250801211630068,0.01344322029477953,0.1346013167520117,0.0
baseline,valid,rate__text+vision__r0p30__random__medium,rate,text+vision,0.3,random,medium,0.5778388278388278,0.012606135437670522,0.5636786852368276,0.004484581879338445,0.6302216651690817,0.004897373457350202,0.8549907671485751,0.00470449167309418,0.5871484787373871,0.004232372615479508,0.20045816809763986,0.0
baseline,valid,rate__text+vision__r0p40__random__medium,rate,text+vision,0.4,random,medium,0.5581501831501832,0.005300291622156678,0.5468799081280854,0.010743181198413932,0.653071382433524,0.015095872980688613,0.8846693135065707,0.01899720936920575,0.5467791335311608,0.02689696728867377,0.26802833711931623,0.0
baseline,valid,rate__text__r0p10__random__medium,rate,text,0.1,random,medium,0.6190476190476191,0.016265860502135163,0.6013151523381408,0.01172167717103204,0.5916558112164503,0.00508004615437537,0.7943241906042328,0.005681186091481145,0.658864106188005,0.004620501715991797,0.03613367728025257,0.0
baseline,valid,rate__text__r0p20__random__medium,rate,text,0.2,random,medium,0.6002747252747254,0.017944979800609346,0.5874167740353489,0.012159978659190912,0.6191954758673252,0.0144363045747358,0.8372112858820447,0.035074614409420946,0.6089186511716792,0.0308944696816343,0.07190159011280946,0.0
baseline,valid,rate__text__r0p30__random__medium,rate,text,0.3,random,medium,0.586996336996337,0.015309755949908849,0.5733546034518068,0.0051996215772940006,0.6384938911866608,0.014178924324468193,0.8576049955926451,0.021223676922745138,0.5837182567193003,0.02009714783529346,0.1071112308936203,0.0
baseline,valid,rate__text__r0p40__random__medium,rate,text,0.4,random,medium,0.5485347985347985,0.02087229179494774,0.5371283848020038,0.012522091068252273,0.6460770781475184,0.010671067545324224,0.8777951100243531,0.016018713309936754,0.5580554858754102,0.007603999909654839,0.14355292034035344,0.0
baseline,valid,rate__vision__r0p10__random__medium,rate,vision,0.1,random,medium,0.6291208791208791,0.010815944881884369,0.610341847344792,0.003523917617545258,0.5780117948046603,0.00648164623941663,0.7745712338838798,0.012095379003951804,0.6824418963059001,0.002920039447693373,0.03141724098101875,0.0
baseline,valid,rate__vision__r0p20__random__medium,rate,vision,0.2,random,medium,0.6286630036630036,0.009338863578008783,0.6102497215031528,0.0030598424277306613,0.5778564673715404,0.006551161665006257,0.7744188852462971,0.012201924226706622,0.6825498983805066,0.0029748608905371026,0.06269972663920224,0.0
baseline,valid,rate__vision__r0p30__random__medium,rate,vision,0.3,random,medium,0.6272893772893773,0.009065471553673654,0.6089026759831567,0.0013828734472124454,0.5778110043807535,0.006589901729355782,0.7746232889854063,0.011912419712447048,0.6822293324657225,0.002458473982110215,0.09334693720401956,0.0
baseline,valid,rate__vision__r0p40__random__medium,rate,vision,0.4,random,medium,0.6268315018315018,0.011673579472510963,0.6088722639540457,0.005423713303697774,0.5783000568924949,0.006261565054604101,0.7753131050829826,0.01134316441283105,0.6816425308855486,0.002598303573128393,0.12447541677896277,0.0
baseline,test,ablation__audio+vision__r1p00__random__long,ablation,audio+vision,1.0,random,long,0.6868408986703347,0.016442385215076693,0.6488486291003196,0.007911993342308155,0.6291722361265704,0.0063254415229058465,0.8475019190983227,0.006063846881984774,0.691043653220493,0.005344400513199716,0.6409648004706344,0.0
baseline,test,ablation__audio__r1p00__random__long,ablation,audio,1.0,random,long,0.6905089408528197,0.012952266750871634,0.6509012748171625,0.00550494367130707,0.6155171409682301,0.0035192734643182473,0.8324325768335706,0.0020627792176616516,0.7005048859810326,0.003772089065920018,0.33052260025492697,0.0
baseline,test,ablation__complete__r0p00__none__none,ablation,,0.0,none,none,0.6923429619440623,0.020257425065909735,0.6557945178633805,0.013400887965787865,0.6136975295411262,0.005462402913781062,0.8291782551468101,0.0036107252336322095,0.7021903270704155,0.0020649162408557993,0.0,0.0
baseline,test,ablation__text+audio+vision__r1p00__random__long,ablation,text+audio+vision,1.0,random,long,0.3333333333333333,0.11960046542906456,0.16279412047282013,0.043211497615771026,0.9329656776910199,0.04631535783255738,1.186897179883889,0.027372769838259127,-0.02695414392337853,0.01905945794929913,1.0,0.0
baseline,test,ablation__text+audio__r1p00__random__long,ablation,text+audio,1.0,random,long,0.41082072443833106,0.01744731553456254,0.3602837849457718,0.008442785108252533,0.8710805401094993,0.018656113271741517,1.1379362052852307,0.011026509550533482,0.1961084875983831,0.041543029607433696,0.6895577997842924,1.1102230246251565e-16
baseline,test,ablation__text+vision__r1p00__random__long,ablation,text+vision,1.0,random,long,0.34387895460797796,0.017650964286951107,0.3223480031067103,0.01789472154765547,0.9026874874414025,0.0029528640472690805,1.1596788368697266,0.00799696058413873,0.10258686989762189,0.06444031916930709,0.669477399745073,0.0
baseline,test,ablation__text__r1p00__random__long,ablation,text,1.0,random,long,0.40806969280146727,0.019784914269043018,0.3739964380996688,0.013202004900796576,0.8720958420254395,0.009909948279210058,1.133594712089809,0.009446642133860594,0.2058320682124863,0.038360266689193866,0.35903519952936563,0.0
baseline,test,ablation__vision__r1p00__random__long,ablation,vision,1.0,random,long,0.6859238881247135,0.01744731553456254,0.6520251136643407,0.010276993253423967,0.6245123371268387,0.008217990138047835,0.8409605317659121,0.0070893524697108285,0.6942138992278614,0.0029105288412625907,0.3104422002157074,0.0
baseline,test,baseline__complete__r0p00__none__none,baseline,,0.0,none,none,0.6923429619440623,0.020257425065909735,0.6557945178633805,0.013400887965787865,0.6136975295411262,0.005462402913781062,0.8291782551468101,0.0036107252336322095,0.7021903270704155,0.0020649162408557993,0.0,0.0
baseline,test,duration__audio__r0p30__random__long,duration,audio,0.3,random,long,0.694176983035305,0.018155882506394636,0.6573995283984507,0.010898409779125878,0.613639420636275,0.0053335211688557045,0.8292244108918648,0.0034409713401141674,0.7021580835627018,0.00246661105651214,0.09881360917737032,1.3877787807814457e-17
baseline,test,duration__audio__r0p30__random__medium,duration,audio,0.3,random,medium,0.6937184777624942,0.021378346129068814,0.6572158294474858,0.014879221982327257,0.6133445458348322,0.00566813423540031,0.8294531221226228,0.003862361387740989,0.7019585004994792,0.0020945817084709857,0.09881360917737032,1.3877787807814457e-17
baseline,test,duration__audio__r0p30__random__short,duration,audio,0.3,random,short,0.6923429619440623,0.019656993223499338,0.655716039762639,0.012806027433109376,0.6136777855994769,0.005752302909313755,0.8294903380697075,0.003951706662883598,0.7020176678730768,0.001899546142842833,0.09881360917737032,1.3877787807814457e-17
baseline,test,duration__text__r0p30__random__long,duration,text,0.3,random,long,0.6396148555708391,0.01172554961260378,0.6063116242357028,0.0023757318838644806,0.6878069498542491,0.01420007062243319,0.9231733147878515,0.011055156490404356,0.6096352613487156,0.007590589331769293,0.10753995489753898,0.0
baseline,test,duration__text__r0p30__random__medium,duration,text,0.3,random,medium,0.6235671710224667,0.011903489212056062,0.591648710167564,0.009097304545863454,0.692581808164627,0.014325053177181666,0.9301956138856884,0.021169409400576256,0.6003577999765956,0.026351711055534865,0.10753995489753898,0.0
baseline,test,duration__text__r0p30__random__short,duration,text,0.3,random,short,0.6111875286565795,0.00872365776728129,0.5796763032679905,0.005063139122009167,0.7148886865879427,0.00988789250618701,0.9482987517551295,0.01779261196634971,0.576984602882861,0.025512312966610058,0.10753995489753898,0.0
baseline,test,duration__vision__r0p30__random__long,duration,vision,0.3,random,long,0.6918844566712518,0.020309247675699353,0.6556337554738604,0.01289899463216855,0.6133653821456956,0.005007136857360226,0.8291638893359194,0.0032764276812010406,0.7021633294749563,0.0024129478999844805,0.09283263065006374,0.0
baseline,test,duration__vision__r0p30__random__medium,duration,vision,0.3,random,medium,0.6923429619440623,0.020257425065909735,0.6555310067848183,0.01335791012438559,0.6130411097645786,0.005714308368648117,0.8289584900569368,0.0037151063538970216,0.702299947229544,0.001975601545853584,0.09283263065006374,0.0
baseline,test,duration__vision__r0p30__random__short,duration,vision,0.3,random,short,0.6918844566712518,0.020586835690640667,0.6561681227414256,0.013403763071726589,0.6134368957369215,0.005086995299717133,0.8293238854454564,0.0033368858339180014,0.7020313308213977,0.002043193347970368,0.09283263065006374,0.0
baseline,test,position__audio__r0p30__middle__medium,position,audio,0.3,middle,medium,0.6914259513984411,0.017483425919245853,0.6536433734538666,0.00883974523587999,0.6143497490900125,0.005511212323370797,0.8299139694380092,0.003844269826693725,0.7015794655132767,0.0025490549768586146,0.09881360917737032,1.3877787807814457e-17
baseline,test,position__audio__r0p30__prefix__medium,position,audio,0.3,prefix,medium,0.6914259513984411,0.020381577965055398,0.6545946016506871,0.013728932360917245,0.6136073829112544,0.005117648263515892,0.82937789081257,0.003455804773008592,0.7020163125879563,0.0023286846978567226,0.09881360917737032,1.3877787807814457e-17
baseline,test,position__audio__r0p30__random__medium,position,audio,0.3,random,medium,0.6918844566712518,0.020215871329709856,0.6548421099162822,0.013693380167089288,0.6143768279612959,0.00508861386178927,0.8297507522816505,0.0031642331996822887,0.7016990653092394,0.0025277680828780127,0.09881360917737032,1.3877787807814457e-17
baseline,test,position__audio__r0p30__suffix__medium,position,audio,0.3,suffix,medium,0.6937184777624942,0.019103775016964364,0.656197763933643,0.011904621568395302,0.6143872199566408,0.005632025563248356,0.8293549446076787,0.003564010134270276,0.7019820527704569,0.0016427719523539285,0.09881360917737032,1.3877787807814457e-17
baseline,test,position__text__r0p30__middle__medium,position,text,0.3,middle,medium,0.6386978450252178,0.016288234450556292,0.6107884550657877,0.012538534331928928,0.6767901953285008,0.007239150402674851,0.9145862084810868,0.00558202553686685,0.6187954529972582,0.003055777585831465,0.10753995489753898,0.0
baseline,test,position__text__r0p30__prefix__medium,position,text,0.3,prefix,medium,0.6497019715726732,0.01920255991872716,0.6124001010079799,0.011222451421596707,0.6621266353216939,0.007516645863746417,0.8874179586634551,0.007183982579854143,0.6498737956368298,0.004641349395665126,0.10753995489753898,0.0
baseline,test,position__text__r0p30__random__medium,position,text,0.3,random,medium,0.6134800550206327,0.019869737441559343,0.5817714042714638,0.008056538315988132,0.7074810379607103,0.002084582296849996,0.9420804130442786,0.0016978038274062261,0.5876135289593363,0.007374542690077617,0.10753995489753898,0.0
baseline,test,position__text__r0p30__suffix__medium,position,text,0.3,suffix,medium,0.5823016964695094,0.026962293311305174,0.545143376991328,0.012608761464537897,0.7560260039623973,0.010810009751477447,0.9971685598144218,0.004648537969371025,0.5146428305352678,0.00457444401197739,0.10753995489753898,0.0
baseline,test,position__vision__r0p30__middle__medium,position,vision,0.3,middle,medium,0.6932599724896836,0.01919160892843318,0.6568591122647053,0.012220082066214133,0.6137841052641765,0.004978350301006391,0.8294602065962549,0.003285202148892958,0.701904713396468,0.0021866578937185356,0.09283263065006374,0.0
baseline,test,position__vision__r0p30__prefix__medium,position,vision,0.3,prefix,medium,0.6914259513984411,0.018601983287575237,0.6545763735914528,0.01121967288515039,0.6137002342389551,0.006106721537641701,0.829796737081291,0.003800716036937898,0.7017158698310436,0.002150813136756742,0.09283263065006374,0.0
baseline,test,position__vision__r0p30__random__medium,position,vision,0.3,random,medium,0.6909674461256304,0.02090100196247867,0.655320703492547,0.013862305038079331,0.6137031927949917,0.0051859236474983425,0.8290954965132439,0.003173316315874866,0.7021584356383359,0.0023078679597122983,0.09283263065006374,0.0
baseline,test,position__vision__r0p30__suffix__medium,position,vision,0.3,suffix,medium,0.6909674461256304,0.021378346129068818,0.654647980832467,0.014103631257944315,0.6140616940482188,0.0056560502918977535,0.8289320810933676,0.003847333587441468,0.7024043082504648,0.001767044957132165,0.09283263065006374,0.0
baseline,test,rate__audio+vision__r0p10__random__medium,rate,audio+vision,0.1,random,medium,0.692801467216873,0.019656993223499338,0.6558619223961828,0.012860198905185825,0.6139873104474854,0.005568170594603875,0.829051411255091,0.003745506886442804,0.7023044646764669,0.0019525553780795032,0.06439847043827826,0.0
baseline,test,rate__audio+vision__r0p20__random__medium,rate,audio+vision,0.2,random,medium,0.6918844566712518,0.020309247675699353,0.6557305120829557,0.013752029472839896,0.6140984157155832,0.005285954795920014,0.829646964118861,0.003616671186736886,0.7017354501972108,0.0023295755190578305,0.12918913618982253,0.0
baseline,test,rate__audio+vision__r0p30__random__medium,rate,audio+vision,0.3,random,medium,0.6891334250343878,0.018759534658852616,0.6518287479168633,0.011322231662715223,0.6129972772870907,0.005304601197706871,0.8293134481915342,0.003916209391257302,0.702035733590118,0.0017927713555305092,0.19164623982743403,2.7755575615628914e-17
baseline,test,rate__audio+vision__r0p40__random__medium,rate,audio+vision,0.4,random,medium,0.6946354883081156,0.017969663404186514,0.6581550824482226,0.011144022638016969,0.613448665463244,0.006026846981789663,0.8296951733981347,0.0031654170635683505,0.7017783174844228,0.0034061587100969546,0.2562604176880086,0.0
baseline,test,rate__audio__r0p10__random__medium,rate,audio,0.1,random,medium,0.692801467216873,0.02084056520378455,0.6565377876482184,0.014321263311711182,0.6139365427434301,0.005329558817854753,0.8293340649657069,0.0034486392276770143,0.702061058257137,0.002078237256774014,0.033218943033630745,0.0
baseline,test,rate__audio__r0p20__random__medium,rate,audio,0.2,random,medium,0.6918844566712518,0.0208001764735695,0.6548629522595112,0.014220719202316552,0.6136649497859402,0.005763565390392466,0.8290582830123476,0.0039758066252561,0.702327355272136,0.0017722618111469272,0.0666339837238945,0.0
baseline,test,rate__audio__r0p30__random__medium,rate,audio,0.3,random,medium,0.692801467216873,0.019784914269043042,0.6549643599432683,0.013298591782912794,0.6141412854963271,0.005232920352717245,0.8295511462205605,0.0031194349042297045,0.7018599983390895,0.002549580894891728,0.09881360917737032,1.3877787807814457e-17
baseline,test,rate__audio__r0p40__random__medium,rate,audio,0.4,random,medium,0.692801467216873,0.02134882480847835,0.6565016620999679,0.015044297078277357,0.6142380252341298,0.006249818828313425,0.8294775471940947,0.0041284578779523075,0.7019484588610724,0.0016729191475015834,0.1321698205706442,0.0
baseline,test,rate__text+audio+vision__r0p10__random__medium,rate,text+audio+vision,0.1,random,medium,0.6671251719394773,0.018074647725288457,0.6320495448109331,0.00991677173436946,0.6538977216543175,0.009611627866834702,0.880899438681637,0.01826509139651469,0.6529394002273388,0.02119185628370009,0.10053926855574076,0.0
baseline,test,rate__text+audio+vision__r0p20__random__medium,rate,text+audio+vision,0.2,random,medium,0.6455754241173773,0.011471798260611473,0.6108208039197782,0.0014172968713097318,0.6808088080375082,0.006762160713958675,0.9149168790976775,0.007559885689969191,0.6168727661298443,0.0043039568816381395,0.20092165898617512,0.0
baseline,test,rate__text+audio+vision__r0p30__random__medium,rate,text+audio+vision,0.3,random,medium,0.6281522237505731,0.018534051289690698,0.5990613635387408,0.008356395817253653,0.697226868396226,0.02215272891688995,0.9371266837985841,0.033355972368283145,0.5916896020321257,0.033586921967606605,0.29918619472497304,0.0
baseline,test,rate__text+audio+vision__r0p40__random__medium,rate,text+audio+vision,0.4,random,medium,0.6052269601100413,0.013663149404632126,0.5785987682486043,0.001829567928117946,0.7149956256547471,0.011122801899790693,0.9645733335625347,0.01761057477386555,0.5583849610824207,0.024240389793444818,0.3999019511716835,0.0
baseline,test,rate__text+audio__r0p10__random__medium,rate,text+audio,0.1,random,medium,0.6597890875745072,0.012113567000112747,0.6241148198901966,0.00037619233291661275,0.6493383497845233,0.006370831331421376,0.873879514045479,0.003238927284235023,0.660239910537432,0.0040412334493966215,0.06935974115109324,0.0
baseline,test,rate__text+audio__r0p20__random__medium,rate,text+audio,0.2,random,medium,0.6414488766620816,0.017411130257723565,0.60840647988182,0.007336316411883457,0.6773526696445561,0.004879378608131979,0.9108859269049145,0.010076804770110066,0.621855359610934,0.012374650988038678,0.1383665065202471,0.0
baseline,test,rate__text+audio__r0p30__random__medium,rate,text+audio,0.3,random,medium,0.6322787712058688,0.013017028488379986,0.6006194084029436,0.008807717705879983,0.6912832123123652,0.011293977876891024,0.9323571528055946,0.009693175022546296,0.5976285400896238,0.008144645429193508,0.20635356407490932,0.0
baseline,test,rate__text+audio__r0p40__random__medium,rate,text+audio,0.4,random,medium,0.6038514442916093,0.02212258245174654,0.5750367454090276,0.009452771768247633,0.7298150122240834,0.017212309274697843,0.9827227381901796,0.015043883758969753,0.5363945462997854,0.0160177162016357,0.27581135405431906,0.0
baseline,test,rate__text+vision__r0p10__random__medium,rate,text+vision,0.1,random,medium,0.6607060981201284,0.012371148613692842,0.6192878111873215,0.005998266094853383,0.6451450972269123,0.0038523182772740826,0.8670569954057732,0.00465804948812796,0.6659215327437878,0.0016150641376713026,0.06732032552211001,0.0
baseline,test,rate__text+vision__r0p20__random__medium,rate,text+vision,0.2,random,medium,0.6405318661164604,0.015494493579748582,0.6060797163491226,0.013001906283501417,0.6705923386593681,0.010328744229558694,0.9023842457231973,0.005429684681386864,0.6305583967956746,0.007760925718825205,0.1342876752622806,0.0
baseline,test,rate__text+vision__r0p30__random__medium,rate,text+vision,0.3,random,medium,0.6304447501146263,0.0144847033461085,0.6008567980941751,0.013199420332450622,0.6905739161423767,0.010474662821736466,0.9330831448853205,0.01337971719256531,0.5979848949757852,0.01662375433123519,0.2003725855476027,0.0
baseline,test,rate__text+vision__r0p40__random__medium,rate,text+vision,0.4,random,medium,0.5832187070151308,0.028055127997759458,0.5521979351700893,0.018680336594864844,0.725755241811822,0.01842609094139579,0.9727451496211296,0.026148409387178058,0.5496050060802627,0.03126908265359842,0.26773213060103934,0.0
baseline,test,rate__text__r0p10__random__medium,rate,text,0.1,random,medium,0.6685006877579092,0.014686490030304434,0.6314248222030933,0.003404505553630617,0.6472082381085046,0.011859463531590923,0.8669739876536863,0.019167322398756983,0.6655118491020038,0.01442428176566656,0.03614079811746249,0.0
baseline,test,rate__text__r0p20__random__medium,rate,text,0.2,random,medium,0.640990371389271,0.030572366947583016,0.6055111485080928,0.017505148196391998,0.6778802091037152,0.01103645849304846,0.9059156005527941,0.011038132739669278,0.6279522499003868,0.0051435711049744445,0.07173252279635259,0.0
baseline,test,rate__text__r0p30__random__medium,rate,text,0.3,random,medium,0.6313617606602476,0.02655375008816186,0.5959819647001331,0.01633371156737189,0.6917499482869958,0.016671066791647784,0.9314658221982621,0.0204290804286848,0.5974139963934783,0.020995851593417617,0.10753995489753898,0.0
baseline,test,rate__text__r0p40__random__medium,rate,text,0.4,random,medium,0.5988078862906924,0.012523154776476546,0.5683369119167435,0.0025855130820761317,0.7221319355576178,0.009625970096346106,0.9742023822752451,0.009215180947468513,0.5466094157201554,0.006485826512108432,0.14364153348367487,0.0
baseline,test,rate__vision__r0p10__random__medium,rate,vision,0.1,random,medium,0.6909674461256304,0.02090100196247867,0.6548163779889319,0.013760046882507237,0.6133426064369173,0.005517976781732832,0.8290344166788276,0.0038467630027573213,0.7022892301521869,0.0018635276229172172,0.031179527404647512,3.469446951953614e-18
baseline,test,rate__vision__r0p20__random__medium,rate,vision,0.2,random,medium,0.6923429619440623,0.01978491426904304,0.6558863729014767,0.012522205326830517,0.613637853957412,0.005499332909654967,0.829196107042265,0.0038977499196600433,0.7021297552980603,0.0016168447663460483,0.06255515246592804,0.0
baseline,test,rate__vision__r0p30__random__medium,rate,vision,0.3,random,medium,0.6923429619440623,0.020257425065909735,0.6551764385355182,0.012557637172095884,0.6139838052691499,0.0050721997521507535,0.829347970954737,0.003261616746900087,0.7019749993877191,0.002000892969674891,0.09283263065006374,0.0
baseline,test,rate__vision__r0p40__random__medium,rate,vision,0.4,random,medium,0.692801467216873,0.02084056520378455,0.656120619778013,0.013831637471121162,0.6138221989972931,0.0057254303130481925,0.829425111871044,0.004080984602630415,0.7019412728026809,0.001360119870966228,0.12409059711736443,1.3877787807814457e-17
robust_noaug,valid,ablation__audio+vision__r1p00__random__long,ablation,audio+vision,1.0,random,long,0.6263736263736264,0.005139639267546604,0.6070394504166056,0.006783343432682443,0.5864836602691806,0.011815705378388427,0.7956478787051443,0.018646326428304723,0.6705215006213091,0.006150646596977222,0.6413968351749895,0.0
robust_noaug,valid,ablation__audio__r1p00__random__long,ablation,audio,1.0,random,long,0.6304945054945055,0.0038852020944315662,0.6117680102569829,0.005175142940307509,0.5756472632759712,0.010180364988797649,0.7821942120537037,0.016553448902285845,0.6796105454500445,0.006902988676821686,0.3296885226966465,0.0
robust_noaug,valid,ablation__complete__r0p00__none__none,ablation,,0.0,none,none,0.6336996336996337,0.006571749127475909,0.6151736884528932,0.0049798966430118635,0.5747184743533328,0.009859469812605649,0.7800680408649932,0.015379993745264968,0.6803624101343946,0.006778392220367269,0.0,0.0
robust_noaug,valid,ablation__text+audio+vision__r1p00__random__long,ablation,text+audio+vision,1.0,random,long,0.25274725274725274,0.0,0.13450292397660818,0.0,0.8009452394281443,0.014238326515511294,1.069410370020001,0.0074864534963026115,0.011616165802598812,0.008213869610404894,1.0,0.0
robust_noaug,valid,ablation__text+audio__r1p00__random__long,ablation,text+audio,1.0,random,long,0.3543956043956044,0.026987476242291912,0.3018146300237469,0.04526276154815449,0.7838134193074832,0.011154671921736971,1.0407780456398668,0.008558204405003563,0.23331882490995218,0.0046358977249246576,0.6882916875216573,1.1102230246251565e-16
robust_noaug,valid,ablation__text+vision__r1p00__random__long,ablation,text+vision,1.0,random,long,0.304029304029304,0.023641631215065184,0.2453224124538308,0.054189164272324064,0.7959685886501345,0.004858238093024706,1.061947181540166,0.0043555415653997185,0.05898547328233558,0.02055324592930586,0.6703114773033535,0.0
robust_noaug,valid,ablation__text__r1p00__random__long,ablation,text,1.0,random,long,0.38003663003663,0.020198484432337686,0.3671677127845629,0.027153227342872552,0.7838497135452176,0.006906045128836399,1.0411444499134916,0.004591282734756281,0.211137842572619,0.01748876090732795,0.3586031648250106,0.0
robust_noaug,valid,ablation__vision__r1p00__random__long,ablation,vision,1.0,random,long,0.6263736263736264,0.008087693101032798,0.6070491917847022,0.0037890335683992,0.5846481198647943,0.011179450856770282,0.7919416114172172,0.017483791676892575,0.6717325590499006,0.006128416089965337,0.3117083124783429,0.0
robust_noaug,valid,baseline__complete__r0p00__none__none,baseline,,0.0,none,none,0.6336996336996337,0.006571749127475909,0.6151736884528932,0.0049798966430118635,0.5747184743533328,0.009859469812605649,0.7800680408649932,0.015379993745264968,0.6803624101343946,0.006778392220367269,0.0,0.0
robust_noaug,valid,duration__audio__r0p30__random__long,duration,audio,0.3,random,long,0.6323260073260073,0.005532530207689803,0.6141291988922365,0.0048575396148565235,0.5740853601251302,0.009746264917836365,0.7792156824492423,0.015278011628712155,0.6809330273647819,0.0067914310508046605,0.09879490239864475,0.0
robust_noaug,valid,duration__audio__r0p30__random__medium,duration,audio,0.3,random,medium,0.6323260073260073,0.005532530207689803,0.6144866033017745,0.004253370517513975,0.5750178167521408,0.009841477658679794,0.780228676176872,0.01510963611089225,0.6799356186407519,0.0066568990609070676,0.09879490239864475,0.0
robust_noaug,valid,duration__audio__r0p30__random__short,duration,audio,0.3,random,short,0.6318681318681318,0.007004147683506598,0.6138876438407991,0.005177905437927796,0.5744824493252724,0.010069623078176574,0.7798307240069896,0.015467513842262894,0.6804315256773421,0.006803690618794733,0.09879490239864475,0.0
robust_noaug,valid,duration__text__r0p30__random__long,duration,text,0.3,random,long,0.5897435897435898,0.000647533682405261,0.5795720321639583,0.008224304523457073,0.617027869112892,0.015372041103216836,0.8433498677295251,0.020135136644197256,0.6083157411783291,0.019224314600868507,0.1071112308936203,0.0
robust_noaug,valid,duration__text__r0p30__random__medium,duration,text,0.3,random,medium,0.5732600732600733,0.021641579300542967,0.5645309060059985,0.015589551537006205,0.6282682921123374,0.011399424794889038,0.8625668667566627,0.017550514496880876,0.5804929855055965,0.011238650550381134,0.1071112308936203,0.0
robust_noaug,valid,duration__text__r0p30__random__short,duration,text,0.3,random,short,0.5581501831501832,0.010600583244313356,0.543419639047186,0.019872390249281963,0.6444864201209347,0.008656784982462801,0.8830460683414477,0.022100526936266497,0.5601722803021494,0.01648388172071491,0.1071112308936203,0.0
robust_noaug,valid,duration__vision__r0p30__random__long,duration,vision,0.3,random,long,0.6341575091575091,0.00617707763884254,0.6162651704871168,0.004781119729487247,0.5744583461503584,0.010063101786835433,0.7798010463087238,0.015340672196029116,0.6804556346024468,0.007034562087475663,0.09334693720401956,0.0
robust_noaug,valid,duration__vision__r0p30__random__medium,duration,vision,0.3,random,medium,0.6323260073260073,0.009538766783882645,0.6142396110409871,0.006104143259129127,0.5746175294806805,0.009840510030382365,0.7800919460063455,0.015307749814313015,0.680221190058996,0.006790884218249939,0.09334693720401956,0.0
robust_noaug,valid,duration__vision__r0p30__random__short,duration,vision,0.3,random,short,0.6327838827838828,0.00617707763884254,0.6147956320876539,0.004604425751499791,0.5747869516733092,0.00987514110547817,0.7800798116281037,0.015020163333357903,0.6801791784143552,0.006624633613402471,0.09334693720401956,0.0
robust_noaug,valid,position__audio__r0p30__middle__medium,position,audio,0.3,middle,medium,0.6323260073260073,0.007467722724496404,0.6144631249708253,0.004422172255840254,0.5749003332092908,0.010113683476039378,0.7800213178550589,0.015503067966733067,0.6802416721906651,0.007003944386072395,0.09879490239864475,0.0
robust_noaug,valid,position__audio__r0p30__prefix__medium,position,audio,0.3,prefix,medium,0.6332417582417582,0.008467601652429931,0.6157373827569691,0.007160189751760157,0.5747464324983909,0.009842782527013328,0.780048889902245,0.015540093077809932,0.6802535140871271,0.006789971755517724,0.09879490239864475,0.0
robust_noaug,valid,position__audio__r0p30__random__medium,position,audio,0.3,random,medium,0.6332417582417582,0.0077704041888631845,0.6150660409096648,0.0034558813572035836,0.5744297538889102,0.009839165979222169,0.7796542780439593,0.015382845606248153,0.6805491184982214,0.006925546726434839,0.09879490239864475,0.0
robust_noaug,valid,position__audio__r0p30__suffix__medium,position,audio,0.3,suffix,medium,0.6318681318681318,0.006822190671131594,0.6131052928963558,0.004276419926191682,0.5739013475183424,0.009494007400091337,0.7790259552061686,0.01483937009094235,0.6808137586799025,0.0066593757205204475,0.09879490239864475,0.0
robust_noaug,valid,position__text__r0p30__middle__medium,position,text,0.3,middle,medium,0.5989010989010989,0.010279278535093249,0.5865560339125797,0.007116707380612202,0.6209706004560608,0.015136827176510978,0.8418081177061297,0.014224677057943126,0.6068082473957147,0.009012441550526672,0.1071112308936203,0.0
robust_noaug,valid,position__text__r0p30__prefix__medium,position,text,0.3,prefix,medium,0.6121794871794872,0.005300291622156713,0.5975949428460309,0.0016740684844493983,0.6067358219608897,0.002572422330056234,0.8299928145010401,0.001342666947372844,0.6142818477335253,0.002973213225263167,0.1071112308936203,0.0
robust_noaug,valid,position__text__r0p30__random__medium,position,text,0.3,random,medium,0.5810439560439561,0.013598207330510523,0.568088380848612,0.015427646671896056,0.6360534018830093,0.00670876519709775,0.8780361287576692,0.012536731685603599,0.5646194524403246,0.005549954726881774,0.1071112308936203,0.0
robust_noaug,valid,position__text__r0p30__suffix__medium,position,text,0.3,suffix,medium,0.5233516483516484,0.01780423268793372,0.4999576524018427,0.007619455395377747,0.7058078394435182,0.022608653407871757,0.9503833913435041,0.033313033310066846,0.4947677400271076,0.0282773271111665,0.1071112308936203,0.0
robust_noaug,valid,position__vision__r0p30__middle__medium,position,vision,0.3,middle,medium,0.63507326007326,0.005532530207689855,0.6168822032505492,0.0045982033255584365,0.5744190010926157,0.009649810734163693,0.7797527844374068,0.014854678880550655,0.6804016783599766,0.006609840243292825,0.09334693720401956,0.0
robust_noaug,valid,position__vision__r0p30__prefix__medium,position,vision,0.3,prefix,medium,0.6346153846153846,0.006244588689096114,0.616134768494827,0.006077852908219946,0.5747843135775992,0.009683236041018232,0.7798799395190916,0.015357109101578304,0.6804714500005549,0.006937658149967024,0.09334693720401956,0.0
robust_noaug,valid,position__vision__r0p30__random__medium,position,vision,0.3,random,medium,0.6336996336996337,0.0094059700476988,0.6161969366632075,0.005053040502411221,0.5748143951364216,0.009703810574619779,0.780190452493183,0.01502685546987183,0.6800860281898543,0.006535387735304322,0.09334693720401956,0.0
robust_noaug,valid,position__vision__r0p30__suffix__medium,position,vision,0.3,suffix,medium,0.63003663003663,0.007877587240881499,0.6128168558311892,0.0068395968267626365,0.5753282309175494,0.009916015189124557,0.7808463692135081,0.015407084448002876,0.6798222095456988,0.0066479299367807245,0.09334693720401956,0.0
robust_noaug,valid,rate__audio+vision__r0p10__random__medium,rate,audio+vision,0.1,random,medium,0.6341575091575091,0.008113573785105037,0.6161396689821798,0.0045488181000656385,0.5746961986431135,0.009815182836697647,0.7799845286151847,0.015199000322133388,0.680317778854579,0.006697038611396825,0.06479805952335117,0.0
robust_noaug,valid,rate__audio+vision__r0p20__random__medium,rate,audio+vision,0.2,random,medium,0.6341575091575091,0.007122870506457923,0.6158168796764509,0.003842847547522671,0.5745532515385416,0.010099596831759344,0.7798013273101491,0.015328896118929068,0.6804189844830351,0.0069259964486443285,0.1289223424325261,0.0
robust_noaug,valid,rate__audio+vision__r0p30__random__medium,rate,audio+vision,0.3,random,medium,0.6318681318681318,0.005827803141647349,0.614387848067215,0.003874295499980693,0.5746848446371601,0.009674080758749525,0.7801113955166112,0.014987072850397243,0.679994467741404,0.006654155845398216,0.19214183960266432,0.0
robust_noaug,valid,rate__audio+vision__r0p40__random__medium,rate,audio+vision,0.4,random,medium,0.6327838827838828,0.008566065445911058,0.6146546896584684,0.006555647458934719,0.5743896808217692,0.009409968049050685,0.7799131654879808,0.014835308189729808,0.6799921836710191,0.0066512190149675965,0.256150617949409,0.0
robust_noaug,valid,rate__audio__r0p10__random__medium,rate,audio,0.1,random,medium,0.6341575091575091,0.00617707763884254,0.616033730154691,0.004267870066134391,0.5746004573221322,0.009818776194943266,0.7799087163356014,0.015374798776114477,0.6804558709480051,0.006758872702938156,0.03338081854233242,0.0
robust_noaug,valid,rate__audio__r0p20__random__medium,rate,audio,0.2,random,medium,0.6336996336996337,0.005755405260978296,0.6152810337064425,0.0056040560654531234,0.5747473461232779,0.00993851364542472,0.7801151477286407,0.015565479874032352,0.6801973284286137,0.007004328421621747,0.06622261579332384,0.0
robust_noaug,valid,rate__audio__r0p30__random__medium,rate,audio,0.3,random,medium,0.6336996336996337,0.005755405260978296,0.6158073915979195,0.005524016494103523,0.57443589452678,0.009745266734754076,0.7793949525544844,0.015252511370285006,0.6808112813917441,0.006697281507991399,0.09879490239864475,0.0
robust_noaug,valid,rate__audio__r0p40__random__medium,rate,audio,0.4,random,medium,0.6323260073260073,0.008492324629574841,0.6144302153120679,0.0027367936644807057,0.574460620133909,0.009596367900478714,0.7795213342843427,0.015114085163009066,0.6805587450182462,0.0068876050889625715,0.13167520117044623,0.0
robust_noaug,valid,rate__text+audio+vision__r0p10__random__medium,rate,text+audio+vision,0.1,random,medium,0.6190476190476191,0.010176790646013182,0.604781339471865,0.003930490446218563,0.5953344976480013,0.015246719875646127,0.814528673831069,0.02492954104623942,0.6416421981090711,0.020340248619252523,0.10093173680360375,0.0
robust_noaug,valid,rate__text+audio+vision__r0p20__random__medium,rate,text+audio+vision,0.2,random,medium,0.5984432234432234,0.0039387936204407495,0.5852881895987174,0.011354892156220457,0.6085627114036949,0.006006625166292368,0.8304029233936315,0.0061703192434106515,0.622332714017888,0.004862784040545937,0.2008239325453355,2.7755575615628914e-17
robust_noaug,valid,rate__text+audio+vision__r0p30__random__medium,rate,text+audio+vision,0.3,random,medium,0.5787545787545788,0.005057399733144376,0.5665809238986718,0.005961724330639382,0.624467992383284,0.010926775490916765,0.8563004643403579,0.016287401196878354,0.5878064920456784,0.016623428950754107,0.2992530704962846,0.0
robust_noaug,valid,rate__text+audio+vision__r0p40__random__medium,rate,text+audio+vision,0.4,random,medium,0.5407509157509157,0.0068528523567288465,0.5296576596972621,0.009227022387030605,0.6505394668391676,0.009311490191699077,0.8855430255913214,0.0035546255547355926,0.5429246197475542,0.00397851161520219,0.39970353828976246,0.0
robust_noaug,valid,rate__text+audio__r0p10__random__medium,rate,text+audio,0.1,random,medium,0.6222527472527473,0.011382603383384673,0.6087635687648425,0.00826897105173757,0.5871438965237198,0.004629970122802189,0.799232204828293,0.010861592263548709,0.6598412079853365,0.006430394800858813,0.069514495822585,0.0
robust_noaug,valid,rate__text+audio__r0p20__random__medium,rate,text+audio,0.2,random,medium,0.6016483516483516,0.01483686057327805,0.5877392012169423,0.009981747538214998,0.6020673446829735,0.004132025578029716,0.8210568011625062,0.008688564225790087,0.6306197124193281,0.0036108216625339597,0.13812420590613328,0.0
robust_noaug,valid,rate__text+audio__r0p30__random__medium,rate,text+audio,0.3,random,medium,0.5750915750915752,0.012303139965700009,0.5626556349949382,0.003296565848055917,0.6257703387453102,0.01079815782907535,0.8508529709378031,0.016609847916001185,0.5938705677785872,0.01590598510420809,0.20590613329226504,0.0
robust_noaug,valid,rate__text+audio__r0p40__random__medium,rate,text+audio,0.4,random,medium,0.5512820512820512,0.014289822833633,0.538802134374162,0.006398356056320425,0.6546643963015396,0.016611944932915998,0.8956203817183294,0.028817858720979223,0.5349219515838355,0.031278378493590296,0.2752281215107997,0.0
robust_noaug,valid,rate__text+vision__r0p10__random__medium,rate,text+vision,0.1,random,medium,0.6066849816849816,0.013705704713457662,0.5887556202884979,0.010618988134919313,0.603722591716421,0.008064174288520196,0.8270911787709102,0.008008312266273208,0.6282035956362955,0.00311723679110433,0.06755091826127133,0.0
robust_noaug,valid,rate__text+vision__r0p20__random__medium,rate,text+vision,0.2,random,medium,0.5975274725274725,0.007850928662766569,0.5842117389067655,0.0022929076492305186,0.6024567875806447,0.008435072379183459,0.8192129314530976,0.019407656760643304,0.6336637828851623,0.016968335324183535,0.1346013167520117,0.0
robust_noaug,valid,rate__text+vision__r0p30__random__medium,rate,text+vision,0.3,random,medium,0.5837912087912088,0.012131539651549247,0.5727374500673607,0.010808548108737572,0.6235633685284263,0.0056235083843742635,0.8518243527219176,0.007242261614764075,0.5921012787468012,0.0040573345221859404,0.20045816809763986,0.0
robust_noaug,valid,rate__text+vision__r0p40__random__medium,rate,text+vision,0.4,random,medium,0.565934065934066,0.012934475175664414,0.5561239810103076,0.005556926557629989,0.6538486686874618,0.027567519453104587,0.8956062834223492,0.03211707065231629,0.5350073872869766,0.035420173679426716,0.26802833711931623,0.0
robust_noaug,valid,rate__text__r0p10__random__medium,rate,text,0.1,random,medium,0.6231684981684982,0.009538766783882595,0.6065316485478363,0.002940522708171884,0.5848693305561694,0.009010917988727477,0.7949496549421161,0.011121644247743976,0.6624026155931847,0.004796397174518467,0.03613367728025257,0.0
robust_noaug,valid,rate__text__r0p20__random__medium,rate,text,0.2,random,medium,0.5892857142857143,0.009180374384507077,0.5763309481750403,0.012516664989398787,0.6159103738882616,0.010333167412900654,0.8416504031843711,0.019634848239276383,0.6060880985602698,0.025272283804577706,0.07190159011280946,0.0
robust_noaug,valid,rate__text__r0p30__random__medium,rate,text,0.3,random,medium,0.5769230769230769,0.0022431224750762077,0.5632438487962556,0.009056294583350132,0.6345888744244836,0.014629175688375391,0.8630741357249238,0.028387525293752054,0.57950119466791,0.030178781754835207,0.1071112308936203,0.0
robust_noaug,valid,rate__text__r0p40__random__medium,rate,text,0.4,random,medium,0.5521978021978022,0.0019426010472157831,0.5422633337468165,0.004951199146222856,0.645082730268582,0.006506721889925978,0.8836242533831727,0.012122599310898886,0.5499885058652617,0.0047178193021887044,0.14355292034035344,0.0
robust_noaug,valid,rate__vision__r0p10__random__medium,rate,vision,0.1,random,medium,0.6341575091575091,0.008267156632448643,0.6158469318490151,0.0056891106740174485,0.5746441727492194,0.00992074895183197,0.7800067064565271,0.015436464693839583,0.6803819829040423,0.006918000301846231,0.03141724098101875,0.0
robust_noaug,valid,rate__vision__r0p20__random__medium,rate,vision,0.2,random,medium,0.6336996336996337,0.00871167472089766,0.6153323626386875,0.006102203232012354,0.5746106307487935,0.009735207227117543,0.7798418872365064,0.015200924643800736,0.6804491745222435,0.0068753562523531245,0.06269972663920224,0.0
robust_noaug,valid,rate__vision__r0p30__random__medium,rate,vision,0.3,random,medium,0.6341575091575091,0.007122870506457923,0.6165418712752547,0.0033509392629770627,0.5743578095048761,0.009564677799407523,0.7796601685908241,0.01481791749523131,0.6805565615775624,0.0066253309162802605,0.09334693720401956,0.0
robust_noaug,valid,rate__vision__r0p40__random__medium,rate,vision,0.4,random,medium,0.6327838827838828,0.007210629921256264,0.6146127929202864,0.004548049514499509,0.5745910524233712,0.009397296588203409,0.7803863686748566,0.014963477115308777,0.6798649922202977,0.006554171448008362,0.12447541677896277,0.0
robust_noaug,test,ablation__audio+vision__r1p00__random__long,ablation,audio+vision,1.0,random,long,0.6790463090325538,0.008429516877968954,0.644199084949525,0.002107170954621527,0.6211651311781649,0.008438259927392024,0.8472989574315327,0.017748178439431876,0.6930905932958012,0.010079331626664504,0.6409648004706344,0.0
robust_noaug,test,ablation__audio__r1p00__random__long,ablation,audio,1.0,random,long,0.6845483723062816,0.007644810637566759,0.6479294684597959,0.00305602162415318,0.6119005846603509,0.006862714581901923,0.8359436540442177,0.015298942053028295,0.7001754491108679,0.011227416700477867,0.33052260025492697,0.0
robust_noaug,test,ablation__complete__r0p00__none__none,ablation,,0.0,none,none,0.6895919303071985,0.008429516877968954,0.6524923351329573,0.0029530390053327297,0.6093336637193788,0.005348240646183408,0.8331856970717859,0.0132298517974312,0.7019670158576594,0.010874972211386436,0.0,0.0
robust_noaug,test,ablation__text+audio+vision__r1p00__random__long,ablation,text+audio+vision,1.0,random,long,0.21733149931224208,2.7755575615628914e-17,0.11902071563088512,0.0,0.9165988445968626,0.014122551660793348,1.1775197844650258,0.006254361557349056,-0.02695414392337853,0.01905945794929913,1.0,0.0
robust_noaug,test,ablation__text+audio__r1p00__random__long,ablation,text+audio,1.0,random,long,0.34387895460797796,0.025831391143518147,0.29440100041423106,0.032705212315402264,0.8903140937512358,0.011003721502629092,1.14716538208316,0.004629466019601986,0.21101853644774707,0.015690754579469154,0.6895577997842924,1.1102230246251565e-16
robust_noaug,test,ablation__text+vision__r1p00__random__long,ablation,text+vision,1.0,random,long,0.30949105914718017,0.031022888260499357,0.2646118520942388,0.05660391315918573,0.902944961648156,0.006039145330049324,1.1603158829246005,0.0027849774048201333,0.1429336232084121,0.01322073985828698,0.669477399745073,0.0
robust_noaug,test,ablation__text__r1p00__random__long,ablation,text,1.0,random,long,0.3901879871618523,0.023567349428512414,0.3704222724564312,0.024530881175515332,0.8873512688089044,0.004403020021292255,1.1408990967927766,0.0010241780410752115,0.23054048308311845,0.010630233983287486,0.35903519952936563,0.0
robust_noaug,test,ablation__vision__r1p00__random__long,ablation,vision,1.0,random,long,0.6817973406694177,0.010128712532954822,0.6465750260801221,0.002657813057743034,0.6178564396812822,0.007784401841323069,0.842869754335227,0.015471588625830337,0.6955046322889858,0.010004866831470895,0.3104422002157074,0.0
robust_noaug,test,baseline__complete__r0p00__none__none,baseline,,0.0,none,none,0.6895919303071985,0.008429516877968954,0.6524923351329573,0.0029530390053327297,0.6093336637193788,0.005348240646183408,0.8331856970717859,0.0132298517974312,0.7019670158576594,0.010874972211386436,0.0,0.0
robust_noaug,test,duration__audio__r0p30__random__long,duration,audio,0.3,random,long,0.6905089408528199,0.007364685192209554,0.6537016107973798,0.003366386265207003,0.6088122890528559,0.005355439256130362,0.8324755727690611,0.013319752041627692,0.7024317680726249,0.011024001304126955,0.09881360917737032,1.3877787807814457e-17
robust_noaug,test,duration__audio__r0p30__random__medium,duration,audio,0.3,random,medium,0.6882164144887666,0.008429516877968907,0.6515359830622435,0.002348102076194835,0.609860641371966,0.004970203885898449,0.8334721415721251,0.013027064706187993,0.7015739574521179,0.010702951519156302,0.09881360917737032,1.3877787807814457e-17
robust_noaug,test,duration__audio__r0p30__random__short,duration,audio,0.3,random,short,0.6882164144887666,0.010128712532954868,0.6513717657356487,0.0033971912664410796,0.6093315978810799,0.005320191648568459,0.8330124090730323,0.01323153658566145,0.7019936836010282,0.010865374222639812,0.09881360917737032,1.3877787807814457e-17
robust_noaug,test,duration__text__r0p30__random__long,duration,text,0.3,random,long,0.6400733608436496,0.01748342591924586,0.6104671849698905,0.009765551693946922,0.685768579813946,0.014056524727112815,0.9324657241901458,0.01149166571170927,0.6036557406979711,0.010194333503941545,0.10753995489753898,0.0
robust_noaug,test,duration__text__r0p30__random__medium,duration,text,0.3,random,medium,0.6171480972031178,0.01719241931155676,0.5869726886686663,0.010988974446500007,0.6909119686293718,0.017404730748632375,0.9325782418979265,0.022790111878107276,0.6035755018656064,0.026882613471515306,0.10753995489753898,0.0
robust_noaug,test,duration__text__r0p30__random__short,duration,text,0.3,random,short,0.605685465382852,0.013399027231730821,0.5814928082780892,0.0073912931575868595,0.7078818929924405,0.017400407256985818,0.9476101520831991,0.01906141922201325,0.5854715640789573,0.027132138921315708,0.10753995489753898,0.0
robust_noaug,test,duration__vision__r0p30__random__long,duration,vision,0.3,random,long,0.6886749197615772,0.008278528237170004,0.6508084468039943,0.004419538300602019,0.6095411706372501,0.005322983034824588,0.8334278157444416,0.013357630972512285,0.7017104119945388,0.011072141971763651,0.09283263065006374,0.0
robust_noaug,test,duration__vision__r0p30__random__medium,duration,vision,0.3,random,medium,0.6886749197615772,0.007888422986742428,0.651204152474896,0.003181645399531281,0.6094051473767611,0.005281353831048308,0.8333996172527143,0.01307058628297542,0.701742686088031,0.01082679048481868,0.09283263065006374,0.0
robust_noaug,test,duration__vision__r0p30__random__short,duration,vision,0.3,random,short,0.6891334250343878,0.011231039627616622,0.6520817266152644,0.004939019322342005,0.6093473897133226,0.005385241611003846,0.8333823021449035,0.013212469694530401,0.7017419606124919,0.010930543302277988,0.09283263065006374,0.0
robust_noaug,test,position__audio__r0p30__middle__medium,position,audio,0.3,middle,medium,0.6882164144887666,0.007888422986742432,0.6506661720147827,0.0012345812806136933,0.6091997369227983,0.005185270354994361,0.8331663397506733,0.013036223172786717,0.7018302097496752,0.01072189691948881,0.09881360917737032,1.3877787807814457e-17
robust_noaug,test,position__audio__r0p30__prefix__medium,position,audio,0.3,prefix,medium,0.6872994039431454,0.009351709332586508,0.6514462031574096,0.004187901415409809,0.6090059898117304,0.005332964263580404,0.832794026217368,0.013146977428815178,0.7022315599954497,0.010896940918696245,0.09881360917737032,1.3877787807814457e-17
robust_noaug,test,position__audio__r0p30__random__medium,position,audio,0.3,random,medium,0.6909674461256304,0.006862278563546915,0.6543082848224683,0.003873460234402588,0.6093345172276249,0.005244129080612684,0.8330976473879902,0.013158187611808021,0.7019100396116477,0.01083015395293659,0.09881360917737032,1.3877787807814457e-17
robust_noaug,test,position__audio__r0p30__suffix__medium,position,audio,0.3,suffix,medium,0.6886749197615772,0.00618557430684642,0.6507062680417147,0.0019276491041028115,0.6101095402422833,0.005346322997263052,0.8333134376795447,0.013284476865856461,0.7016396527667448,0.011139478362680793,0.09881360917737032,1.3877787807814457e-17
robust_noaug,test,position__text__r0p30__middle__medium,position,text,0.3,middle,medium,0.6368638239339752,0.015193068799432278,0.6097968188015218,0.008245157763640135,0.6797240497198525,0.00828279481760546,0.9212558006700061,0.016937569652185232,0.6144908243740405,0.016493379421052282,0.10753995489753898,0.0
robust_noaug,test,position__text__r0p30__prefix__medium,position,text,0.3,prefix,medium,0.6474094452086199,0.006580788672355503,0.616240133134497,0.0037284171026060416,0.651011181009719,0.0032536873314366233,0.8782967660180067,0.0030728791156095976,0.6619946884129941,0.003991030746585198,0.10753995489753898,0.0
robust_noaug,test,position__text__r0p30__random__medium,position,text,0.3,random,medium,0.6162310866574966,0.008771722361168759,0.5876535573239351,0.00403480557140858,0.7011432604499568,0.005377143550232963,0.9397652486141154,0.005337758362027473,0.5935892640280088,0.006842928419063218,0.10753995489753898,0.0
robust_noaug,test,position__text__r0p30__suffix__medium,position,text,0.3,suffix,medium,0.5520403484640074,0.033643166121676546,0.5180776087004865,0.010078934379980057,0.7755379003597742,0.020257441559396572,1.0274699161386203,0.013188903625527408,0.5126747883650734,0.013051881464570295,0.10753995489753898,0.0
robust_noaug,test,position__vision__r0p30__middle__medium,position,vision,0.3,middle,medium,0.6909674461256304,0.00872365776728129,0.6541281560344933,0.004688255384689498,0.609318348061992,0.005260375526032277,0.8331935726837388,0.013157497433906795,0.7018459030660479,0.010898595219167487,0.09283263065006374,0.0
robust_noaug,test,position__vision__r0p30__prefix__medium,position,vision,0.3,prefix,medium,0.6895919303071985,0.010674412404239176,0.6525787039366778,0.00433372490075706,0.609171634625365,0.005650279938966306,0.8328845565273205,0.01331632284438034,0.7022939549961974,0.01104049440508563,0.09283263065006374,0.0
robust_noaug,test,position__vision__r0p30__random__medium,position,vision,0.3,random,medium,0.6891334250343878,0.007364685192209506,0.6520974928235078,0.0029989464306731752,0.6094756560491509,0.005220410417320453,0.8332945313636522,0.01303988540515437,0.7018108192975112,0.010805240890746977,0.09283263065006374,0.0
robust_noaug,test,position__vision__r0p30__suffix__medium,position,vision,0.3,suffix,medium,0.6854653828519028,0.005763321911956248,0.647535648715627,0.004422916550111088,0.6102679139276449,0.0053595399645426705,0.8339028723984777,0.013024056911189866,0.7014188075550819,0.01074928297903406,0.09283263065006374,0.0
robust_noaug,test,rate__audio+vision__r0p10__random__medium,rate,audio+vision,0.1,random,medium,0.6886749197615772,0.0073073715958318465,0.6509858643454461,0.0014745643471444367,0.609328133611761,0.005461648939473782,0.8331031717832268,0.013121606336783378,0.7019887608498839,0.010801149620575063,0.06439847043827826,0.0
robust_noaug,test,rate__audio+vision__r0p20__random__medium,rate,audio+vision,0.2,random,medium,0.6891334250343878,0.009193002134692046,0.6519328694895107,0.0016673550797315212,0.6092301477114032,0.0056921353871652175,0.8328398291744428,0.013271732302465845,0.7021167409754803,0.011036307997160726,0.12918913618982253,0.0
robust_noaug,test,rate__audio+vision__r0p30__random__medium,rate,audio+vision,0.3,random,medium,0.6891334250343878,0.01106129122587329,0.652100306826341,0.006269518893555248,0.6088349227859702,0.005286256436582655,0.8329567216386756,0.013215585656724963,0.7019622910522928,0.01100167900258184,0.19164623982743403,2.7755575615628914e-17
robust_noaug,test,rate__audio+vision__r0p40__random__medium,rate,audio+vision,0.4,random,medium,0.6900504355800092,0.0074779946952315945,0.6528853279489676,0.003759949088136949,0.6092519933637104,0.0056336441646284655,0.8334247267303287,0.013088698324426861,0.7015594197029283,0.01094557562658126,0.2562604176880086,0.0
robust_noaug,test,rate__audio__r0p10__random__medium,rate,audio,0.1,random,medium,0.6895919303071985,0.007888422986742432,0.6523334341504455,0.0015885576393952906,0.6094497903444451,0.005436699033048126,0.8333380977245645,0.013384240464172626,0.7018291417530813,0.010994314178972439,0.033218943033630745,0.0
robust_noaug,test,rate__audio__r0p20__random__medium,rate,audio,0.2,random,medium,0.6891334250343878,0.007364685192209506,0.6517276443820731,0.0027713738206421672,0.609470691281238,0.0053495357116238665,0.8333213907277993,0.013257964640667717,0.7017626597396623,0.01088652268248482,0.0666339837238945,0.0
robust_noaug,test,rate__audio__r0p30__random__medium,rate,audio,0.3,random,medium,0.6895919303071985,0.007888422986742432,0.6528684902775256,0.0012082727770668406,0.6091033365907971,0.005621886916545495,0.8328254930808664,0.013424573608223,0.7021653557912737,0.011099701646582047,0.09881360917737032,1.3877787807814457e-17
robust_noaug,test,rate__audio__r0p40__random__medium,rate,audio,0.4,random,medium,0.6895919303071985,0.007477994695231606,0.6530492394913451,0.0004076337465175958,0.6094786320402638,0.005217877177357645,0.8330238351662915,0.013120420325320804,0.701913942177281,0.010848163626676994,0.1321698205706442,0.0
robust_noaug,test,rate__text+audio+vision__r0p10__random__medium,rate,text+audio+vision,0.1,random,medium,0.6556625401192114,0.013113571431522352,0.6213375943660563,0.005487368770330025,0.6485049965902855,0.019554346922413722,0.8776426738574025,0.030558071429988863,0.6601058566685092,0.03017513067385486,0.10053926855574076,0.0
robust_noaug,test,rate__text+audio+vision__r0p20__random__medium,rate,text+audio+vision,0.2,random,medium,0.635946813388354,0.015575687988503473,0.6046040207694299,0.009097764459380996,0.6708349877014476,0.00028670516925324114,0.9060785418635539,0.009420505879479955,0.6320571160771941,0.011217390486037338,0.20092165898617512,0.0
robust_noaug,test,rate__text+audio+vision__r0p30__random__medium,rate,text+audio+vision,0.3,random,medium,0.6327372764786795,0.005835819377055399,0.6081327969820346,0.004821148800005322,0.6901570664439478,0.012075835644042363,0.9379188959257716,0.026374708440042832,0.5942297465100467,0.03060481218597752,0.29918619472497304,0.0
robust_noaug,test,rate__text+audio+vision__r0p40__random__medium,rate,text+audio+vision,0.4,random,medium,0.6038514442916093,0.009193002134692084,0.5820121604836813,0.003543216444969164,0.7083099193508912,0.013279261730010199,0.9656952179945311,0.023535358833052657,0.5635078202215819,0.03035707356651888,0.3999019511716835,0.0
robust_noaug,test,rate__text+audio__r0p10__random__medium,rate,text+audio,0.1,random,medium,0.664832645575424,0.016054233287493433,0.6336293214839245,0.009980970572023315,0.640750003350896,0.008444128119892893,0.8718048482477884,0.016099082221343385,0.6658129481722556,0.015775532940078257,0.06935974115109324,0.0
robust_noaug,test,rate__text+audio__r0p20__random__medium,rate,text+audio,0.2,random,medium,0.6276937184777625,0.0056528326482979795,0.5959716729099287,0.003632517786949642,0.6700181890311508,0.00798505007152178,0.9075332324552497,0.013440747910972741,0.6295870473023792,0.01596852185515908,0.1383665065202471,0.0
robust_noaug,test,rate__text+audio__r0p30__random__medium,rate,text+audio,0.3,random,medium,0.6354883081155434,0.013241200438508599,0.6102619826801831,0.004659295698974527,0.6825106427584191,0.0039674290770937825,0.9260008139047615,0.005073986536168794,0.6096039222072598,0.006024664320328508,0.20635356407490932,0.0
robust_noaug,test,rate__text+audio__r0p40__random__medium,rate,text+audio,0.4,random,medium,0.5914718019257222,0.00998236637188319,0.5658754881489726,0.02151549559149038,0.7237691005468984,0.007351761919098645,0.9785116448947156,0.007879123539113462,0.5436930246535105,0.00913545979994369,0.27581135405431906,0.0
robust_noaug,test,rate__text+vision__r0p10__random__medium,rate,text+vision,0.1,random,medium,0.65474552957359,0.00847924897244699,0.619522887098679,0.005782150935032043,0.6440366747311254,0.007815239165090084,0.8769437982396432,0.010120765189338252,0.6642317898064182,0.009636079973654767,0.06732032552211001,0.0
robust_noaug,test,rate__text+vision__r0p20__random__medium,rate,text+vision,0.2,random,medium,0.6419073819348923,0.014657833437089207,0.6115103797194426,0.013216847401048937,0.6729905519545666,0.0019067909650531515,0.9124533991999574,0.013628343101315242,0.6251911470513716,0.012640507443772556,0.1342876752622806,0.0
robust_noaug,test,rate__text+vision__r0p30__random__medium,rate,text+vision,0.3,random,medium,0.6102705181109582,0.004538970626598678,0.5816576048634929,0.006715887733455731,0.6938462306692829,0.016125712606567387,0.9407559660487141,0.018775297687913618,0.5922698407801958,0.018420335541813868,0.2003725855476027,0.0
robust_noaug,test,rate__text+vision__r0p40__random__medium,rate,text+vision,0.4,random,medium,0.587803759743237,0.016896401442171742,0.5611122033861736,0.015382510538357083,0.7278402482707298,0.026260907047919894,0.9804193048141673,0.03712033478735795,0.5452816493612831,0.042358324057704795,0.26773213060103934,0.0
robust_noaug,test,rate__text__r0p10__random__medium,rate,text,0.1,random,medium,0.6570380559376433,0.011471798260611473,0.6236719225237225,0.0064988854038731635,0.6476221563946157,0.0011310643592729595,0.8799276337686258,0.006302453856758553,0.658174054841954,0.007394874921433371,0.03614079811746249,0.0
robust_noaug,test,rate__text__r0p20__random__medium,rate,text,0.2,random,medium,0.6341127922971115,0.005146708922660155,0.6007845085010673,0.007195630053540907,0.6683170604120287,0.004715222753755438,0.8942389641415843,0.006400184987119784,0.6413262960821283,0.006758186862632581,0.07173252279635259,0.0
robust_noaug,test,rate__text__r0p30__random__medium,rate,text,0.3,random,medium,0.624484181568088,0.014338831518672063,0.5965893879823073,0.010652375209104219,0.6948211039350305,0.021095556918356257,0.9440901965872329,0.027437956629361684,0.5902452839146065,0.029597516071819877,0.10753995489753898,0.0
robust_noaug,test,rate__text__r0p40__random__medium,rate,text,0.4,random,medium,0.5937643282897754,0.008504005956438049,0.5667896684197654,0.005760657425140533,0.7130553695987714,0.008635993922148465,0.9694279481139237,0.011635021213159366,0.5566143146930108,0.015632613045383676,0.14364153348367487,0.0
robust_noaug,test,rate__vision__r0p10__random__medium,rate,vision,0.1,random,medium,0.6895919303071985,0.0073073715958318,0.6524239277168321,0.0024625997243601706,0.6092866889035848,0.005364306684610686,0.8331143019559719,0.01317812920947474,0.7019975426613027,0.010850486781947895,0.031179527404647512,3.469446951953614e-18
robust_noaug,test,rate__vision__r0p20__random__medium,rate,vision,0.2,random,medium,0.6891334250343878,0.006738623776569938,0.6515389262583285,0.002144492588885783,0.6094484027207806,0.005408727047332449,0.833342540367148,0.013159949174320448,0.7017900435449446,0.010854316485878732,0.06255515246592804,0.0
robust_noaug,test,rate__vision__r0p30__random__medium,rate,vision,0.3,random,medium,0.6877579092159559,0.008984831702093235,0.6506601062540643,0.002975525524441387,0.609524535213788,0.0055031528148432925,0.8334979161829089,0.013498354758293887,0.7016745237250036,0.011167177482111603,0.09283263065006374,0.0
robust_noaug,test,rate__vision__r0p40__random__medium,rate,vision,0.4,random,medium,0.6900504355800091,0.010128712532954868,0.6530984002804651,0.004131098349432418,0.6097300568803058,0.005469207189752764,0.8337521875759478,0.013100353983698491,0.7014224095503655,0.01086828045389791,0.12409059711736443,1.3877787807814457e-17
robust,valid,ablation__audio+vision__r1p00__random__long,ablation,audio+vision,1.0,random,long,0.6341575091575091,0.005645067768286637,0.605363350858623,0.007484102565685562,0.5794507304207343,0.008456250462151453,0.7807122941980831,0.00537491768820589,0.67484634123027,0.004696271596683304,0.6413968351749895,0.0
robust,valid,ablation__audio__r1p00__random__long,ablation,audio,1.0,random,long,0.6428571428571429,0.0011215612375380813,0.6130335509250449,0.00748899506258829,0.568664535192684,0.009110531559716308,0.7664250795895934,0.0069894384850448694,0.6852241239840602,0.006675201329677145,0.3296885226966465,0.0
robust,valid,ablation__complete__r0p00__none__none,ablation,,0.0,none,none,0.6446886446886446,0.004532735776836876,0.613783717186923,0.010908435779170464,0.5674939266663562,0.00905493408948836,0.7636189759359876,0.007114413091921995,0.6863358912348926,0.006469279243715332,0.0,0.0
robust,valid,ablation__text+audio+vision__r1p00__random__long,ablation,text+audio+vision,1.0,random,long,0.25274725274725274,0.0,0.13450292397660818,0.0,0.7716497086950547,0.0007429377619889838,1.052032718929599,0.0030696390142338887,0.005808082901299408,0.016427739220809753,1.0,0.0
robust,valid,ablation__text+audio__r1p00__random__long,ablation,text+audio,1.0,random,long,0.3850732600732601,0.028203046876253645,0.3410443793707813,0.03745334966770568,0.7684101189504592,0.005693575691049604,1.0264892149388896,0.005388181582881917,0.24590109522763656,0.005464375571949091,0.6882916875216573,1.1102230246251565e-16
robust,valid,ablation__text+vision__r1p00__random__long,ablation,text+vision,1.0,random,long,0.3429487179487179,0.012505952640794562,0.3023217519694675,0.02245570013271875,0.7829348308242339,0.005429433883164521,1.0518019264612306,0.005567993467184564,0.06739619700508283,0.01936719828442492,0.6703114773033535,0.0
robust,valid,ablation__text__r1p00__random__long,ablation,text,1.0,random,long,0.41712454212454214,0.010360538918484203,0.4079248107186711,0.008563922561866147,0.7705580170105141,0.0032355427295606234,1.028269886700475,0.001806944155698773,0.22620863914192346,0.016131849943404355,0.3586031648250106,0.0
robust,valid,ablation__vision__r1p00__random__long,ablation,vision,1.0,random,long,0.6314102564102564,0.006177077638842488,0.6000109160471888,0.009522226397612797,0.5770094841454287,0.008462658383110094,0.7762337255185358,0.005850822627975835,0.6767647709896999,0.004740362329510816,0.3117083124783429,0.0
robust,valid,baseline__complete__r0p00__none__none,baseline,,0.0,none,none,0.6446886446886446,0.004532735776836876,0.613783717186923,0.010908435779170464,0.5674939266663562,0.00905493408948836,0.7636189759359876,0.007114413091921995,0.6863358912348926,0.006469279243715332,0.0,0.0
robust,valid,duration__audio__r0p30__random__long,duration,audio,0.3,random,long,0.6433150183150184,0.0012950673648105219,0.6128377741485788,0.008507632977881721,0.5668449334151217,0.008951855237572885,0.7630302750144288,0.007056688415278233,0.6867494459208796,0.006443120105604313,0.09879490239864475,0.0
robust,valid,duration__audio__r0p30__random__medium,duration,audio,0.3,random,medium,0.6456043956043955,0.0040438465505164495,0.6158536408999398,0.010263144240840922,0.5678281692298464,0.008778858653465995,0.7637553115614507,0.0069542943899025215,0.6860987467899861,0.006405508100194604,0.09879490239864475,0.0
robust,valid,duration__audio__r0p30__random__short,duration,audio,0.3,random,short,0.6451465201465201,0.004669431789004416,0.6147456734708167,0.011353023962772936,0.5671984557708002,0.009285550021357822,0.7633532431835213,0.007182592863999294,0.6864596225573036,0.006476191401007884,0.09879490239864475,0.0
robust,valid,duration__text__r0p30__random__long,duration,text,0.3,random,long,0.5984432234432234,0.005532530207689803,0.5738315304724959,0.007929157128337866,0.6067709865312062,0.01131468869903857,0.8228156562268976,0.01435240844190493,0.6208674882021477,0.014178677772654255,0.1071112308936203,0.0
robust,valid,duration__text__r0p30__random__medium,duration,text,0.3,random,medium,0.5993589743589745,0.012754934319765683,0.5750871345548854,0.009042668721818319,0.6237146828780735,0.002035265571537449,0.848318792988557,0.003922947215479764,0.5913450332473033,0.005443340504775393,0.1071112308936203,0.0
robust,valid,duration__text__r0p30__random__short,duration,text,0.3,random,short,0.5796703296703297,0.0029673721146556372,0.548807825768525,0.006366436680056903,0.6226123419825683,0.0070086793353329735,0.8475860804201684,0.007522635789646363,0.588423743955021,0.007694721731707585,0.1071112308936203,0.0
robust,valid,duration__vision__r0p30__random__long,duration,vision,0.3,random,long,0.6446886446886446,0.004246162314787447,0.6144938553583986,0.01225440440466788,0.5673022125468116,0.009560869941434616,0.7635419061683062,0.00742974226346446,0.686306156006145,0.006780173486418679,0.09334693720401956,0.0
robust,valid,duration__vision__r0p30__random__medium,duration,vision,0.3,random,medium,0.6456043956043955,0.0038852020944316183,0.6151641669841379,0.011347691784394738,0.5673418593841977,0.00929339968800482,0.7636690673868959,0.007257176396682084,0.6862380735896978,0.006571909152313028,0.09334693720401956,0.0
robust,valid,duration__vision__r0p30__random__short,duration,vision,0.3,random,short,0.6465201465201464,0.004532735776836879,0.6165185923216776,0.011845626967091783,0.5675399144868377,0.009346704085203451,0.7637528958774477,0.007105351379742946,0.6861357288668289,0.006495301695424412,0.09334693720401956,0.0
robust,valid,position__audio__r0p30__middle__medium,position,audio,0.3,middle,medium,0.646062271062271,0.004246162314787447,0.6159345107232369,0.010425438586806751,0.5676561355464597,0.009170966782841676,0.7637648203618644,0.007331837641531803,0.6861116875200031,0.00668540598297656,0.09879490239864475,0.0
robust,valid,position__audio__r0p30__prefix__medium,position,audio,0.3,prefix,medium,0.6437728937728937,0.003938793620440796,0.6134545499508532,0.011947061980120247,0.5670792615542618,0.008956273681657663,0.7634397022602873,0.007121909541995028,0.6862940118911566,0.00642615677024826,0.09879490239864475,0.0
robust,valid,position__audio__r0p30__random__medium,position,audio,0.3,random,medium,0.6433150183150182,0.0023347158945022334,0.6131595895055026,0.008870033318427966,0.5670891981277676,0.00882573039009295,0.7631858452164971,0.007139369767695265,0.6866010651895889,0.006512727013599969,0.09879490239864475,0.0
robust,valid,position__audio__r0p30__suffix__medium,position,audio,0.3,suffix,medium,0.646062271062271,0.00518026945924214,0.6149478360680597,0.012199793490862849,0.5669276636582543,0.008963750940596036,0.7628907902812986,0.007026385904803258,0.6867438376225787,0.006436030028058551,0.09879490239864475,0.0
robust,valid,position__text__r0p30__middle__medium,position,text,0.3,middle,medium,0.608974358974359,0.011290135536573225,0.5853441954128905,0.006493568410177137,0.6123897953930348,0.006497153803605475,0.8239345043848378,0.008498563984914614,0.6203095623094685,0.008533413301010236,0.1071112308936203,0.0
robust,valid,position__text__r0p30__prefix__medium,position,text,0.3,prefix,medium,0.6291208791208791,0.0068221906711315415,0.5934736711886358,0.015114641165914686,0.6037319468585057,0.006867583515436957,0.8182543789485536,0.002775980757855952,0.6233428657258177,0.004289112979539353,0.1071112308936203,0.0
robust,valid,position__text__r0p30__random__medium,position,text,0.3,random,medium,0.6062271062271063,0.00617707763884254,0.5804540010902742,0.0010890193130506914,0.6227366711548615,0.006442802032783528,0.8563576514600948,0.00980615827840242,0.5835553236573786,0.010739626200724342,0.1071112308936203,0.0
robust,valid,position__text__r0p30__suffix__medium,position,text,0.3,suffix,medium,0.565018315018315,0.014421259842512473,0.5382403596173099,0.011394977591525168,0.6434644840307185,0.008286865195154685,0.8635255949406707,0.014990735655787815,0.5613004567611116,0.02125048067673368,0.1071112308936203,0.0
robust,valid,position__vision__r0p30__middle__medium,position,vision,0.3,middle,medium,0.6442307692307692,0.0029673721146556546,0.614111155096433,0.010693473623581626,0.5673844468227208,0.009242005040948896,0.7637143932124122,0.007016139367546662,0.6861561081538067,0.006417742022209652,0.09334693720401956,0.0
robust,valid,position__vision__r0p30__prefix__medium,position,vision,0.3,prefix,medium,0.6474358974358975,0.0034264261783644033,0.6170539073163642,0.011265690303076344,0.5673588572454642,0.009012683220612806,0.7635499109695627,0.007141530067766008,0.6863472271423444,0.006538759562310508,0.09334693720401956,0.0
robust,valid,position__vision__r0p30__random__medium,position,vision,0.3,random,medium,0.6456043956043956,0.0022431224750761626,0.6153632893986297,0.009944776530198327,0.5673049264941398,0.00889045630671966,0.7639111346150208,0.006898754779448552,0.6859733346800193,0.006243102613338291,0.09334693720401956,0.0
robust,valid,position__vision__r0p30__suffix__medium,position,vision,0.3,suffix,medium,0.6419413919413919,0.0023347158945022334,0.612488295868355,0.01011359648975826,0.5679685439088896,0.00911402355103921,0.7640448690845753,0.007101830692458794,0.6858894812900095,0.006434127759920967,0.09334693720401956,0.0
robust,valid,rate__audio+vision__r0p10__random__medium,rate,audio+vision,0.1,random,medium,0.6456043956043955,0.0040438465505164495,0.6150913444787794,0.01177706973724073,0.5675135582481637,0.008959033121273503,0.7635619439014961,0.006973620156990816,0.686332176123079,0.00636126342843992,0.06479805952335117,0.0
robust,valid,rate__audio+vision__r0p20__random__medium,rate,audio+vision,0.2,random,medium,0.6446886446886446,0.003938793620440792,0.6144271149535753,0.012501843224677602,0.567529693487247,0.009192927141479477,0.7636478158286821,0.007207402989452098,0.6861860149708671,0.006596015799715897,0.1289223424325261,0.0
robust,valid,rate__audio+vision__r0p30__random__medium,rate,audio+vision,0.3,random,medium,0.6460622710622711,0.002822533884143294,0.6165614932566802,0.008393445624211696,0.5676470986130774,0.009215694607555619,0.7639100522931216,0.006995363456202823,0.6858609087932171,0.00640482041137846,0.19214183960266432,0.0
robust,valid,rate__audio+vision__r0p40__random__medium,rate,audio+vision,0.4,random,medium,0.646978021978022,0.0022431224750761626,0.6167294838005032,0.008671235971879167,0.5673787154213802,0.008728982436320431,0.764008613292742,0.006938035589081165,0.685644564801945,0.006367089965677546,0.256150617949409,0.0
robust,valid,rate__audio__r0p10__random__medium,rate,audio,0.1,random,medium,0.6442307692307692,0.0040438465505164495,0.6133456729729361,0.010875623313321776,0.5673664537921117,0.008947989246674545,0.7634449080336352,0.007056426406074253,0.6864586414609088,0.006406615687738093,0.03338081854233242,0.0
robust,valid,rate__audio__r0p20__random__medium,rate,audio,0.2,random,medium,0.6428571428571428,0.0029673721146556546,0.6126574143598846,0.010255871244441415,0.5674810198096442,0.009040371210775418,0.76367323160867,0.007248802115610472,0.6862096579199819,0.006581180794499383,0.06622261579332384,0.0
robust,valid,rate__audio__r0p30__random__medium,rate,audio,0.3,random,medium,0.6469780219780219,0.004888772093420965,0.6171328006186799,0.01191785059041054,0.5668541886894912,0.009026296088820605,0.7630087111983603,0.007114658120205623,0.6867823280822617,0.006447550365948202,0.09879490239864475,0.0
robust,valid,rate__audio__r0p40__random__medium,rate,audio,0.4,random,medium,0.6442307692307693,0.0011215612375380813,0.6146735389753135,0.008785613153492204,0.5674483667293243,0.008760127188865728,0.7633882767116301,0.0068678482835985745,0.6863225147830591,0.006346855856657083,0.13167520117044623,0.0
robust,valid,rate__text+audio+vision__r0p10__random__medium,rate,text+audio+vision,0.1,random,medium,0.6245421245421245,0.003237668412026305,0.5960813213337376,0.008021063322352452,0.5869962751972847,0.009164437973886233,0.7899718786355602,0.008261736909772017,0.656717442573759,0.008316815681660891,0.10093173680360375,0.0
robust,valid,rate__text+audio+vision__r0p20__random__medium,rate,text+audio+vision,0.2,random,medium,0.6108058608058609,0.007122870506457923,0.5840407789946768,0.011484284195617532,0.596662792908079,0.005961104355177502,0.80550434482595,0.0010974687807728519,0.6395983421270462,0.0024309775328958737,0.2008239325453355,2.7755575615628914e-17
robust,valid,rate__text+audio+vision__r0p30__random__medium,rate,text+audio+vision,0.3,random,medium,0.5938644688644689,0.012999147954742116,0.5717927944079024,0.013055924349290796,0.6150268802437214,0.008101122456516787,0.8339325500154939,0.014339354727248904,0.6068968736242643,0.016058014044611976,0.2992530704962846,0.0
robust,valid,rate__text+audio+vision__r0p40__random__medium,rate,text+audio+vision,0.4,random,medium,0.5810439560439561,0.008759673291991317,0.558116186891985,0.010474689481313184,0.6289276962544625,0.007662865389382186,0.857692126332053,0.009721652045033596,0.574391684348095,0.011860020810085851,0.39970353828976246,0.0
robust,valid,rate__text+audio__r0p10__random__medium,rate,text+audio,0.1,random,medium,0.6341575091575091,0.0017132130891822014,0.606315723274126,0.005791635588917921,0.5793176619489524,0.006360366236986145,0.7782905720830556,0.008051461049974203,0.668939728779392,0.007397851523668287,0.069514495822585,0.0
robust,valid,rate__text+audio__r0p20__random__medium,rate,text+audio,0.2,random,medium,0.6304945054945055,0.011215612375380858,0.6026786748873981,0.011842074090880691,0.5866781361170809,0.002788178573848415,0.7993704380138591,0.001137529098687031,0.6452245828908051,0.0011702340138784965,0.13812420590613328,0.0
robust,valid,rate__text+audio__r0p30__random__medium,rate,text+audio,0.3,random,medium,0.5998168498168499,0.024631827209364004,0.5741398862362798,0.02476800570712468,0.6120929988693862,0.016091502317996595,0.8304447343469454,0.028122973164617166,0.608696660087373,0.03187506421783102,0.20590613329226504,0.0
robust,valid,rate__text+audio__r0p40__random__medium,rate,text+audio,0.4,random,medium,0.5700549450549451,0.012639353243445301,0.5473197939288108,0.008007273040546874,0.6415710307187794,0.011767341932952532,0.8743703950061342,0.01917655760874625,0.5554839184856947,0.022558536340615262,0.2752281215107997,0.0
robust,valid,rate__text+vision__r0p10__random__medium,rate,text+vision,0.1,random,medium,0.6263736263736264,0.0033646837126142435,0.5988868477762397,0.01108670868477508,0.5917961257475773,0.004452649500515199,0.8031373787611734,0.01021875585882734,0.6438630626400491,0.011003045220309472,0.06755091826127133,0.0
robust,valid,rate__text+vision__r0p20__random__medium,rate,text+vision,0.2,random,medium,0.6085164835164835,0.009777544186841878,0.5808055414010547,0.01833067494148322,0.594629457530876,0.012166956935385708,0.8071770562449196,0.01980054704441475,0.637891725029261,0.01985773080137363,0.1346013167520117,0.0
robust,valid,rate__text+vision__r0p30__random__medium,rate,text+vision,0.3,random,medium,0.6002747252747254,0.00890211634396686,0.5738367432563378,0.008271307822041567,0.6171647673805377,0.0032252435839428156,0.8399187297293751,0.007880008235661748,0.5998254029004998,0.00815660913955042,0.20045816809763986,0.0
robust,valid,rate__text+vision__r0p40__random__medium,rate,text+vision,0.4,random,medium,0.5801282051282052,0.007634309524053626,0.5568901015448344,0.014699892319030046,0.6452453102628213,0.013793367741058243,0.870814107667573,0.016713042329474327,0.5610242913166759,0.021053259853565393,0.26802833711931623,0.0
robust,valid,rate__text__r0p10__random__medium,rate,text,0.1,random,medium,0.6282051282051282,0.004669431789004365,0.5975963598192847,0.008661951473747568,0.5823521395128616,0.008057392075157504,0.7803631394153575,0.006417410508220827,0.6675048625283854,0.005683085917127402,0.03613367728025257,0.0
robust,valid,rate__text__r0p20__random__medium,rate,text,0.2,random,medium,0.6181318681318682,0.011816380861322294,0.5907276096716202,0.016567863600008316,0.6073322287639569,0.009377554556849252,0.8235068805409149,0.01654203537805785,0.6197155018349032,0.01865810522113555,0.07190159011280946,0.0
robust,valid,rate__text__r0p30__random__medium,rate,text,0.3,random,medium,0.6057692307692308,0.003364683712614289,0.5833541938063033,0.004094963714237522,0.6235860641956186,0.010645843967623442,0.8424964470700349,0.020078257580109934,0.5967190756868421,0.021640449220644162,0.1071112308936203,0.0
robust,valid,rate__text__r0p40__random__medium,rate,text,0.4,random,medium,0.5732600732600732,0.014201522361969617,0.549976369874122,0.008727642198088173,0.6386773551433883,0.0010684448132661328,0.8696473393266024,0.005782538755351176,0.5618827418147582,0.009017813547858196,0.14355292034035344,0.0
robust,valid,rate__vision__r0p10__random__medium,rate,vision,0.1,random,medium,0.6456043956043955,0.0038852020944316183,0.6148931549228845,0.011059887691411186,0.5674349293560507,0.009236108250378027,0.7636168914583742,0.007315228308988,0.686315738329682,0.006673663612191249,0.03141724098101875,0.0
robust,valid,rate__vision__r0p20__random__medium,rate,vision,0.2,random,medium,0.646062271062271,0.004532735776836876,0.6158963944142842,0.012167088703140306,0.5673476892144798,0.009097935986663912,0.7634261263033867,0.0071080102975569345,0.6864587439678873,0.006530802367425593,0.06269972663920224,0.0
robust,valid,rate__vision__r0p30__random__medium,rate,vision,0.3,random,medium,0.646062271062271,0.00518026945924214,0.6154361121451172,0.013254694233254283,0.5671772353334911,0.008725646119116718,0.7631887864354207,0.006860185429645373,0.686621042917484,0.00633621067210863,0.09334693720401956,0.0
robust,valid,rate__vision__r0p40__random__medium,rate,vision,0.4,random,medium,0.6451465201465201,0.004532735776836879,0.6148660960295893,0.012077724843594135,0.5675513771709717,0.009072415195136714,0.7641712469271162,0.007185401703294296,0.6856779980362046,0.006546792211783279,0.12447541677896277,0.0
robust,test,ablation__audio+vision__r1p00__random__long,ablation,audio+vision,1.0,random,long,0.6923429619440623,0.0017155696408867117,0.6457621030575844,0.011626607242444739,0.6178446054144334,0.00655675168192529,0.8455077643680274,0.0034987289437028285,0.6883734429717793,0.0021343281729113424,0.6409648004706344,0.0
robust,test,ablation__audio__r1p00__random__long,ablation,audio,1.0,random,long,0.6886749197615772,0.00618557430684642,0.6397182307251512,0.011705475528335346,0.6097580700107551,0.005782361912070524,0.8351420166492027,0.0033586955343471595,0.6957563991455528,0.0027984516687335446,0.33052260025492697,0.0
robust,test,ablation__complete__r0p00__none__none,ablation,,0.0,none,none,0.6932599724896836,0.008771722361168707,0.643691439626722,0.017016286047375574,0.6076313456488839,0.005854336663613135,0.8319725104707464,0.002537479213540488,0.6978337658023249,0.001867167705681513,0.0,0.0
robust,test,ablation__text+audio+vision__r1p00__random__long,ablation,text+audio+vision,1.0,random,long,0.21733149931224208,2.7755575615628914e-17,0.11902071563088512,0.0,0.8857907384441006,0.0010093506280833416,1.1634181238672234,0.0023823046315244643,-0.01347707196168924,0.038118915898598296,1.0,0.0
robust,test,ablation__text+audio__r1p00__random__long,ablation,text+audio,1.0,random,long,0.3998165978908757,0.0235940950578058,0.35067575324236455,0.023455317553515747,0.8734121380543788,0.006254607335979789,1.1363842409671825,0.002445876114421178,0.21875040129925974,0.007961604282784935,0.6895577997842924,1.1102230246251565e-16
robust,test,ablation__text+vision__r1p00__random__long,ablation,text+vision,1.0,random,long,0.36451169188445665,0.022377687926478537,0.3246464666122056,0.02561829643888651,0.8875592525686313,0.006718605452847564,1.149887579804081,0.00263337498253644,0.15810190470732313,0.006226842401113217,0.669477399745073,0.0
robust,test,ablation__text__r1p00__random__long,ablation,text,1.0,random,long,0.43603851444291614,0.02320779593735674,0.4069080097280508,0.01776966046816419,0.8729138488341969,0.002340752134379738,1.1305430963397154,0.0019405253284026053,0.23752396016756458,0.004703422618520337,0.35903519952936563,0.0
robust,test,ablation__vision__r1p00__random__long,ablation,vision,1.0,random,long,0.6895919303071986,0.0025936975009134933,0.6418606917959528,0.015226725578516016,0.6151016136090767,0.00658235782991422,0.8407810852773944,0.0025347335534547815,0.6911874183861789,0.0013114460050859856,0.3104422002157074,0.0
robust,test,baseline__complete__r0p00__none__none,baseline,,0.0,none,none,0.6932599724896836,0.008771722361168707,0.643691439626722,0.017016286047375574,0.6076313456488839,0.005854336663613135,0.8319725104707464,0.002537479213540488,0.6978337658023249,0.001867167705681513,0.0,0.0
robust,test,duration__audio__r0p30__random__long,duration,audio,0.3,random,long,0.6932599724896836,0.007781092502740531,0.6439319792584676,0.015065269228177804,0.6074162822708672,0.005559199783735848,0.8313047699339194,0.0024896617631365095,0.6983237746405407,0.0018654183915012106,0.09881360917737032,1.3877787807814457e-17
robust,test,duration__audio__r0p30__random__medium,duration,audio,0.3,random,medium,0.6955524988537368,0.007477994695231576,0.6463929843718169,0.015872225093872972,0.608249649185566,0.005767028143689073,0.8323200335850109,0.002577287745404414,0.6974302343431642,0.001951639961985766,0.09881360917737032,1.3877787807814457e-17
robust,test,duration__audio__r0p30__random__short,duration,audio,0.3,random,short,0.692801467216873,0.006484243752283811,0.6435263755846541,0.014998656030867868,0.6077826217770003,0.005714553730479679,0.8319556902571761,0.0026514719115895012,0.6977659805297245,0.0019550929999318503,0.09881360917737032,1.3877787807814457e-17
robust,test,duration__text__r0p30__random__long,duration,text,0.3,random,long,0.6584135717560752,0.010066253278358637,0.6153305599092338,0.012017999122487305,0.671110989963179,0.015016008016627768,0.918783916768921,0.012221348951755452,0.6116433537711597,0.013403849429187193,0.10753995489753898,0.0
robust,test,duration__text__r0p30__random__medium,duration,text,0.3,random,medium,0.640990371389271,0.005615519813808311,0.5921868731454144,0.005449919310795919,0.6821785262631699,0.008828642256408573,0.9306948647985691,0.015243111827700984,0.5983384906726879,0.015684802233228688,0.10753995489753898,0.0
robust,test,duration__text__r0p30__random__short,duration,text,0.3,random,short,0.6423658872077029,0.013616911879795971,0.5955484047637195,0.024402517279132216,0.6880738204234081,0.023412287876306496,0.9339977874573085,0.02970215093979668,0.5910170981397328,0.03421133753462431,0.10753995489753898,0.0
robust,test,duration__vision__r0p30__random__long,duration,vision,0.3,random,long,0.6932599724896836,0.008771722361168707,0.6437397751321914,0.01749813747205069,0.6078987402247042,0.0058244758511634175,0.8322991881940918,0.002760936079120634,0.6975633554925272,0.00202504432880247,0.09283263065006374,0.0
robust,test,duration__vision__r0p30__random__medium,duration,vision,0.3,random,medium,0.6932599724896836,0.008771722361168707,0.643691439626722,0.017016286047375574,0.6076236289320791,0.00588621781778357,0.8322028716711709,0.0025314239501506726,0.6976547298778483,0.001833514455670632,0.09283263065006374,0.0
robust,test,duration__vision__r0p30__random__short,duration,vision,0.3,random,short,0.6914259513984411,0.00850400595643807,0.6414364643158851,0.017841346058551144,0.6077971610085632,0.00590842842220068,0.832456851804427,0.0026242374308697663,0.6974610687939781,0.0018968538186866432,0.09283263065006374,0.0
robust,test,position__audio__r0p30__middle__medium,position,audio,0.3,middle,medium,0.6918844566712518,0.005835819377055451,0.6420343315620485,0.01510210037063919,0.6079318512727304,0.005988361216793032,0.8322620523073655,0.0027876219481913454,0.6975555491651972,0.0020930410567747133,0.09881360917737032,1.3877787807814457e-17
robust,test,position__audio__r0p30__prefix__medium,position,audio,0.3,prefix,medium,0.6941769830353048,0.008504005956438049,0.6451793409204726,0.016872959137872172,0.6071113265810832,0.005527823843958665,0.8313196583925911,0.0025063278475044525,0.6981149948100963,0.0018223621869171535,0.09881360917737032,1.3877787807814457e-17
robust,test,position__audio__r0p30__random__medium,position,audio,0.3,random,medium,0.6946354883081156,0.0068315747023160525,0.6451278571440172,0.015019138563637858,0.6078117058886978,0.0058286109449982625,0.8319620372502307,0.0026807609602459213,0.6977519856291271,0.001985122767109711,0.09881360917737032,1.3877787807814457e-17
robust,test,position__audio__r0p30__suffix__medium,position,audio,0.3,suffix,medium,0.692801467216873,0.006484243752283811,0.643331723194967,0.014026076604783657,0.6080677832221867,0.005915267040547742,0.8323008626108713,0.00240691267686505,0.6975175248481876,0.0018839928140349242,0.09881360917737032,1.3877787807814457e-17
robust,test,position__text__r0p30__middle__medium,position,text,0.3,middle,medium,0.6464924346629987,0.005942907563877007,0.6028804624173821,0.013442732477887156,0.6700399028519932,0.004864169878613177,0.9085858506410288,0.0011432271296260938,0.6223021479970331,0.0007056104756835135,0.10753995489753898,0.0
robust,test,position__text__r0p30__prefix__medium,position,text,0.3,prefix,medium,0.6717102246675837,0.002337927333146656,0.612437646212816,0.012704790989025081,0.6396622116011744,0.00722456535626789,0.8697218687019781,0.007787783926224432,0.6602143624966667,0.007644999335921695,0.10753995489753898,0.0
robust,test,position__text__r0p30__random__medium,position,text,0.3,random,medium,0.6391563502980285,0.010066253278358585,0.5946487786807454,0.019619496866577248,0.6880483911908627,0.0056083494833450275,0.9266690604277246,0.0018464724286655063,0.6012060330595959,0.0025129864543920032,0.10753995489753898,0.0
robust,test,position__text__r0p30__suffix__medium,position,text,0.3,suffix,medium,0.6189821182943605,0.01275600893465706,0.5742366501668711,0.012563605925333577,0.7116679771137601,0.015074782937634035,0.9614815061587721,0.017153507329592553,0.5595261930737827,0.0220639355888844,0.10753995489753898,0.0
robust,test,position__vision__r0p30__middle__medium,position,vision,0.3,middle,medium,0.692801467216873,0.009551887508482203,0.643237466968917,0.01665322722706366,0.607972072947263,0.006026146293387427,0.8324227562140357,0.0030128348338794362,0.6975281537209715,0.0022128853101259114,0.09283263065006374,0.0
robust,test,position__vision__r0p30__prefix__medium,position,vision,0.3,prefix,medium,0.6918844566712518,0.00786172773933159,0.6430972015912287,0.014782804946703625,0.6070877132332657,0.0058517183363600445,0.8313817285553023,0.002490406444369905,0.6981855604286151,0.0018040416885004842,0.09283263065006374,0.0
robust,test,position__vision__r0p30__random__medium,position,vision,0.3,random,medium,0.6955524988537368,0.006580788672355484,0.6467630451776566,0.013961610512926475,0.607732740879496,0.005685185210140865,0.8324147735516457,0.0024194395890344074,0.6974787661212716,0.0017492209795935574,0.09283263065006374,0.0
robust,test,position__vision__r0p30__suffix__medium,position,vision,0.3,suffix,medium,0.692801467216873,0.005540140290506446,0.6432673181711913,0.015390512009059979,0.608048840751295,0.006069671383767367,0.8326301462165274,0.002476204821176715,0.697234469619883,0.0017717321706351497,0.09283263065006374,0.0
robust,test,rate__audio+vision__r0p10__random__medium,rate,audio+vision,0.1,random,medium,0.6937184777624942,0.00812473413419044,0.6437834144235999,0.01709996371031885,0.607835360434622,0.005839287843473861,0.8320867142513361,0.002451596873901618,0.6977284302782069,0.0017824585571926577,0.06439847043827826,0.0
robust,test,rate__audio+vision__r0p20__random__medium,rate,audio+vision,0.2,random,medium,0.6923429619440623,0.007132668127512171,0.6429431669118001,0.01597769903989657,0.60778090120701,0.0059492218100134515,0.8318958107762914,0.0026185930674102343,0.6978565025038238,0.0019295870371364764,0.12918913618982253,0.0
robust,test,rate__audio+vision__r0p30__random__medium,rate,audio+vision,0.3,random,medium,0.6932599724896836,0.007781092502740531,0.6443243362915987,0.015588328981935592,0.6073285194078836,0.006135560621606851,0.8321109338898536,0.002744360792917888,0.6976527335155144,0.002034981601202236,0.19164623982743403,2.7755575615628914e-17
robust,test,rate__audio+vision__r0p40__random__medium,rate,audio+vision,0.4,random,medium,0.6914259513984411,0.00394421149337124,0.6422019699633417,0.011945744774499733,0.6075657808317101,0.0058237849853184035,0.8324900608221003,0.002546762857508203,0.6972799642633977,0.0019010708497967691,0.2562604176880086,0.0
robust,test,rate__audio__r0p10__random__medium,rate,audio,0.1,random,medium,0.6932599724896836,0.007781092502740531,0.6432500675730736,0.01679733812486637,0.6077198783744507,0.005938849313664178,0.8320991292812908,0.0025770903445504214,0.6977045604464096,0.0019038900232800178,0.033218943033630745,0.0
robust,test,rate__audio__r0p20__random__medium,rate,audio,0.2,random,medium,0.6923429619440623,0.007132668127512171,0.6425190579058299,0.01612357010783779,0.607833571045402,0.0058436268159367056,0.8320918535204843,0.0026262719784234468,0.6976887744910084,0.0019514003937252324,0.0666339837238945,0.0
robust,test,rate__audio__r0p30__random__medium,rate,audio,0.3,random,medium,0.6914259513984411,0.006484243752283811,0.6420606228666664,0.015385007035929057,0.6074932484167165,0.006150342052059897,0.8316750493735455,0.0029100996400852988,0.6979779570053631,0.0021790173397619912,0.09881360917737032,1.3877787807814457e-17
robust,test,rate__audio__r0p40__random__medium,rate,audio,0.4,random,medium,0.692801467216873,0.005064356266477413,0.642838455419005,0.015836001059890165,0.6077283067869578,0.005864528095545786,0.8317932987202571,0.0025663341215506007,0.6978757490370655,0.0019461907059537765,0.1321698205706442,0.0
robust,test,rate__text+audio+vision__r0p10__random__medium,rate,text+audio+vision,0.1,random,medium,0.6726272352132049,0.00998236637188319,0.6236105822082246,0.017206647303654045,0.6427074935221476,0.016737617408800382,0.8756164813694438,0.021318089468621987,0.6562839024613797,0.02077213517483661,0.10053926855574076,0.0
robust,test,rate__text+audio+vision__r0p20__random__medium,rate,text+audio+vision,0.2,random,medium,0.6579550664832645,0.015248316504645485,0.6076818822893958,0.0015309798773580315,0.6596702753332627,0.004093896011719822,0.8939827913315179,0.007770403421159673,0.6375137116748933,0.0071697115415806575,0.20092165898617512,0.0
robust,test,rate__text+audio+vision__r0p30__random__medium,rate,text+audio+vision,0.3,random,medium,0.6497019715726732,0.013161577344710969,0.6056314192784655,0.0025302457321134076,0.6733440619311349,0.013143493883021376,0.9152833193355395,0.0235193387132859,0.6133976717797326,0.02417741050589666,0.29918619472497304,0.0
robust,test,rate__text+audio+vision__r0p40__random__medium,rate,text+audio+vision,0.4,random,medium,0.6263182026593306,0.009077941253197271,0.5858867004824282,0.018113750098784378,0.6949676938490761,0.013772714531474847,0.9440816276590539,0.01894311610188197,0.5805717219311309,0.021013104134956495,0.3999019511716835,0.0
robust,test,rate__text+audio__r0p10__random__medium,rate,text+audio,0.1,random,medium,0.671251719394773,0.01029341784532031,0.6215814866982768,0.019694906977071013,0.6369222901690647,0.009403441958992976,0.8706171661918466,0.008411371494824951,0.6613993856464836,0.007581532135647947,0.06935974115109324,0.0
robust,test,rate__text+audio__r0p20__random__medium,rate,text+audio,0.2,random,medium,0.6597890875745072,0.009351709332586508,0.6138736716775682,0.00998892635763438,0.6563676615317807,0.00947107206519507,0.895562819923739,0.014091800937381863,0.6354755297507632,0.013356950505039654,0.1383665065202471,0.0
robust,test,rate__text+audio__r0p30__random__medium,rate,text+audio,0.3,random,medium,0.6428243924805135,0.0025936975009135457,0.5937918245844885,0.01362750474798634,0.6727024156776168,0.0020332960882927338,0.9171499590103415,0.002675381134860149,0.6127751309240352,0.002498578428077105,0.20635356407490932,0.0
robust,test,rate__text+audio__r0p40__random__medium,rate,text+audio,0.4,random,medium,0.620816139385603,0.02552025685479273,0.5769936443820006,0.01992747818471551,0.7050630026059256,0.015510101759837826,0.9584844348127174,0.025310277635671095,0.5633669741266626,0.02973265840947859,0.27581135405431906,0.0
robust,test,rate__text+vision__r0p10__random__medium,rate,text+vision,0.1,random,medium,0.6721687299403943,0.0056528326482979795,0.618669040654515,0.0083737209270427,0.6297404597744393,0.005020874188650719,0.8561594959731348,0.002717794860902136,0.6746662021780825,0.002141951083281213,0.06732032552211001,0.0
robust,test,rate__text+vision__r0p20__random__medium,rate,text+vision,0.2,random,medium,0.6565795506648326,0.013399027231730852,0.6068955849240233,0.019949817913813683,0.6651923574920588,0.005762225876180153,0.9045506672399518,0.002657592147189419,0.6267360629764512,0.002821634661121378,0.1342876752622806,0.0
robust,test,rate__text+vision__r0p30__random__medium,rate,text+vision,0.3,random,medium,0.6483264557542412,0.00796797212149599,0.6041335959988019,0.016286457659893755,0.6826577618050292,0.018120176415723645,0.9303249801457677,0.025124999395591728,0.5985857055925651,0.025576688041740035,0.2003725855476027,0.0
robust,test,rate__text+vision__r0p40__random__medium,rate,text+vision,0.4,random,medium,0.6231086657496561,0.012952266750871647,0.5779573814924651,0.014562279652865972,0.711001622023856,0.01736271831056112,0.9579388868003876,0.023385595251102072,0.5656705007979391,0.024760878442366966,0.26773213060103934,0.0
robust,test,rate__text__r0p10__random__medium,rate,text,0.1,random,medium,0.6744612563044475,0.009551887508482203,0.621170292260406,0.011595303044478153,0.6363330065818903,0.004193913985410431,0.8666820279206252,0.01148834390650742,0.6650669756695343,0.01027264740655758,0.03614079811746249,0.0
robust,test,rate__text__r0p20__random__medium,rate,text,0.2,random,medium,0.6629986244841816,0.015193068799432278,0.6120307184669294,0.00815558522137954,0.6576260897505589,0.0032819849213576256,0.8878455482696284,0.012160763532477895,0.6433994381003378,0.011610118242253886,0.07173252279635259,0.0
robust,test,rate__text__r0p30__random__medium,rate,text,0.3,random,medium,0.6478679504814305,0.018893533038089435,0.6047193287582077,0.01856011490045769,0.6790268464809892,0.011065286118676621,0.92434560083556,0.01427304381553143,0.60511373370139,0.014164731740045984,0.10753995489753898,0.0
robust,test,rate__text__r0p40__random__medium,rate,text,0.4,random,medium,0.6070609812012838,0.01232006312933921,0.5612579913625813,0.008003505111491425,0.7036218879465143,0.006822361967720855,0.9541832678612222,0.01217982610019857,0.568858339226047,0.013545659068262498,0.14364153348367487,0.0
robust,test,rate__vision__r0p10__random__medium,rate,vision,0.1,random,medium,0.6937184777624942,0.009077941253197304,0.6440539382456419,0.017485152587928227,0.6074744859588209,0.006032445365013339,0.8319061287401951,0.0027113249582733823,0.6979004564470891,0.002002121887792481,0.031179527404647512,3.469446951953614e-18
robust,test,rate__vision__r0p20__random__medium,rate,vision,0.2,random,medium,0.6946354883081155,0.00877172236116873,0.6447529332789933,0.017045663723459618,0.6078033460656856,0.006055584858907199,0.8322624302923346,0.0028236674962705877,0.6976152457802282,0.00206928439002522,0.06255515246592804,0.0
robust,test,rate__vision__r0p30__random__medium,rate,vision,0.3,random,medium,0.692801467216873,0.00850400595643805,0.6424924029114057,0.017869979888003353,0.6078610404414636,0.0060641999019946605,0.8323464128249407,0.0030859861117110165,0.6975293807346831,0.002301166929206295,0.09283263065006374,0.0
robust,test,rate__vision__r0p40__random__medium,rate,vision,0.4,random,medium,0.692801467216873,0.006484243752283811,0.6430635763431151,0.01533397809919855,0.6083131769743776,0.005815986536620689,0.8328118958050056,0.0027708788791474537,0.6971250967613508,0.002015079539469958,0.12409059711736443,1.3877787807814457e-17
