model,seed,split,condition_id,group,missing_modalities,requested_rate,position,duration,effective_missing_rate,base_valid_bins,remaining_valid_bins,effective_missing_rate_text,remaining_ratio_text,effective_missing_rate_audio,remaining_ratio_audio,effective_missing_rate_vision,remaining_ratio_vision,accuracy,macro_f1,mae,rmse,pearson,f1_negative,f1_neutral,f1_positive,valid_sample_count
baseline,42,valid,baseline__complete__r0p00__none__none,baseline,,0.0,none,none,0.0,51946,51946,0.0,1.0,0.0,1.0,0.0,1.0,0.6414835164835165,0.6105367634498272,0.5734618548278256,0.7626325327659046,0.6865242581420195,0.6811594202898551,0.43067846607669613,0.7197724039829303,728
baseline,42,test,baseline__complete__r0p00__none__none,baseline,,0.0,none,none,0.0,50995,50995,0.0,1.0,0.0,1.0,0.0,1.0,0.7180192572214581,0.6707584158960307,0.6101917138981647,0.8270947664019176,0.6996104505718134,0.7307692307692308,0.48727272727272725,0.7942332896461337,727
baseline,42,valid,rate__text__r0p10__random__medium,rate,text,0.1,random,medium,0.03613367728025257,51946,50069,0.10076229332188104,0.899237706678119,0.0,1.0,0.0,1.0,0.6387362637362637,0.6072167225378048,0.5871713048507265,0.7876795486336204,0.6586142819497584,0.671604938271605,0.4319526627218935,0.7180925666199157,728
baseline,42,test,rate__text__r0p10__random__medium,rate,text,0.1,random,medium,0.03614079811746249,50995,49152,0.10066087716423616,0.8993391228357638,0.0,1.0,0.0,1.0,0.6891334250343879,0.6356080462503109,0.6438881014249552,0.8613269126148838,0.6679706968483983,0.7009803921568627,0.43223443223443225,0.7736093143596376,727
baseline,42,valid,rate__text__r0p20__random__medium,rate,text,0.2,random,medium,0.07190159011280946,51946,48211,0.20050461670603392,0.7994953832939661,0.0,1.0,0.0,1.0,0.6222527472527473,0.5959865751532418,0.6018862160828455,0.7940047224535484,0.6502653904908082,0.6666666666666666,0.42613636363636365,0.6951566951566952,728
baseline,42,test,rate__text__r0p20__random__medium,rate,text,0.2,random,medium,0.07173252279635259,50995,47337,0.19979245179966137,0.8002075482003387,0.0,1.0,0.0,1.0,0.6836313617606602,0.6295310319682997,0.6682081439851321,0.8996416767440021,0.6293632162871104,0.6832917705735662,0.4301075268817205,0.7751937984496124,727
baseline,42,valid,rate__text__r0p30__random__medium,rate,text,0.3,random,medium,0.1071112308936203,51946,46382,0.29869014386944387,0.7013098561305562,0.0,1.0,0.0,1.0,0.6085164835164835,0.5805776217147249,0.6201111077929714,0.8275944538002709,0.6100166686207937,0.6243386243386243,0.4207650273224044,0.696629213483146,728
baseline,42,test,rate__text__r0p30__random__medium,rate,text,0.3,random,medium,0.10753995489753898,50995,45511,0.2995248238571194,0.7004751761428806,0.0,1.0,0.0,1.0,0.6657496561210454,0.6125908318518128,0.6681775863434827,0.9032389174547379,0.6253056347488257,0.6584158415841583,0.4199288256227758,0.7594278283485046,727
baseline,42,valid,rate__text__r0p40__random__medium,rate,text,0.4,random,medium,0.14355292034035344,51946,44489,0.40031135924414857,0.5996886407558514,0.0,1.0,0.0,1.0,0.5755494505494505,0.5530594206497225,0.639230790010725,0.859737203645288,0.5687198721820904,0.5824175824175825,0.4186046511627907,0.6581560283687944,728
baseline,42,test,rate__text__r0p40__random__medium,rate,text,0.4,random,medium,0.14364153348367487,50995,43670,0.4000764651264406,0.5999235348735594,0.0,1.0,0.0,1.0,0.6162310866574966,0.5713858547109197,0.7189475456342368,0.9701424597094171,0.5469704389326415,0.6169665809768637,0.3765432098765432,0.7206477732793523,727
baseline,42,valid,rate__audio__r0p10__random__medium,rate,audio,0.1,random,medium,0.03338081854233242,51946,50212,0.0,1.0,0.1012495620693682,0.8987504379306318,0.0,1.0,0.6401098901098901,0.6086483077494784,0.573387133029218,0.7624585799667558,0.6866474675012446,0.6811594202898551,0.4260355029585799,0.7187500000000001,728
baseline,42,test,rate__audio__r0p10__random__medium,rate,audio,0.1,random,medium,0.033218943033630745,50995,49301,0.0,1.0,0.10050430139424503,0.899495698605755,0.0,1.0,0.71939477303989,0.6729328148362725,0.6100634578871637,0.8270327783215823,0.6996640854165157,0.7307692307692308,0.4927536231884058,0.795275590551181,727
baseline,42,valid,rate__audio__r0p20__random__medium,rate,audio,0.2,random,medium,0.06622261579332384,51946,48506,0.0,1.0,0.20086418311339485,0.7991358168866052,0.0,1.0,0.6442307692307693,0.6138191433182593,0.5742518084742907,0.7632663334615348,0.6859431251678015,0.6843373493975904,0.43529411764705883,0.7218259629101285,728
baseline,42,test,rate__audio__r0p20__random__medium,rate,audio,0.2,random,medium,0.0666339837238945,50995,47597,0.0,1.0,0.2016018985464254,0.7983981014535746,0.0,1.0,0.7180192572214581,0.6707584158960307,0.6098766518984774,0.8265226744729997,0.7001079940970938,0.7307692307692308,0.48727272727272725,0.7942332896461337,727
baseline,42,valid,rate__audio__r0p30__random__medium,rate,audio,0.3,random,medium,0.09879490239864475,51946,46814,0.0,1.0,0.29966133364475067,0.7003386663552493,0.0,1.0,0.6442307692307693,0.6143778705586037,0.5729583940560837,0.7621860130819913,0.6868287206127209,0.6811594202898551,0.4411764705882353,0.7207977207977208,728
baseline,42,test,rate__audio__r0p30__random__medium,rate,audio,0.3,random,medium,0.09881360917737034,50995,45956,0.0,1.0,0.2989617324236132,0.7010382675763869,0.0,1.0,0.7152682255845942,0.6658988310364456,0.6104059189153218,0.8280594272385452,0.6987651748257451,0.7272727272727273,0.47619047619047616,0.7942332896461337,727
baseline,42,valid,rate__audio__r0p40__random__medium,rate,audio,0.4,random,medium,0.13167520117044623,51946,45106,0.0,1.0,0.3993927361905874,0.6006072638094125,0.0,1.0,0.6401098901098901,0.6095884467120367,0.5723031676415313,0.762205276492404,0.6868967632235002,0.6811594202898551,0.43067846607669613,0.716927453769559,728
baseline,42,test,rate__audio__r0p40__random__medium,rate,audio,0.4,random,medium,0.1321698205706442,50995,44255,0.0,1.0,0.3998813408484129,0.600118659151587,0.0,1.0,0.71939477303989,0.6729328148362725,0.6099223623890045,0.8268199890453258,0.6998487214227791,0.7307692307692308,0.4927536231884058,0.795275590551181,727
baseline,42,valid,rate__vision__r0p10__random__medium,rate,vision,0.1,random,medium,0.03141724098101875,51946,50314,0.0,1.0,0.0,1.0,0.1007905138339921,0.8992094861660079,0.6442307692307693,0.6138191433182593,0.5733403650439948,0.7626080671296096,0.6865709731870339,0.6843373493975904,0.43529411764705883,0.7218259629101285,728
baseline,42,test,rate__vision__r0p10__random__medium,rate,vision,0.1,random,medium,0.031179527404647515,50995,49405,0.0,1.0,0.0,1.0,0.1004358537047565,0.8995641462952435,0.7180192572214581,0.6707584158960307,0.6097358716843955,0.8267700918149059,0.6998890514632194,0.7307692307692308,0.48727272727272725,0.7942332896461337,727
baseline,42,valid,rate__vision__r0p20__random__medium,rate,vision,0.2,random,medium,0.06269972663920224,51946,48689,0.0,1.0,0.0,1.0,0.20114871541501977,0.7988512845849802,0.6414835164835165,0.6113833038202753,0.5732024834864865,0.762453189727763,0.6867449107477399,0.6811594202898551,0.4340175953079179,0.7189728958630528,728
baseline,42,test,rate__vision__r0p20__random__medium,rate,vision,0.2,random,medium,0.06255515246592804,50995,47805,0.0,1.0,0.0,1.0,0.20150337944539196,0.798496620554608,0.7180192572214581,0.6707584158960307,0.6097745034187786,0.8264570596371539,0.7001528570891357,0.7307692307692308,0.48727272727272725,0.7942332896461337,727
baseline,42,valid,rate__vision__r0p30__random__medium,rate,vision,0.3,random,medium,0.09334693720401956,51946,47097,0.0,1.0,0.0,1.0,0.29946887351778656,0.7005311264822134,0.6401098901098901,0.6104322814712501,0.5739317256445576,0.7635184893279847,0.6856512998891691,0.6811594202898551,0.4340175953079179,0.7161198288159771,728
baseline,42,test,rate__vision__r0p30__random__medium,rate,vision,0.3,random,medium,0.09283263065006374,50995,46261,0.0,1.0,0.0,1.0,0.29903354178510516,0.7009664582148948,0.7180192572214581,0.6696961800638229,0.6104705144908725,0.8266538156037397,0.6999892271625985,0.7338129496402879,0.48000000000000004,0.795275590551181,727
baseline,42,valid,rate__vision__r0p40__random__medium,rate,vision,0.4,random,medium,0.12447541677896277,51946,45480,0.0,1.0,0.0,1.0,0.39933300395256915,0.6006669960474308,0.6428571428571429,0.6140725310475079,0.5735315513633356,0.7639816099464233,0.6852863539794495,0.6811594202898551,0.44186046511627913,0.7191977077363897,728
baseline,42,test,rate__vision__r0p40__random__medium,rate,vision,0.4,random,medium,0.12409059711736445,50995,44667,0.0,1.0,0.0,1.0,0.39972206430421325,0.6002779356957868,0.71939477303989,0.6729386905761762,0.609378683628025,0.8260965898330175,0.7004469413906702,0.7320574162679426,0.49097472924187724,0.7957839262187087,727
baseline,42,valid,rate__text+audio__r0p10__random__medium,rate,text+audio,0.1,random,medium,0.069514495822585,51946,48335,0.10076229332188104,0.899237706678119,0.1012495620693682,0.8987504379306318,0.0,1.0,0.6346153846153846,0.6064990334029723,0.5934678391057098,0.7852089732808533,0.6617980791593759,0.674698795180723,0.436046511627907,0.7087517934002869,728
baseline,42,test,rate__text+audio__r0p10__random__medium,rate,text+audio,0.1,random,medium,0.06935974115109324,50995,47458,0.10066087716423616,0.8993391228357638,0.10050430139424503,0.899495698605755,0.0,1.0,0.6767537826685007,0.624585258263977,0.6413349920455904,0.8693191945548208,0.6602576826612817,0.6862745098039216,0.42446043165467623,0.7630208333333333,727
baseline,42,valid,rate__text+audio__r0p20__random__medium,rate,text+audio,0.2,random,medium,0.13812420590613328,51946,44771,0.20050461670603392,0.7994953832939661,0.20086418311339485,0.7991358168866052,0.0,1.0,0.6016483516483516,0.5704688816825122,0.6099286204188612,0.8250162694400814,0.6154744797457593,0.6138613861386139,0.4022662889518413,0.6952789699570816,728
baseline,42,test,rate__text+audio__r0p20__random__medium,rate,text+audio,0.2,random,medium,0.1383665065202471,50995,43939,0.19979245179966137,0.8002075482003387,0.2016018985464254,0.7983981014535746,0.0,1.0,0.6657496561210454,0.6180526824222393,0.6705483841252459,0.9017994620481988,0.6268745045155893,0.6616541353383458,0.4460431654676259,0.7464607464607466,727
baseline,42,valid,rate__text+audio__r0p30__random__medium,rate,text+audio,0.3,random,medium,0.20590613329226504,51946,41250,0.29869014386944387,0.7013098561305562,0.29966133364475067,0.7003386663552493,0.0,1.0,0.5728021978021978,0.5431011283254027,0.6368763082108082,0.8639577138549673,0.5670737016564072,0.5540897097625329,0.4,0.6752136752136753,728
baseline,42,test,rate__text+audio__r0p30__random__medium,rate,text+audio,0.3,random,medium,0.20635356407490932,50995,40472,0.2995248238571194,0.7004751761428806,0.2989617324236132,0.7010382675763869,0.0,1.0,0.6492434662998624,0.6043658022749127,0.6879162273204474,0.9331386277468486,0.5923446404520832,0.6512820512820513,0.42524916943521596,0.7365661861074705,727
baseline,42,valid,rate__text+audio__r0p40__random__medium,rate,text+audio,0.4,random,medium,0.2752281215107997,51946,37649,0.40031135924414857,0.5996886407558514,0.3993927361905874,0.6006072638094125,0.0,1.0,0.570054945054945,0.5493020838851209,0.6536364047404297,0.8774305041381288,0.5482482189607815,0.5630026809651474,0.43367346938775503,0.6512301013024602,728
baseline,42,test,rate__text+audio__r0p40__random__medium,rate,text+audio,0.4,random,medium,0.27581135405431906,50995,36930,0.4000764651264406,0.5999235348735594,0.3998813408484129,0.600118659151587,0.0,1.0,0.6341127922971114,0.5882974103146491,0.7222426905203226,0.9803541490586037,0.5358470034999897,0.6323907455012854,0.40522875816993464,0.7272727272727273,727
baseline,42,valid,rate__text+vision__r0p10__random__medium,rate,text+vision,0.1,random,medium,0.06755091826127133,51946,48437,0.10076229332188104,0.899237706678119,0.0,1.0,0.1007905138339921,0.8992094861660079,0.6057692307692307,0.5741893966181788,0.6019099046077047,0.8034765219910999,0.6416794690478482,0.6487804878048781,0.388235294117647,0.6855524079320113,728
baseline,42,test,rate__text+vision__r0p10__random__medium,rate,text+vision,0.1,random,medium,0.06732032552211001,50995,47562,0.10066087716423616,0.8993391228357638,0.0,1.0,0.1004358537047565,0.8995641462952435,0.6753782668500687,0.6140866996557274,0.6448112648067563,0.8614044067380326,0.6679386256767466,0.7092198581560285,0.3726235741444867,0.7604166666666666,727
baseline,42,valid,rate__text+vision__r0p20__random__medium,rate,text+vision,0.2,random,medium,0.1346013167520117,51946,44954,0.20050461670603392,0.7994953832939661,0.0,1.0,0.20114871541501977,0.7988512845849802,0.6085164835164835,0.5834143684447718,0.6131539634495441,0.8341175433520859,0.6065380514132093,0.6530612244897959,0.4192634560906516,0.6779184247538678,728
baseline,42,test,rate__text+vision__r0p20__random__medium,rate,text+vision,0.2,random,medium,0.1342876752622806,50995,44147,0.19979245179966137,0.8002075482003387,0.0,1.0,0.20150337944539196,0.798496620554608,0.6547455295735901,0.5972897550213191,0.6662238584587957,0.8969872503316578,0.6320724995178864,0.6650246305418719,0.37192982456140355,0.7549148099606816,727
baseline,42,valid,rate__text+vision__r0p30__random__medium,rate,text+vision,0.3,random,medium,0.20045816809763986,51946,41533,0.29869014386944387,0.7013098561305562,0.0,1.0,0.29946887351778656,0.7005311264822134,0.5947802197802198,0.5656365593589449,0.630261852134756,0.8525178362101112,0.5822279813906985,0.6025974025974026,0.4088397790055249,0.6854724964739068,728
baseline,42,test,rate__text+vision__r0p30__random__medium,rate,text+vision,0.3,random,medium,0.2003725855476027,50995,40777,0.2995248238571194,0.7004751761428806,0.0,1.0,0.29903354178510516,0.7009664582148948,0.6451169188445667,0.6004258169756066,0.6794232891173072,0.9198016814717539,0.6072078473254267,0.6285714285714287,0.4322580645161291,0.7404479578392622,727
baseline,42,valid,rate__text+vision__r0p40__random__medium,rate,text+vision,0.4,random,medium,0.26802833711931623,51946,38023,0.40031135924414857,0.5996886407558514,0.0,1.0,0.39933300395256915,0.6006669960474308,0.5604395604395604,0.5347498977814981,0.6391514859873556,0.8607066521767807,0.5710373506443218,0.5782493368700266,0.36224489795918374,0.663755458515284,728
baseline,42,test,rate__text+vision__r0p40__random__medium,rate,text+vision,0.4,random,medium,0.26773213060103934,50995,37342,0.4000764651264406,0.5999235348735594,0.0,1.0,0.39972206430421325,0.6002779356957868,0.6217331499312242,0.5708538013951869,0.7021656556200989,0.9477132313522564,0.5742620152472938,0.603174603174603,0.3818770226537217,0.7275097783572361,727
baseline,42,valid,rate__audio+vision__r0p10__random__medium,rate,audio+vision,0.1,random,medium,0.06479805952335117,51946,48580,0.0,1.0,0.1012495620693682,0.8987504379306318,0.1007905138339921,0.8992094861660079,0.6401098901098901,0.6077750700395114,0.5734079273412475,0.7625072185508616,0.6866287194061887,0.6811594202898551,0.4226190476190476,0.7195467422096317,728
baseline,42,test,rate__audio+vision__r0p10__random__medium,rate,audio+vision,0.1,random,medium,0.06439847043827826,50995,47711,0.0,1.0,0.10050430139424503,0.899495698605755,0.1004358537047565,0.8995641462952435,0.7166437414030261,0.6685715909547453,0.610423551411195,0.8268215003350723,0.699845084506764,0.7307692307692308,0.48175182481751827,0.7931937172774869,727
baseline,42,valid,rate__audio+vision__r0p20__random__medium,rate,audio+vision,0.2,random,medium,0.1289223424325261,51946,45249,0.0,1.0,0.20086418311339485,0.7991358168866052,0.20114871541501977,0.7988512845849802,0.6428571428571429,0.6120208053674714,0.5736792448928559,0.7622915264095123,0.6868176765124447,0.6843373493975904,0.4319526627218935,0.7197724039829303,728
baseline,42,test,rate__audio+vision__r0p20__random__medium,rate,audio+vision,0.2,random,medium,0.12918913618982253,50995,44407,0.0,1.0,0.2016018985464254,0.7983981014535746,0.20150337944539196,0.798496620554608,0.7180192572214581,0.6715761193059612,0.6115740151279074,0.828168915967603,0.6986578013428297,0.7290167865707433,0.49097472924187724,0.7947368421052631,727
baseline,42,valid,rate__audio+vision__r0p30__random__medium,rate,audio+vision,0.3,random,medium,0.19214183960266432,51946,41965,0.0,1.0,0.29966133364475067,0.7003386663552493,0.29946887351778656,0.7005311264822134,0.6373626373626373,0.6059701219957631,0.5723463093022724,0.7631111428073015,0.6860588633536264,0.6826923076923077,0.4201183431952663,0.7150997150997151,728
baseline,42,test,rate__audio+vision__r0p30__random__medium,rate,audio+vision,0.3,random,medium,0.19164623982743406,50995,41222,0.0,1.0,0.2989617324236132,0.7010382675763869,0.29903354178510516,0.7009664582148948,0.7138927097661623,0.6647920668841412,0.609604282419939,0.8269255094395646,0.6997431914219772,0.7272727272727273,0.4744525547445256,0.7926509186351706,727
baseline,42,valid,rate__audio+vision__r0p40__random__medium,rate,audio+vision,0.4,random,medium,0.256150617949409,51946,38640,0.0,1.0,0.3993927361905874,0.6006072638094125,0.39933300395256915,0.6006669960474308,0.6387362637362637,0.6075756221541141,0.5727523605001497,0.7631866040168487,0.6859507563657562,0.6795180722891566,0.42729970326409494,0.7159090909090908,728
baseline,42,test,rate__audio+vision__r0p40__random__medium,rate,audio+vision,0.4,random,medium,0.2562604176880086,50995,37927,0.0,1.0,0.3998813408484129,0.600118659151587,0.39972206430421325,0.6002779356957868,0.7166437414030261,0.6696424652604044,0.6108854469142475,0.8298591237340028,0.6972177236079996,0.7307692307692308,0.48550724637681153,0.7926509186351706,727
baseline,42,valid,rate__text+audio+vision__r0p10__random__medium,rate,text+audio+vision,0.1,random,medium,0.10093173680360375,51946,46703,0.10076229332188104,0.899237706678119,0.1012495620693682,0.8987504379306318,0.1007905138339921,0.8992094861660079,0.6277472527472527,0.5985543369890329,0.5987197093225525,0.8062922822405926,0.6390616423049538,0.6715686274509804,0.4235294117647059,0.7005649717514124,728
baseline,42,test,rate__text+audio+vision__r0p10__random__medium,rate,text+audio+vision,0.1,random,medium,0.10053926855574076,50995,45868,0.10066087716423616,0.8993391228357638,0.10050430139424503,0.899495698605755,0.1004358537047565,0.8995641462952435,0.6918844566712518,0.6449941274746904,0.6674268508440158,0.9063765357587927,0.6229809571712398,0.6747572815533981,0.48375451263537905,0.7764705882352941,727
baseline,42,valid,rate__text+audio+vision__r0p20__random__medium,rate,text+audio+vision,0.2,random,medium,0.20082393254533554,51946,41514,0.20050461670603392,0.7994953832939661,0.20086418311339485,0.7991358168866052,0.20114871541501977,0.7988512845849802,0.625,0.5955733730699652,0.593697422736703,0.7973738994658426,0.646320379159155,0.6428571428571428,0.42896935933147634,0.7148936170212766,728
baseline,42,test,rate__text+audio+vision__r0p20__random__medium,rate,text+audio+vision,0.2,random,medium,0.20092165898617512,50995,40749,0.19979245179966137,0.8002075482003387,0.2016018985464254,0.7983981014535746,0.20150337944539196,0.798496620554608,0.6616231086657497,0.6125161109611369,0.6741335381442448,0.9076175790950229,0.6209854963281473,0.6599496221662469,0.4246575342465754,0.7529411764705883,727
baseline,42,valid,rate__text+audio+vision__r0p30__random__medium,rate,text+audio+vision,0.3,random,medium,0.2992530704962846,51946,36401,0.29869014386944387,0.7013098561305562,0.29966133364475067,0.7003386663552493,0.29946887351778656,0.7005311264822134,0.6112637362637363,0.5875685617064926,0.6143361349682231,0.8283671881726701,0.610887963500593,0.6363636363636362,0.4395604395604396,0.6867816091954023,728
baseline,42,test,rate__text+audio+vision__r0p30__random__medium,rate,text+audio+vision,0.3,random,medium,0.29918619472497304,50995,35738,0.2995248238571194,0.7004751761428806,0.2989617324236132,0.7010382675763869,0.29903354178510516,0.7009664582148948,0.6533700137551581,0.6096413305633165,0.6663803570818008,0.890241719965102,0.639181574458873,0.6518518518518518,0.43771043771043777,0.7393617021276596,727
baseline,42,valid,rate__text+audio+vision__r0p40__random__medium,rate,text+audio+vision,0.4,random,medium,0.39970353828976246,51946,31183,0.40031135924414857,0.5996886407558514,0.3993927361905874,0.6006072638094125,0.39933300395256915,0.6006669960474308,0.5714285714285714,0.5519684993369204,0.6444042319646821,0.8738140689092743,0.552758413057553,0.5604395604395604,0.44611528822055135,0.6493506493506493,728
baseline,42,test,rate__text+audio+vision__r0p40__random__medium,rate,text+audio+vision,0.4,random,medium,0.3999019511716835,50995,30602,0.4000764651264406,0.5999235348735594,0.3998813408484129,0.600118659151587,0.39972206430421325,0.6002779356957868,0.624484181568088,0.5784270678881421,0.7002906438214332,0.9539370018163653,0.5672260172635945,0.6279683377308707,0.3824451410658307,0.7248677248677249,727
baseline,42,valid,position__text__r0p30__prefix__medium,position,text,0.3,prefix,medium,0.1071112308936203,51946,46382,0.29869014386944387,0.7013098561305562,0.0,1.0,0.0,1.0,0.635989010989011,0.6126239657378897,0.6179800989351921,0.8318776004799177,0.608941907686507,0.6613333333333332,0.46486486486486484,0.7116736990154711,728
baseline,42,test,position__text__r0p30__prefix__medium,position,text,0.3,prefix,medium,0.10753995489753898,50995,45511,0.2995248238571194,0.7004751761428806,0.0,1.0,0.0,1.0,0.6767537826685007,0.6271506100254629,0.6724243899384588,0.8975515377806939,0.6441481619022503,0.6718346253229974,0.43918918918918914,0.7704280155642023,727
baseline,42,valid,position__text__r0p30__middle__medium,position,text,0.3,middle,medium,0.1071112308936203,51946,46382,0.29869014386944387,0.7013098561305562,0.0,1.0,0.0,1.0,0.6236263736263736,0.5994501777122158,0.6163450702001433,0.830970699592988,0.6107313426476954,0.6463104325699746,0.4530386740331491,0.6990014265335236,728
baseline,42,test,position__text__r0p30__middle__medium,position,text,0.3,middle,medium,0.10753995489753898,50995,45511,0.2995248238571194,0.7004751761428806,0.0,1.0,0.0,1.0,0.6588720770288858,0.6212431785835245,0.6665575198157905,0.9069412356659912,0.622063736786181,0.6683804627249357,0.45569620253164556,0.7396528704939921,727
baseline,42,valid,position__text__r0p30__suffix__medium,position,text,0.3,suffix,medium,0.1071112308936203,51946,46382,0.29869014386944387,0.7013098561305562,0.0,1.0,0.0,1.0,0.5782967032967034,0.5477671831262991,0.6786875170936992,0.9040460834602838,0.5064060730404389,0.5714285714285713,0.41441441441441446,0.6574585635359116,728
baseline,42,test,position__text__r0p30__suffix__medium,position,text,0.3,suffix,medium,0.10753995489753898,50995,45511,0.2995248238571194,0.7004751761428806,0.0,1.0,0.0,1.0,0.6066024759284732,0.5478992440588152,0.758647107981668,0.9938947080904702,0.514724053085448,0.6066350710900473,0.3345724907063197,0.7024901703800787,727
baseline,42,valid,position__text__r0p30__random__medium,position,text,0.3,random,medium,0.1071112308936203,51946,46382,0.29869014386944387,0.7013098561305562,0.0,1.0,0.0,1.0,0.6167582417582418,0.5925526980322715,0.6206184925260738,0.8386938493795094,0.599175306397308,0.6082474226804123,0.4702702702702702,0.699140401146132,728
baseline,42,test,position__text__r0p30__random__medium,position,text,0.3,random,medium,0.10753995489753898,50995,45511,0.2995248238571194,0.7004751761428806,0.0,1.0,0.0,1.0,0.6396148555708391,0.5931277242196875,0.7058466626420884,0.9434361320569066,0.5802097848957136,0.6373056994818653,0.4119601328903654,0.7301173402868317,727
baseline,42,valid,duration__text__r0p30__random__short,duration,text,0.3,random,short,0.1071112308936203,51946,46382,0.29869014386944387,0.7013098561305562,0.0,1.0,0.0,1.0,0.6016483516483516,0.5742430215069197,0.6310906606102056,0.8635335403998022,0.566680726056455,0.5974683544303797,0.44067796610169485,0.6845827439886846,728
baseline,42,test,duration__text__r0p30__random__short,duration,text,0.3,random,short,0.10753995489753898,50995,45511,0.2995248238571194,0.7004751761428806,0.0,1.0,0.0,1.0,0.6231086657496562,0.5725219279936652,0.719054707719277,0.9582932094516149,0.5608801376974052,0.6214099216710183,0.3796610169491525,0.7164948453608246,727
baseline,42,valid,duration__text__r0p30__random__medium,duration,text,0.3,random,medium,0.1071112308936203,51946,46382,0.29869014386944387,0.7013098561305562,0.0,1.0,0.0,1.0,0.5810439560439561,0.5578533957532761,0.6244163895537566,0.8465087043062827,0.5898325773052854,0.6084656084656085,0.40318302387267907,0.6619115549215406,728
baseline,42,test,duration__text__r0p30__random__medium,duration,text,0.3,random,medium,0.10753995489753898,50995,45511,0.2995248238571194,0.7004751761428806,0.0,1.0,0.0,1.0,0.6368638239339752,0.5886102841369242,0.6785052996487492,0.9225433397830137,0.6039023477528964,0.6250000000000001,0.40522875816993464,0.7356020942408377,727
baseline,42,valid,duration__text__r0p30__random__long,duration,text,0.3,random,long,0.1071112308936203,51946,46382,0.29869014386944387,0.7013098561305562,0.0,1.0,0.0,1.0,0.5934065934065934,0.5724688674115289,0.6130272257244113,0.8196916509747914,0.6244875940252339,0.6342710997442456,0.41935483870967744,0.6637806637806638,728
baseline,42,test,duration__text__r0p30__random__long,duration,text,0.3,random,long,0.10753995489753898,50995,45511,0.2995248238571194,0.7004751761428806,0.0,1.0,0.0,1.0,0.656121045392022,0.6087949763910646,0.683500305543227,0.9169559529949866,0.6114903335886088,0.6448362720403022,0.42622950819672134,0.7553191489361701,727
baseline,42,valid,position__audio__r0p30__prefix__medium,position,audio,0.3,prefix,medium,0.09879490239864475,51946,46814,0.0,1.0,0.29966133364475067,0.7003386663552493,0.0,1.0,0.635989010989011,0.6058086832176545,0.5725763641901642,0.7628518902478144,0.6863909992149998,0.6826923076923077,0.42228739002932547,0.7124463519313304,728
baseline,42,test,position__audio__r0p30__prefix__medium,position,audio,0.3,prefix,medium,0.09881360917737034,50995,45956,0.0,1.0,0.2989617324236132,0.7010382675763869,0.0,1.0,0.7180192572214581,0.6705173558990745,0.6103825231288986,0.827534383922123,0.6991758795065544,0.7307692307692308,0.48550724637681153,0.795275590551181,727
baseline,42,valid,position__audio__r0p30__middle__medium,position,audio,0.3,middle,medium,0.09879490239864475,51946,46814,0.0,1.0,0.29966133364475067,0.7003386663552493,0.0,1.0,0.646978021978022,0.6176474309470813,0.5738292649096636,0.7626521335581037,0.6864764558600258,0.6843373493975904,0.4457478005865103,0.722857142857143,728
baseline,42,test,position__audio__r0p30__middle__medium,position,audio,0.3,middle,medium,0.09881360917737034,50995,45956,0.0,1.0,0.2989617324236132,0.7010382675763869,0.0,1.0,0.7138927097661623,0.6625576918005116,0.6117146541652727,0.8288546429553839,0.6980994314635975,0.7272727272727273,0.4666666666666667,0.793733681462141,727
baseline,42,valid,position__audio__r0p30__suffix__medium,position,audio,0.3,suffix,medium,0.09879490239864475,51946,46814,0.0,1.0,0.29966133364475067,0.7003386663552493,0.0,1.0,0.6346153846153846,0.6009432369954341,0.572518811064803,0.7616818464481265,0.6871263634381349,0.6811594202898551,0.4059701492537313,0.7157001414427157,728
baseline,42,test,position__audio__r0p30__suffix__medium,position,audio,0.3,suffix,medium,0.09881360917737034,50995,45956,0.0,1.0,0.2989617324236132,0.7010382675763869,0.0,1.0,0.7166437414030261,0.6685715909547453,0.6104667848911254,0.8263279051578888,0.7002768957740155,0.7307692307692308,0.48175182481751827,0.7931937172774869,727
baseline,42,valid,position__audio__r0p30__random__medium,position,audio,0.3,random,medium,0.09879490239864475,51946,46814,0.0,1.0,0.29966133364475067,0.7003386663552493,0.0,1.0,0.6387362637362637,0.607545850001093,0.5728185872322173,0.7624921348916572,0.686665890422863,0.6811594202898551,0.4235294117647059,0.717948717948718,728
baseline,42,test,position__audio__r0p30__random__medium,position,audio,0.3,random,medium,0.09881360917737034,50995,45956,0.0,1.0,0.2989617324236132,0.7010382675763869,0.0,1.0,0.7166437414030261,0.6685715909547453,0.6111316465743224,0.8282362244663379,0.698617668893655,0.7307692307692308,0.48175182481751827,0.7931937172774869,727
baseline,42,valid,duration__audio__r0p30__random__short,duration,audio,0.3,random,short,0.09879490239864475,51946,46814,0.0,1.0,0.29966133364475067,0.7003386663552493,0.0,1.0,0.6401098901098901,0.6082289644901796,0.5733191275170871,0.763019428752653,0.6860766118586871,0.6843373493975904,0.4226190476190476,0.7177304964539007,728
baseline,42,test,duration__audio__r0p30__random__short,duration,audio,0.3,random,short,0.09881360917737034,50995,45956,0.0,1.0,0.2989617324236132,0.7010382675763869,0.0,1.0,0.7166437414030261,0.6685715909547453,0.6100897498177736,0.8270540000549761,0.6996451938629447,0.7307692307692308,0.48175182481751827,0.7931937172774869,727
baseline,42,valid,duration__audio__r0p30__random__medium,duration,audio,0.3,random,medium,0.09879490239864475,51946,46814,0.0,1.0,0.29966133364475067,0.7003386663552493,0.0,1.0,0.6401098901098901,0.6081011337203779,0.5735479852640081,0.7616126071113513,0.6874773797417656,0.6826923076923077,0.42388059701492536,0.7177304964539007,728
baseline,42,test,duration__audio__r0p30__random__medium,duration,audio,0.3,random,medium,0.09881360917737034,50995,45956,0.0,1.0,0.2989617324236132,0.7010382675763869,0.0,1.0,0.7207702888583218,0.6743103713524473,0.6104710910090103,0.8275728142872141,0.699185907509531,0.7307692307692308,0.49635036496350365,0.7958115183246074,727
baseline,42,valid,duration__audio__r0p30__random__long,duration,audio,0.3,random,long,0.09879490239864475,51946,46814,0.0,1.0,0.29966133364475067,0.7003386663552493,0.0,1.0,0.6373626373626373,0.6047733946020234,0.5730616096279246,0.7622899983586383,0.6868395292480568,0.6811594202898551,0.4154302670623145,0.7177304964539007,728
baseline,42,test,duration__audio__r0p30__random__long,duration,audio,0.3,random,long,0.09881360917737034,50995,45956,0.0,1.0,0.2989617324236132,0.7010382675763869,0.0,1.0,0.7180192572214581,0.6705217014648839,0.6114731441358261,0.8278744805378592,0.698957184043487,0.7290167865707433,0.48727272727272725,0.795275590551181,727
baseline,42,valid,position__vision__r0p30__prefix__medium,position,vision,0.3,prefix,medium,0.09334693720401956,51946,47097,0.0,1.0,0.0,1.0,0.29946887351778656,0.7005311264822134,0.6373626373626373,0.6074485731236304,0.5739978932964892,0.7636954189855307,0.6855518286802764,0.6811594202898551,0.42690058479532167,0.7142857142857143,728
baseline,42,test,position__vision__r0p30__prefix__medium,position,vision,0.3,prefix,medium,0.09283263065006374,50995,46261,0.0,1.0,0.0,1.0,0.29903354178510516,0.7009664582148948,0.7152682255845942,0.6674745163303516,0.610036482288921,0.8278522650762254,0.6989629945289911,0.7320574162679426,0.4782608695652174,0.7921052631578949,727
baseline,42,valid,position__vision__r0p30__middle__medium,position,vision,0.3,middle,medium,0.09334693720401956,51946,47097,0.0,1.0,0.0,1.0,0.29946887351778656,0.7005311264822134,0.6401098901098901,0.6099563143064833,0.5726247527406315,0.7621598703541532,0.68693998423889,0.6843373493975904,0.4294117647058823,0.7161198288159771,728
baseline,42,test,position__vision__r0p30__middle__medium,position,vision,0.3,middle,medium,0.09283263065006374,50995,46261,0.0,1.0,0.0,1.0,0.29903354178510516,0.7009664582148948,0.7180192572214581,0.6710046809790762,0.6104513834598263,0.8275410803358219,0.6992177015173586,0.7307692307692308,0.48905109489051096,0.7931937172774869,727
baseline,42,valid,position__vision__r0p30__suffix__medium,position,vision,0.3,suffix,medium,0.09334693720401956,51946,47097,0.0,1.0,0.0,1.0,0.29946887351778656,0.7005311264822134,0.6428571428571429,0.6142321594229633,0.5744558262618279,0.7634804812494421,0.68597753834086,0.6826923076923077,0.4405797101449275,0.7194244604316545,728
baseline,42,test,position__vision__r0p30__suffix__medium,position,vision,0.3,suffix,medium,0.09283263065006374,50995,46261,0.0,1.0,0.0,1.0,0.29903354178510516,0.7009664582148948,0.7180192572214581,0.6707584158960307,0.6103065747875295,0.8262966466767193,0.7002781413724677,0.7307692307692308,0.48727272727272725,0.7942332896461337,727
baseline,42,valid,position__vision__r0p30__random__medium,position,vision,0.3,random,medium,0.09334693720401956,51946,47097,0.0,1.0,0.0,1.0,0.29946887351778656,0.7005311264822134,0.6387362637362637,0.6078636325234106,0.5736664900259412,0.7629101919764141,0.6863135995910907,0.6826923076923077,0.4247787610619469,0.7161198288159771,728
baseline,42,test,position__vision__r0p30__random__medium,position,vision,0.3,random,medium,0.09283263065006374,50995,46261,0.0,1.0,0.0,1.0,0.29903354178510516,0.7009664582148948,0.7180192572214581,0.6718121566221872,0.6107044542846276,0.8274008693736441,0.699327702760512,0.7307692307692308,0.49097472924187724,0.7936925098554535,727
baseline,42,valid,duration__vision__r0p30__random__short,duration,vision,0.3,random,short,0.09334693720401956,51946,47097,0.0,1.0,0.0,1.0,0.29946887351778656,0.7005311264822134,0.6387362637362637,0.6077013380525086,0.5736825155877191,0.7628052319956389,0.6864123151547287,0.6811594202898551,0.4260355029585799,0.7159090909090908,728
baseline,42,test,duration__vision__r0p30__random__short,duration,vision,0.3,random,short,0.09283263065006374,50995,46261,0.0,1.0,0.0,1.0,0.29903354178510516,0.7009664582148948,0.71939477303989,0.6729328148362725,0.6097812775440483,0.826984461242458,0.6996953556749297,0.7307692307692308,0.4927536231884058,0.795275590551181,727
baseline,42,valid,duration__vision__r0p30__random__medium,duration,vision,0.3,random,medium,0.09334693720401956,51946,47097,0.0,1.0,0.0,1.0,0.29946887351778656,0.7005311264822134,0.6401098901098901,0.6102717044485803,0.5733299832995776,0.7627973209529346,0.686385163346821,0.6811594202898551,0.4314868804664723,0.7181688125894135,728
baseline,42,test,duration__vision__r0p30__random__medium,duration,vision,0.3,random,medium,0.09283263065006374,50995,46261,0.0,1.0,0.0,1.0,0.29903354178510516,0.7009664582148948,0.7180192572214581,0.6707670570357959,0.6100672362974372,0.8269571792578656,0.6997319136090114,0.7290167865707433,0.48905109489051096,0.7942332896461337,727
baseline,42,valid,duration__vision__r0p30__random__long,duration,vision,0.3,random,long,0.09334693720401956,51946,47097,0.0,1.0,0.0,1.0,0.29946887351778656,0.7005311264822134,0.6401098901098901,0.6086483077494784,0.5736043211814671,0.7626274619986518,0.686572777703919,0.6811594202898551,0.4260355029585799,0.7187500000000001,728
baseline,42,test,duration__vision__r0p30__random__long,duration,vision,0.3,random,long,0.09283263065006374,50995,46261,0.0,1.0,0.0,1.0,0.29903354178510516,0.7009664582148948,0.7180192572214581,0.6705217014648839,0.610551867818529,0.8276530859504162,0.6991136645005587,0.7290167865707433,0.48727272727272725,0.795275590551181,727
baseline,42,valid,ablation__complete__r0p00__none__none,ablation,,0.0,none,none,0.0,51946,51946,0.0,1.0,0.0,1.0,0.0,1.0,0.6414835164835165,0.6105367634498272,0.5734618548278256,0.7626325327659046,0.6865242581420195,0.6811594202898551,0.43067846607669613,0.7197724039829303,728
baseline,42,test,ablation__complete__r0p00__none__none,ablation,,0.0,none,none,0.0,50995,50995,0.0,1.0,0.0,1.0,0.0,1.0,0.7180192572214581,0.6707584158960307,0.6101917138981647,0.8270947664019176,0.6996104505718134,0.7307692307692308,0.48727272727272725,0.7942332896461337,727
baseline,42,valid,ablation__text__r1p00__random__long,ablation,text,1.0,random,long,0.3586031648250106,51946,33318,1.0,0.0,0.0,1.0,0.0,1.0,0.40796703296703296,0.38648263317629045,0.7744736670667387,1.0331692570338744,0.1692910880655894,0.27218934911242604,0.3781676413255361,0.5090909090909091,728
baseline,42,test,ablation__text__r1p00__random__long,ablation,text,1.0,random,long,0.35903519952936563,50995,32686,1.0,0.0,0.0,1.0,0.0,1.0,0.4360385144429161,0.39264707292197487,0.8589180796349516,1.1202605765457494,0.2600096769397238,0.2616822429906542,0.3386727688787185,0.5775862068965518,727
baseline,42,valid,ablation__audio__r1p00__random__long,ablation,audio,1.0,random,long,0.3296885226966465,51946,34820,0.0,1.0,1.0,0.0,0.0,1.0,0.6373626373626373,0.6000757575757576,0.5731596186357949,0.7654981198729504,0.6876035045019392,0.6875,0.39384615384615385,0.7188811188811188,728
baseline,42,test,ablation__audio__r1p00__random__long,ablation,audio,1.0,random,long,0.33052260025492697,50995,34140,0.0,1.0,1.0,0.0,0.0,1.0,0.7056396148555708,0.651374175656608,0.6157571305834689,0.833127270563693,0.6952070229678967,0.7294685990338166,0.43866171003717475,0.7859922178988328,727
baseline,42,valid,ablation__vision__r1p00__random__long,ablation,vision,1.0,random,long,0.3117083124783429,51946,35754,0.0,1.0,0.0,1.0,1.0,0.0,0.6387362637362637,0.6056122187858715,0.5831757741007995,0.7742062206579553,0.6795189623800584,0.6857142857142857,0.4131736526946108,0.717948717948718,728
baseline,42,test,ablation__vision__r1p00__random__long,ablation,vision,1.0,random,long,0.3104422002157074,50995,35164,0.0,1.0,0.0,1.0,1.0,0.0,0.7097661623108665,0.665492534701874,0.6198828812545112,0.8398492720524373,0.6902383754885767,0.7251184834123222,0.4842105263157895,0.7871485943775102,727
baseline,42,valid,ablation__text+audio__r1p00__random__long,ablation,text+audio,1.0,random,long,0.6882916875216571,51946,16192,1.0,0.0,1.0,0.0,0.0,1.0,0.4065934065934066,0.35833516227080314,0.769833142592848,1.0292833306678482,0.18994030571084278,0.19285714285714287,0.3326653306613226,0.5494830132939439,728
baseline,42,test,ablation__text+audio__r1p00__random__long,ablation,text+audio,1.0,random,long,0.6895577997842925,50995,15831,1.0,0.0,1.0,0.0,0.0,1.0,0.4346629986244842,0.34996339924205055,0.8570248104165599,1.1256206669287026,0.24563276513174592,0.14336917562724016,0.2964824120603015,0.6100386100386099,727
baseline,42,valid,ablation__text+vision__r1p00__random__long,ablation,text+vision,1.0,random,long,0.6703114773033535,51946,17126,1.0,0.0,0.0,1.0,1.0,0.0,0.33104395604395603,0.32237644259809956,0.8074702645785042,1.0713662703415763,0.020496086968383117,0.24935064935064932,0.39355992844364934,0.32421875,728
baseline,42,test,ablation__text+vision__r1p00__random__long,ablation,text+vision,1.0,random,long,0.669477399745073,50995,16855,1.0,0.0,0.0,1.0,1.0,0.0,0.3535075653370014,0.3461030442121113,0.9007844433465145,1.1508780400677976,0.17973074226916963,0.2938144329896907,0.324,0.4204946996466431,727
baseline,42,valid,ablation__audio+vision__r1p00__random__long,ablation,audio+vision,1.0,random,long,0.6413968351749895,51946,18628,0.0,1.0,1.0,0.0,1.0,0.0,0.6277472527472527,0.5902472641742132,0.5834415003447537,0.7805955771503112,0.6797142451994999,0.6795180722891566,0.38271604938271603,0.7085076708507672,728
baseline,42,test,ablation__audio+vision__r1p00__random__long,ablation,audio+vision,1.0,random,long,0.6409648004706344,50995,18309,0.0,1.0,1.0,0.0,1.0,0.0,0.7083906464924347,0.658900125261508,0.629329663689826,0.8502364100427128,0.6837732778786149,0.7311320754716982,0.4598540145985402,0.7857142857142857,727
baseline,42,valid,ablation__text+audio+vision__r1p00__random__long,ablation,text+audio+vision,1.0,random,long,1.0,51946,0,1.0,0.0,1.0,0.0,1.0,0.0,0.4642857142857143,0.21138211382113822,0.8015825965206375,1.069256522062436,0.017424248703898203,0.0,0.0,0.6341463414634146,728
baseline,42,test,ablation__text+audio+vision__r1p00__random__long,ablation,text+audio+vision,1.0,random,long,1.0,50995,0,1.0,0.0,1.0,0.0,1.0,0.0,0.49793672627235214,0.22161003979185798,0.917231019253252,1.1773482753478557,-0.040431215885067796,0.0,0.0,0.6648301193755739,727
baseline,43,valid,baseline__complete__r0p00__none__none,baseline,,0.0,none,none,0.0,51946,51946,0.0,1.0,0.0,1.0,0.0,1.0,0.6208791208791209,0.6070838759371134,0.5729767198029619,0.7693473078321841,0.6810032330353506,0.6436170212765957,0.47641509433962265,0.7012195121951219,728
baseline,43,test,baseline__complete__r0p00__none__none,baseline,,0.0,none,none,0.0,50995,50995,0.0,1.0,0.0,1.0,0.0,1.0,0.6905089408528198,0.6583841632669444,0.6094890020575062,0.8261826351491985,0.7022953617111495,0.7058823529411765,0.5015105740181268,0.76775956284153,727
baseline,43,valid,rate__text__r0p10__random__medium,rate,text,0.1,random,medium,0.03613367728025257,51946,50069,0.10076229332188104,0.899237706678119,0.0,1.0,0.0,1.0,0.5989010989010989,0.5849488845620624,0.5890372820149923,0.7937349437554291,0.6533342198979263,0.6136986301369862,0.4551724137931034,0.6859756097560975,728
baseline,43,test,rate__text__r0p10__random__medium,rate,text,0.1,random,medium,0.03614079811746249,50995,49152,0.10066087716423616,0.8993391228357638,0.0,1.0,0.0,1.0,0.6602475928473177,0.6313975416754262,0.6346309319666319,0.8468375103748249,0.68181968292501,0.7037974683544304,0.45882352941176474,0.7315716272600834,727
baseline,43,valid,rate__text__r0p20__random__medium,rate,text,0.2,random,medium,0.07190159011280946,51946,48211,0.20050461670603392,0.7994953832939661,0.0,1.0,0.0,1.0,0.5782967032967034,0.5702199989770205,0.6184744735703814,0.8377139154386268,0.6004738442290135,0.5898876404494382,0.472885032537961,0.6478873239436621,728
baseline,43,test,rate__text__r0p20__random__medium,rate,text,0.2,random,medium,0.07173252279635259,50995,47337,0.19979245179966137,0.8002075482003387,0.0,1.0,0.0,1.0,0.6258596973865199,0.5986905438247639,0.6721075899409645,0.8966735894949875,0.6334266830462277,0.6458333333333333,0.4463276836158192,0.7039106145251396,727
baseline,43,valid,rate__text__r0p30__random__medium,rate,text,0.3,random,medium,0.1071112308936203,51946,46382,0.29869014386944387,0.7013098561305562,0.0,1.0,0.0,1.0,0.5741758241758241,0.5685493178752984,0.6407485834865289,0.8721718270087296,0.5612342676824287,0.6050420168067228,0.4662309368191721,0.634375,728
baseline,43,test,rate__text__r0p30__random__medium,rate,text,0.3,random,medium,0.10753995489753898,50995,45511,0.2995248238571194,0.7004751761428806,0.0,1.0,0.0,1.0,0.6011004126547456,0.5737744973078006,0.7031559763153428,0.9509133515466452,0.5746488201763085,0.6054054054054053,0.4258760107816712,0.6900420757363255,727
baseline,43,valid,rate__text__r0p40__random__medium,rate,text,0.4,random,medium,0.14355292034035344,51946,44489,0.40031135924414857,0.5996886407558514,0.0,1.0,0.0,1.0,0.5453296703296703,0.5358603081579493,0.6378531720358777,0.8749778495967583,0.553920944785678,0.5413105413105412,0.44067796610169496,0.6255924170616114,728
baseline,43,test,rate__text__r0p40__random__medium,rate,text,0.4,random,medium,0.14364153348367487,50995,43670,0.4000764651264406,0.5999235348735594,0.0,1.0,0.0,1.0,0.5928473177441541,0.5650645052448924,0.7122618577928581,0.9655077404693968,0.5543662314347294,0.5927977839335179,0.40932642487046633,0.693069306930693,727
baseline,43,valid,rate__audio__r0p10__random__medium,rate,audio,0.1,random,medium,0.03338081854233242,51946,50212,0.0,1.0,0.1012495620693682,0.8987504379306318,0.0,1.0,0.6208791208791209,0.6070825350257377,0.5728976632644944,0.7693042009531043,0.6810071840121936,0.6472148541114058,0.4728132387706856,0.7012195121951219,728
baseline,43,test,rate__audio__r0p10__random__medium,rate,audio,0.1,random,medium,0.033218943033630745,50995,49301,0.0,1.0,0.10050430139424503,0.899495698605755,0.0,1.0,0.6905089408528198,0.6586383411977027,0.6102734685720469,0.8267607683553605,0.701786623754873,0.7076923076923076,0.5015105740181268,0.7667121418826739,727
baseline,43,valid,rate__audio__r0p20__random__medium,rate,audio,0.2,random,medium,0.06622261579332384,51946,48506,0.0,1.0,0.20086418311339485,0.7991358168866052,0.0,1.0,0.6208791208791209,0.6073209501294607,0.5734719196692682,0.7698956195280652,0.6804897790819235,0.6453333333333334,0.4775413711583924,0.6990881458966565,728
baseline,43,test,rate__audio__r0p20__random__medium,rate,audio,0.2,random,medium,0.0666339837238945,50995,47597,0.0,1.0,0.2016018985464254,0.7983981014535746,0.0,1.0,0.6905089408528198,0.6575849888914926,0.6093089284639206,0.8259799885160554,0.7024284750672842,0.7058823529411765,0.4984802431610942,0.7683923705722071,727
baseline,43,valid,rate__audio__r0p30__random__medium,rate,audio,0.3,random,medium,0.09879490239864475,51946,46814,0.0,1.0,0.29966133364475067,0.7003386663552493,0.0,1.0,0.625,0.6107306678702388,0.5733684840878206,0.7694323391216011,0.6809920221989669,0.6472148541114058,0.4798099762470309,0.7051671732522795,728
baseline,43,test,rate__audio__r0p30__random__medium,rate,audio,0.3,random,medium,0.09881360917737034,50995,45956,0.0,1.0,0.2989617324236132,0.7010382675763869,0.0,1.0,0.6960110041265475,0.6627487968023492,0.6104762966922668,0.8267015374469866,0.7018051945436797,0.7076923076923076,0.5060975609756098,0.7744565217391305,727
baseline,43,valid,rate__audio__r0p40__random__medium,rate,audio,0.4,random,medium,0.13167520117044623,51946,45106,0.0,1.0,0.3993927361905874,0.6006072638094125,0.0,1.0,0.6222527472527473,0.6096124661246612,0.5725793241341547,0.769542974171697,0.6808706405719253,0.6506666666666667,0.48,0.698170731707317,728
baseline,43,test,rate__audio__r0p40__random__medium,rate,audio,0.4,random,medium,0.1321698205706442,50995,44255,0.0,1.0,0.3998813408484129,0.600118659151587,0.0,1.0,0.6918844566712518,0.6599911797804069,0.6097159132635557,0.8263041839795823,0.7020542329192933,0.7091836734693877,0.503030303030303,0.76775956284153,727
baseline,43,valid,rate__vision__r0p10__random__medium,rate,vision,0.1,random,medium,0.03141724098101875,51946,50314,0.0,1.0,0.0,1.0,0.1007905138339921,0.8992094861660079,0.6195054945054945,0.6055115488930882,0.5735173621790607,0.7699646507161879,0.6804320263790665,0.6436170212765957,0.4716981132075472,0.7012195121951219,728
baseline,43,test,rate__vision__r0p10__random__medium,rate,vision,0.1,random,medium,0.031179527404647515,50995,49405,0.0,1.0,0.0,1.0,0.1004358537047565,0.8995641462952435,0.687757909215956,0.6565095664958865,0.6091530029335286,0.8258827720327276,0.7025467382015915,0.7076923076923076,0.4984984984984985,0.7633378932968538,727
baseline,43,valid,rate__vision__r0p20__random__medium,rate,vision,0.2,random,medium,0.06269972663920224,51946,48689,0.0,1.0,0.0,1.0,0.20114871541501977,0.7988512845849802,0.6195054945054945,0.6060662748631361,0.573245743246094,0.7696338627277546,0.6807282534050002,0.6472148541114058,0.4728132387706856,0.698170731707317,728
baseline,43,test,rate__vision__r0p20__random__medium,rate,vision,0.2,random,medium,0.06255515246592804,50995,47805,0.0,1.0,0.0,1.0,0.20150337944539196,0.798496620554608,0.6891334250343879,0.6567765265312948,0.6097240279104555,0.8264229388495994,0.7021231237015974,0.7076923076923076,0.49696969696969695,0.7656675749318801,727
baseline,43,valid,rate__vision__r0p30__random__medium,rate,vision,0.3,random,medium,0.09334693720401956,51946,47097,0.0,1.0,0.0,1.0,0.29946887351778656,0.7005311264822134,0.6208791208791209,0.6070825350257377,0.5724121422281714,0.7692043086122174,0.681051026607605,0.6472148541114058,0.4728132387706856,0.7012195121951219,728
baseline,43,test,rate__vision__r0p30__random__medium,rate,vision,0.3,random,medium,0.09283263065006374,50995,46261,0.0,1.0,0.0,1.0,0.29903354178510516,0.7009664582148948,0.6905089408528198,0.6567723120361029,0.6103244183080314,0.8274526173026657,0.7012220646284268,0.7058823529411765,0.4954128440366972,0.7690217391304347,727
baseline,43,valid,rate__vision__r0p40__random__medium,rate,vision,0.4,random,medium,0.12447541677896277,51946,45480,0.0,1.0,0.0,1.0,0.39933300395256915,0.6006669960474308,0.6153846153846154,0.6013892095991761,0.5742223585845779,0.7711452886065032,0.6794099039475261,0.6436170212765957,0.46555819477434685,0.6949924127465857,728
baseline,43,test,rate__vision__r0p40__random__medium,rate,vision,0.4,random,medium,0.12409059711736445,50995,44667,0.0,1.0,0.0,1.0,0.39972206430421325,0.6002779356957868,0.6905089408528198,0.656362345251234,0.6101820280934278,0.8270061929072324,0.7016395727792409,0.7076923076923076,0.49382716049382713,0.7675675675675676,727
baseline,43,valid,rate__text+audio__r0p10__random__medium,rate,text+audio,0.1,random,medium,0.069514495822585,51946,48335,0.10076229332188104,0.899237706678119,0.1012495620693682,0.8987504379306318,0.0,1.0,0.6071428571428571,0.5993999557683275,0.5868745691751918,0.7942961728751986,0.6528264383518317,0.6410958904109588,0.4821428571428572,0.6749611197511665,728
baseline,43,test,rate__text+audio__r0p10__random__medium,rate,text+audio,0.1,random,medium,0.06935974115109324,50995,47458,0.10066087716423616,0.8993391228357638,0.10050430139424503,0.899495698605755,0.0,1.0,0.6533700137551581,0.6240947676370439,0.6497566034130885,0.8765319499466192,0.6552815684647426,0.6666666666666667,0.471264367816092,0.7343532684283729,727
baseline,43,valid,rate__text+audio__r0p20__random__medium,rate,text+audio,0.2,random,medium,0.13812420590613328,51946,44771,0.20050461670603392,0.7994953832939661,0.20086418311339485,0.7991358168866052,0.0,1.0,0.5892857142857143,0.5793453470155189,0.6012366379209497,0.8162550445867987,0.6274455392722069,0.6,0.4724061810154525,0.6656298600311042,728
baseline,43,test,rate__text+audio__r0p20__random__medium,rate,text+audio,0.2,random,medium,0.1383665065202471,50995,43939,0.19979245179966137,0.8002075482003387,0.2016018985464254,0.7983981014535746,0.0,1.0,0.6327372764786795,0.6068917604146689,0.6817491852372188,0.9249365306244403,0.6048266921822242,0.654353562005277,0.45682451253481887,0.7094972067039107,727
baseline,43,valid,rate__text+audio__r0p30__random__medium,rate,text+audio,0.3,random,medium,0.20590613329226504,51946,41250,0.29869014386944387,0.7013098561305562,0.29966133364475067,0.7003386663552493,0.0,1.0,0.570054945054945,0.5599519407245553,0.6044613122095732,0.8149088577541136,0.6263666126095799,0.5762711864406779,0.4463519313304721,0.6572327044025158,728
baseline,43,test,rate__text+audio__r0p30__random__medium,rate,text+audio,0.3,random,medium,0.20635356407490932,50995,40472,0.2995248238571194,0.7004751761428806,0.2989617324236132,0.7010382675763869,0.0,1.0,0.6176066024759285,0.5884584888571313,0.6794452972087542,0.9201140554132594,0.6091340770612472,0.6063829787234042,0.4493150684931507,0.7096774193548387,727
baseline,43,valid,rate__text+audio__r0p40__random__medium,rate,text+audio,0.4,random,medium,0.2752281215107997,51946,37649,0.40031135924414857,0.5996886407558514,0.3993927361905874,0.6006072638094125,0.0,1.0,0.5288461538461539,0.5202798586485041,0.6691820501672248,0.9163683329280939,0.4981345384428942,0.5131195335276968,0.43902439024390244,0.608695652173913,728
baseline,43,test,rate__text+audio__r0p40__random__medium,rate,text+audio,0.4,random,medium,0.27581135405431906,50995,36930,0.4000764651264406,0.5999235348735594,0.3998813408484129,0.600118659151587,0.0,1.0,0.5955983493810179,0.5698721604956939,0.7135664446310152,0.9655966532685177,0.5562802017533893,0.5706371191135734,0.44556962025316454,0.6934097421203437,727
baseline,43,valid,rate__text+vision__r0p10__random__medium,rate,text+vision,0.1,random,medium,0.06755091826127133,51946,48437,0.10076229332188104,0.899237706678119,0.0,1.0,0.1007905138339921,0.8992094861660079,0.592032967032967,0.5804800700646614,0.6032156250797786,0.812829622951191,0.6328200097927292,0.6246575342465752,0.4501160092807424,0.6666666666666666,728
baseline,43,test,rate__text+vision__r0p10__random__medium,rate,text+vision,0.1,random,medium,0.06732032552211001,50995,47562,0.10066087716423616,0.8993391228357638,0.0,1.0,0.1004358537047565,0.8995641462952435,0.6616231086657497,0.6276918248313098,0.6406027724046613,0.86695373029055,0.6639850044197035,0.6751269035532995,0.45481049562682213,0.7531380753138076,727
baseline,43,valid,rate__text+vision__r0p20__random__medium,rate,text+vision,0.2,random,medium,0.1346013167520117,51946,44954,0.20050461670603392,0.7994953832939661,0.0,1.0,0.20114871541501977,0.7988512845849802,0.5714285714285714,0.5621863408458424,0.6081039203730013,0.8130299916328921,0.6307146749247706,0.6028169014084507,0.4404494382022472,0.6432926829268293,728
baseline,43,test,rate__text+vision__r0p20__random__medium,rate,text+vision,0.2,random,medium,0.1342876752622806,50995,44147,0.19979245179966137,0.8002075482003387,0.0,1.0,0.20150337944539196,0.798496620554608,0.6478679504814305,0.6244613615689226,0.6607054677257697,0.9098131286217499,0.6203870705432334,0.6649484536082474,0.4888888888888889,0.7195467422096317,727
baseline,43,valid,rate__text+vision__r0p30__random__medium,rate,text+vision,0.3,random,medium,0.20045816809763986,51946,41533,0.29869014386944387,0.7013098561305562,0.0,1.0,0.29946887351778656,0.7005311264822134,0.5645604395604396,0.5574755488457095,0.6242036396320295,0.8508782306283225,0.5866572877060593,0.5730659025787965,0.46025104602510464,0.6391096979332274,728
baseline,43,test,rate__text+vision__r0p30__random__medium,rate,text+vision,0.3,random,medium,0.2003725855476027,50995,40777,0.2995248238571194,0.7004751761428806,0.0,1.0,0.29903354178510516,0.7009664582148948,0.6107290233837689,0.584910675580327,0.7045946710024341,0.9513955215243792,0.5746457207426052,0.5929919137466307,0.4640000000000001,0.6977401129943503,727
baseline,43,valid,rate__text+vision__r0p40__random__medium,rate,text+vision,0.4,random,medium,0.26802833711931623,51946,38023,0.40031135924414857,0.5996886407558514,0.0,1.0,0.39933300395256915,0.6006669960474308,0.5508241758241759,0.5450220949810657,0.6740493702402871,0.9071712949223222,0.509276328932024,0.5517241379310345,0.4672131147540984,0.6161290322580645,728
baseline,43,test,rate__text+vision__r0p40__random__medium,rate,text+vision,0.4,random,medium,0.26773213060103934,50995,37342,0.4000764651264406,0.5999235348735594,0.0,1.0,0.39972206430421325,0.6002779356957868,0.5557083906464925,0.5266711917774731,0.7471380382737829,1.0088335772528307,0.5054856660374665,0.5297297297297296,0.379746835443038,0.6705370101596517,727
baseline,43,valid,rate__audio+vision__r0p10__random__medium,rate,audio+vision,0.1,random,medium,0.06479805952335117,51946,48580,0.0,1.0,0.1012495620693682,0.8987504379306318,0.1007905138339921,0.8992094861660079,0.6208791208791209,0.6070825350257377,0.5734626460848581,0.7696263451557509,0.6807580429140832,0.6472148541114058,0.4728132387706856,0.7012195121951219,728
baseline,43,test,rate__audio+vision__r0p10__random__medium,rate,audio+vision,0.1,random,medium,0.06439847043827826,50995,47711,0.0,1.0,0.10050430139424503,0.899495698605755,0.1004358537047565,0.8995641462952435,0.6932599724896836,0.6607732018066365,0.6096879481677443,0.826005374559235,0.702446820570577,0.7076923076923076,0.5045592705167173,0.7700680272108843,727
baseline,43,valid,rate__audio+vision__r0p20__random__medium,rate,audio+vision,0.2,random,medium,0.1289223424325261,51946,45249,0.0,1.0,0.20086418311339485,0.7991358168866052,0.20114871541501977,0.7988512845849802,0.6236263736263736,0.6098672086720867,0.5728725203118481,0.7695375757751594,0.6808606825680261,0.6453333333333334,0.48,0.7042682926829268,728
baseline,43,test,rate__audio+vision__r0p20__random__medium,rate,audio+vision,0.2,random,medium,0.12918913618982253,50995,44407,0.0,1.0,0.2016018985464254,0.7983981014535746,0.20150337944539196,0.798496620554608,0.6891334250343879,0.6575732100322264,0.6092669694483321,0.8261454698350931,0.7022562170153562,0.7076923076923076,0.5,0.7650273224043715,727
baseline,43,valid,rate__audio+vision__r0p30__random__medium,rate,audio+vision,0.3,random,medium,0.19214183960266432,51946,41965,0.0,1.0,0.29966133364475067,0.7003386663552493,0.29946887351778656,0.7005311264822134,0.6208791208791209,0.6067690580964459,0.5741820119456951,0.7701214680261304,0.680216334190063,0.648936170212766,0.4703087885985748,0.701062215477997,728
baseline,43,test,rate__audio+vision__r0p30__random__medium,rate,audio+vision,0.3,random,medium,0.19164623982743406,50995,41222,0.0,1.0,0.2989617324236132,0.7010382675763869,0.29903354178510516,0.7009664582148948,0.6850068775790922,0.6534867239134377,0.6088994775092975,0.8261797905755188,0.7022443312207469,0.7058823529411765,0.4939759036144578,0.7606019151846785,727
baseline,43,valid,rate__audio+vision__r0p40__random__medium,rate,audio+vision,0.4,random,medium,0.256150617949409,51946,38640,0.0,1.0,0.3993927361905874,0.6006072638094125,0.39933300395256915,0.6006669960474308,0.6195054945054945,0.6062660608959032,0.5740268198839787,0.770623353940383,0.6794785148002828,0.6453333333333334,0.47529411764705887,0.698170731707317,728
baseline,43,test,rate__audio+vision__r0p40__random__medium,rate,audio+vision,0.4,random,medium,0.2562604176880086,50995,37927,0.0,1.0,0.3998813408484129,0.600118659151587,0.39972206430421325,0.6002779356957868,0.6946354883081155,0.6617555811049324,0.6076906185092448,0.8257389708239916,0.7027156276921331,0.7058823529411765,0.5076452599388379,0.7717391304347827,727
baseline,43,valid,rate__text+audio+vision__r0p10__random__medium,rate,text+audio+vision,0.1,random,medium,0.10093173680360375,51946,46703,0.10076229332188104,0.899237706678119,0.1012495620693682,0.8987504379306318,0.1007905138339921,0.8992094861660079,0.6071428571428571,0.5964041968882985,0.6020783754398248,0.8164079544193632,0.6295367454891891,0.6321525885558583,0.4781609195402299,0.6788990825688073,728
baseline,43,test,rate__text+audio+vision__r0p10__random__medium,rate,text+audio+vision,0.1,random,medium,0.10053926855574076,50995,45868,0.10066087716423616,0.8993391228357638,0.10050430139424503,0.899495698605755,0.1004358537047565,0.8995641462952435,0.6602475928473177,0.630250782894095,0.6459942615848481,0.8644719215913583,0.6672038306220104,0.6819338422391857,0.471976401179941,0.7368421052631579,727
baseline,43,valid,rate__text+audio+vision__r0p20__random__medium,rate,text+audio+vision,0.2,random,medium,0.20082393254533554,51946,41514,0.20050461670603392,0.7994953832939661,0.20086418311339485,0.7991358168866052,0.20114871541501977,0.7988512845849802,0.5975274725274725,0.5916556280265864,0.5953898449827518,0.8061430488028655,0.641182880014632,0.6344086021505376,0.48337028824833705,0.6571879936808848,728
baseline,43,test,rate__text+audio+vision__r0p20__random__medium,rate,text+audio+vision,0.2,random,medium,0.20092165898617512,50995,40749,0.19979245179966137,0.8002075482003387,0.2016018985464254,0.7983981014535746,0.20150337944539196,0.798496620554608,0.6396148555708391,0.6108991882810324,0.6782159450985338,0.9118013260664614,0.618702292819649,0.6580310880829014,0.4519774011299435,0.7226890756302521,727
baseline,43,valid,rate__text+audio+vision__r0p30__random__medium,rate,text+audio+vision,0.3,random,medium,0.2992530704962846,51946,36401,0.29869014386944387,0.7013098561305562,0.29966133364475067,0.7003386663552493,0.29946887351778656,0.7005311264822134,0.5947802197802198,0.5828658221653781,0.6293634378944861,0.8654208768144883,0.5685454905085693,0.5835694050991501,0.48695652173913045,0.6780715396578537,728
baseline,43,test,rate__text+audio+vision__r0p30__random__medium,rate,text+audio+vision,0.3,random,medium,0.29918619472497304,50995,35738,0.2995248238571194,0.7004751761428806,0.2989617324236132,0.7010382675763869,0.29903354178510516,0.7009664582148948,0.6217331499312242,0.598331231986889,0.7079083256082714,0.9560656711055461,0.568655238717448,0.6201117318435754,0.4666666666666667,0.708215297450425,727
baseline,43,valid,rate__text+audio+vision__r0p40__random__medium,rate,text+audio+vision,0.4,random,medium,0.39970353828976246,51946,31183,0.40031135924414857,0.5996886407558514,0.3993927361905874,0.6006072638094125,0.39933300395256915,0.6006669960474308,0.5398351648351648,0.5293391609119483,0.6486527135552184,0.8722905586441825,0.5524787905085752,0.5240963855421686,0.44398340248962653,0.6199376947040499,728
baseline,43,test,rate__text+audio+vision__r0p40__random__medium,rate,text+audio+vision,0.4,random,medium,0.3999019511716835,50995,30602,0.4000764651264406,0.5999235348735594,0.3998813408484129,0.600118659151587,0.39972206430421325,0.6002779356957868,0.5969738651994498,0.5764488037126617,0.7271852350436366,0.9893940595505873,0.5252804384965023,0.601123595505618,0.4422604422604423,0.6859623733719249,727
baseline,43,valid,position__text__r0p30__prefix__medium,position,text,0.3,prefix,medium,0.1071112308936203,51946,46382,0.29869014386944387,0.7013098561305562,0.0,1.0,0.0,1.0,0.5961538461538461,0.587919572503973,0.6175103046852011,0.8322192444150261,0.6039999754429635,0.6124661246612465,0.4867256637168142,0.6645669291338583,728
baseline,43,test,position__text__r0p30__prefix__medium,position,text,0.3,prefix,medium,0.10753995489753898,50995,45511,0.2995248238571194,0.7004751761428806,0.0,1.0,0.0,1.0,0.6382393397524071,0.6100975170640405,0.6546936531665196,0.882981517633403,0.6499570396822555,0.6567164179104477,0.449438202247191,0.7241379310344827,727
baseline,43,valid,position__text__r0p30__middle__medium,position,text,0.3,middle,medium,0.1071112308936203,51946,46382,0.29869014386944387,0.7013098561305562,0.0,1.0,0.0,1.0,0.592032967032967,0.5810488946082166,0.6224729072745214,0.8355371896947071,0.6052274691229995,0.5909090909090908,0.4835164835164835,0.6687211093990755,728
baseline,43,test,position__text__r0p30__middle__medium,position,text,0.3,middle,medium,0.10753995489753898,50995,45511,0.2995248238571194,0.7004751761428806,0.0,1.0,0.0,1.0,0.6189821182943603,0.5931576126698078,0.6821844030499581,0.9167044922499538,0.6147127593293186,0.6287262872628727,0.4486486486486487,0.702097902097902,727
baseline,43,valid,position__text__r0p30__suffix__medium,position,text,0.3,suffix,medium,0.1071112308936203,51946,46382,0.29869014386944387,0.7013098561305562,0.0,1.0,0.0,1.0,0.5521978021978022,0.5312625188416121,0.6622039734188897,0.8908537640600954,0.5258771714032098,0.5120481927710843,0.4428904428904429,0.6388489208633094,728
baseline,43,test,position__text__r0p30__suffix__medium,position,text,0.3,suffix,medium,0.10753995489753898,50995,45511,0.2995248238571194,0.7004751761428806,0.0,1.0,0.0,1.0,0.5955983493810179,0.5590224155042973,0.7416719928053317,0.9938684036387756,0.5202043045148913,0.5714285714285714,0.4032258064516129,0.7024128686327078,727
baseline,43,valid,position__text__r0p30__random__medium,position,text,0.3,random,medium,0.1071112308936203,51946,46382,0.29869014386944387,0.7013098561305562,0.0,1.0,0.0,1.0,0.5618131868131868,0.5538507500880118,0.6413723585287948,0.8753785573553083,0.5600857261027979,0.5555555555555556,0.4735729386892178,0.6324237560192617,728
baseline,43,test,position__text__r0p30__random__medium,position,text,0.3,random,medium,0.10753995489753898,50995,45511,0.2995248238571194,0.7004751761428806,0.0,1.0,0.0,1.0,0.609353507565337,0.5768915001339491,0.706173410800579,0.9431187488134598,0.5849542493491928,0.6037735849056605,0.4175824175824176,0.7093184979137692,727
baseline,43,valid,duration__text__r0p30__random__short,duration,text,0.3,random,short,0.1071112308936203,51946,46382,0.29869014386944387,0.7013098561305562,0.0,1.0,0.0,1.0,0.5618131868131868,0.5489016173187462,0.6327870778104925,0.8675809147469725,0.5621209429489599,0.56,0.4313725490196078,0.6553323029366306,728
baseline,43,test,duration__text__r0p30__random__short,duration,text,0.3,random,short,0.10753995489753898,50995,45511,0.2995248238571194,0.7004751761428806,0.0,1.0,0.0,1.0,0.6079779917469051,0.5830000101784271,0.7243659021563449,0.9633002396755322,0.5570761162398967,0.5913978494623656,0.4664879356568365,0.6911142454160789,727
baseline,43,valid,duration__text__r0p30__random__medium,duration,text,0.3,random,medium,0.1071112308936203,51946,46382,0.29869014386944387,0.7013098561305562,0.0,1.0,0.0,1.0,0.5769230769230769,0.5714960559119545,0.6235764231763085,0.8443453386415284,0.5934975521542445,0.6046511627906976,0.4670912951167729,0.6427457098283932,728
baseline,43,test,duration__text__r0p30__random__medium,duration,text,0.3,random,medium,0.10753995489753898,50995,45511,0.2995248238571194,0.7004751761428806,0.0,1.0,0.0,1.0,0.6079779917469051,0.5823412246813771,0.7122374969397504,0.9590876215053296,0.5664577164972555,0.6070460704607046,0.4421052631578947,0.6978723404255319,727
baseline,43,valid,duration__text__r0p30__random__long,duration,text,0.3,random,long,0.1071112308936203,51946,46382,0.29869014386944387,0.7013098561305562,0.0,1.0,0.0,1.0,0.5728021978021978,0.5667659868411635,0.6271934803347564,0.8608052731975436,0.5800011784409083,0.5959885386819485,0.4668094218415418,0.6375000000000001,728
baseline,43,test,duration__text__r0p30__random__long,duration,text,0.3,random,long,0.10753995489753898,50995,45511,0.2995248238571194,0.7004751761428806,0.0,1.0,0.0,1.0,0.6327372764786795,0.6070297630804982,0.6729734353528984,0.9138589108502555,0.6178643949205259,0.6321525885558584,0.4718498659517426,0.7170868347338935,727
baseline,43,valid,position__audio__r0p30__prefix__medium,position,audio,0.3,prefix,medium,0.09879490239864475,51946,46814,0.0,1.0,0.29966133364475067,0.7003386663552493,0.0,1.0,0.6181318681318682,0.6049951440401141,0.5739404547724177,0.7702715356001847,0.6800626269166206,0.6472148541114058,0.46838407494145196,0.6993865030674846,728
baseline,43,test,position__audio__r0p30__prefix__medium,position,audio,0.3,prefix,medium,0.09881360917737034,50995,45956,0.0,1.0,0.2989617324236132,0.7010382675763869,0.0,1.0,0.687757909215956,0.6562548043611702,0.6096086012432672,0.8263798238917079,0.7019932295874645,0.7058823529411765,0.4984984984984985,0.7643835616438356,727
baseline,43,valid,position__audio__r0p30__middle__medium,position,audio,0.3,middle,medium,0.09879490239864475,51946,46814,0.0,1.0,0.29966133364475067,0.7003386663552493,0.0,1.0,0.6195054945054945,0.6055274890162677,0.5739269929421186,0.7706249197484637,0.6799882836342039,0.6436170212765957,0.4728132387706856,0.700152207001522,728
baseline,43,test,position__audio__r0p30__middle__medium,position,audio,0.3,middle,medium,0.09881360917737034,50995,45956,0.0,1.0,0.2989617324236132,0.7010382675763869,0.0,1.0,0.6891334250343879,0.6567765265312948,0.6093149428182836,0.8258256259336524,0.7025049003308612,0.7076923076923076,0.49696969696969695,0.7656675749318801,727
baseline,43,valid,position__audio__r0p30__suffix__medium,position,audio,0.3,suffix,medium,0.09879490239864475,51946,46814,0.0,1.0,0.29966133364475067,0.7003386663552493,0.0,1.0,0.625,0.6111671496115321,0.5722113425835742,0.768275566732554,0.6819068922033523,0.6470588235294117,0.4834123222748815,0.703030303030303,728
baseline,43,test,position__audio__r0p30__suffix__medium,position,audio,0.3,suffix,medium,0.09881360917737034,50995,45956,0.0,1.0,0.2989617324236132,0.7010382675763869,0.0,1.0,0.6946354883081155,0.6598975245690792,0.6103430882665076,0.8273783316011671,0.7014681104147288,0.7076923076923076,0.49693251533742333,0.7750677506775068,727
baseline,43,valid,position__audio__r0p30__random__medium,position,audio,0.3,random,medium,0.09879490239864475,51946,46814,0.0,1.0,0.29966133364475067,0.7003386663552493,0.0,1.0,0.6236263736263736,0.6106389709612917,0.5732853226133386,0.7696272242259502,0.6808299400244323,0.6470588235294117,0.4847058823529412,0.700152207001522,728
baseline,43,test,position__audio__r0p30__random__medium,position,audio,0.3,random,medium,0.09881360917737034,50995,45956,0.0,1.0,0.2989617324236132,0.7010382675763869,0.0,1.0,0.6918844566712518,0.6598048375712424,0.6104368127118975,0.8268613448666564,0.7016703163791062,0.7095115681233933,0.5015105740181268,0.7683923705722071,727
baseline,43,valid,duration__audio__r0p30__random__short,duration,audio,0.3,random,short,0.09879490239864475,51946,46814,0.0,1.0,0.29966133364475067,0.7003386663552493,0.0,1.0,0.6208791208791209,0.6073002115581594,0.5727721120609524,0.7693541328706077,0.6809662306084533,0.6453333333333334,0.47641509433962265,0.700152207001522,728
baseline,43,test,duration__audio__r0p30__random__short,duration,audio,0.3,random,short,0.09881360917737034,50995,45956,0.0,1.0,0.2989617324236132,0.7010382675763869,0.0,1.0,0.6918844566712518,0.6603355539060053,0.6091489890408401,0.8263528014932788,0.7021126035326752,0.7076923076923076,0.5045045045045045,0.7688098495212038,727
baseline,43,valid,duration__audio__r0p30__random__medium,duration,audio,0.3,random,medium,0.09879490239864475,51946,46814,0.0,1.0,0.29966133364475067,0.7003386663552493,0.0,1.0,0.6222527472527473,0.6086489374259574,0.5726693844189867,0.7690392275990732,0.6812391945386083,0.6507936507936508,0.4739336492890995,0.7012195121951219,728
baseline,43,test,duration__audio__r0p30__random__medium,duration,audio,0.3,random,medium,0.09881360917737034,50995,45956,0.0,1.0,0.2989617324236132,0.7010382675763869,0.0,1.0,0.6918844566712518,0.6592949100793306,0.6083006049497399,0.8259519828652098,0.7024417715882444,0.7058823529411765,0.5015105740181268,0.7704918032786886,727
baseline,43,valid,duration__audio__r0p30__random__long,duration,audio,0.3,random,long,0.09879490239864475,51946,46814,0.0,1.0,0.29966133364475067,0.7003386663552493,0.0,1.0,0.6222527472527473,0.6088322163686104,0.5725872298999393,0.7683800889295788,0.6818193786750342,0.6453333333333334,0.47887323943661975,0.7022900763358779,728
baseline,43,test,duration__audio__r0p30__random__long,duration,audio,0.3,random,long,0.09881360917737034,50995,45956,0.0,1.0,0.2989617324236132,0.7010382675763869,0.0,1.0,0.6905089408528198,0.6578398298763041,0.6084655542772115,0.8258504636624638,0.702557726569713,0.7076923076923076,0.4984802431610942,0.7673469387755103,727
baseline,43,valid,position__vision__r0p30__prefix__medium,position,vision,0.3,prefix,medium,0.09334693720401956,51946,47097,0.0,1.0,0.0,1.0,0.29946887351778656,0.7005311264822134,0.6195054945054945,0.6050184580432156,0.5735861857275857,0.7704401653540512,0.6801096861091586,0.6472148541114058,0.46889952153110054,0.6989409984871408,728
baseline,43,test,position__vision__r0p30__prefix__medium,position,vision,0.3,prefix,medium,0.09283263065006374,50995,46261,0.0,1.0,0.0,1.0,0.29903354178510516,0.7009664582148948,0.6891334250343879,0.6561304281669024,0.6087593143995457,0.8264293377239931,0.7019719263405022,0.7025641025641026,0.4984802431610942,0.7673469387755103,727
baseline,43,valid,position__vision__r0p30__middle__medium,position,vision,0.3,middle,medium,0.09334693720401956,51946,47097,0.0,1.0,0.0,1.0,0.29946887351778656,0.7005311264822134,0.6181318681318682,0.6039514448870321,0.5731016715840119,0.7686481156796752,0.6816105304386021,0.6436170212765957,0.46808510638297873,0.700152207001522,728
baseline,43,test,position__vision__r0p30__middle__medium,position,vision,0.3,middle,medium,0.09283263065006374,50995,46261,0.0,1.0,0.0,1.0,0.29903354178510516,0.7009664582148948,0.6905089408528198,0.6583841632669444,0.6100796485739918,0.8267555446329458,0.7019226309808434,0.7058823529411765,0.5015105740181268,0.76775956284153,727
baseline,43,valid,position__vision__r0p30__suffix__medium,position,vision,0.3,suffix,medium,0.09334693720401956,51946,47097,0.0,1.0,0.0,1.0,0.29946887351778656,0.7005311264822134,0.6222527472527473,0.6097030392895629,0.5739687896016371,0.7708761674843299,0.6796969690060677,0.6507936507936508,0.48,0.6983154670750383,728
baseline,43,test,position__vision__r0p30__suffix__medium,position,vision,0.3,suffix,medium,0.09283263065006374,50995,46261,0.0,1.0,0.0,1.0,0.29903354178510516,0.7009664582148948,0.6891334250343879,0.6567765265312948,0.6098228276910919,0.8261274412482279,0.7023301878264864,0.7076923076923076,0.49696969696969695,0.7656675749318801,727
baseline,43,valid,position__vision__r0p30__random__medium,position,vision,0.3,random,medium,0.09334693720401956,51946,47097,0.0,1.0,0.0,1.0,0.29946887351778656,0.7005311264822134,0.6208791208791209,0.6075986903702564,0.5725331007372486,0.7688639511445315,0.6814205573219985,0.6436170212765957,0.47887323943661975,0.7003058103975536,728
baseline,43,test,position__vision__r0p30__random__medium,position,vision,0.3,random,medium,0.09283263065006374,50995,46261,0.0,1.0,0.0,1.0,0.29903354178510516,0.7009664582148948,0.687757909215956,0.6562548043611702,0.6094063234744795,0.8263440486566366,0.7021668211569772,0.7058823529411765,0.4984984984984985,0.7643835616438356,727
baseline,43,valid,duration__vision__r0p30__random__short,duration,vision,0.3,random,short,0.09334693720401956,51946,47097,0.0,1.0,0.0,1.0,0.29946887351778656,0.7005311264822134,0.6195054945054945,0.605537262868879,0.572734783348566,0.7691645457367917,0.681103164968065,0.6472148541114058,0.4703087885985748,0.6990881458966565,728
baseline,43,test,duration__vision__r0p30__random__short,duration,vision,0.3,random,short,0.09283263065006374,50995,46261,0.0,1.0,0.0,1.0,0.29903354178510516,0.7009664582148948,0.686382393397524,0.6554473771108994,0.6098987358164919,0.8269442974185187,0.7017264390132505,0.7076923076923076,0.4970059880239522,0.7616438356164384,727
baseline,43,valid,duration__vision__r0p30__random__medium,duration,vision,0.3,random,medium,0.09334693720401956,51946,47097,0.0,1.0,0.0,1.0,0.29946887351778656,0.7005311264822134,0.6208791208791209,0.6071002368006758,0.5737480689019251,0.7698098545623879,0.6805856218316324,0.6472148541114058,0.4739336492890995,0.700152207001522,728
baseline,43,test,duration__vision__r0p30__random__medium,duration,vision,0.3,random,medium,0.09283263065006374,50995,46261,0.0,1.0,0.0,1.0,0.29903354178510516,0.7009664582148948,0.6905089408528198,0.6575849888914926,0.6080205863446735,0.8257521169154127,0.7026308613722921,0.7058823529411765,0.4984802431610942,0.7683923705722071,727
baseline,43,valid,duration__vision__r0p30__random__long,duration,vision,0.3,random,long,0.09334693720401956,51946,47097,0.0,1.0,0.0,1.0,0.29946887351778656,0.7005311264822134,0.6195054945054945,0.6055115488930882,0.5736871729784,0.7697165050384512,0.6806734717194176,0.6436170212765957,0.4716981132075472,0.7012195121951219,728
baseline,43,test,duration__vision__r0p30__random__long,duration,vision,0.3,random,long,0.09283263065006374,50995,46261,0.0,1.0,0.0,1.0,0.29903354178510516,0.7009664582148948,0.6891334250343879,0.6573187414500685,0.6091445081814755,0.8261258002387817,0.7023622155039566,0.7058823529411765,0.5,0.7660738714090288,727
baseline,43,valid,ablation__complete__r0p00__none__none,ablation,,0.0,none,none,0.0,51946,51946,0.0,1.0,0.0,1.0,0.0,1.0,0.6208791208791209,0.6070838759371134,0.5729767198029619,0.7693473078321841,0.6810032330353506,0.6436170212765957,0.47641509433962265,0.7012195121951219,728
baseline,43,test,ablation__complete__r0p00__none__none,ablation,,0.0,none,none,0.0,50995,50995,0.0,1.0,0.0,1.0,0.0,1.0,0.6905089408528198,0.6583841632669444,0.6094890020575062,0.8261826351491985,0.7022953617111495,0.7058823529411765,0.5015105740181268,0.76775956284153,727
baseline,43,valid,ablation__text__r1p00__random__long,ablation,text,1.0,random,long,0.3586031648250106,51946,33318,1.0,0.0,0.0,1.0,0.0,1.0,0.3791208791208791,0.3688010425275088,0.773522055849873,1.0290638429767787,0.1998651965933648,0.40963855421686746,0.2833787465940054,0.41338582677165353,728
baseline,43,test,ablation__text__r1p00__random__long,ablation,text,1.0,random,long,0.35903519952936563,50995,32686,1.0,0.0,0.0,1.0,0.0,1.0,0.3947730398899587,0.36392629477279836,0.8828163749642127,1.1409753577323787,0.17632352726240139,0.40860215053763443,0.20666666666666664,0.47651006711409394,727
baseline,43,valid,ablation__audio__r1p00__random__long,ablation,audio,1.0,random,long,0.3296885226966465,51946,34820,0.0,1.0,1.0,0.0,0.0,1.0,0.6126373626373627,0.5967730456397976,0.5771140695081328,0.7750768481731332,0.6808528580444746,0.648936170212766,0.44987775061124696,0.6915052160953801,728
baseline,43,test,ablation__audio__r1p00__random__long,ablation,audio,1.0,random,long,0.33052260025492697,50995,34140,0.0,1.0,1.0,0.0,0.0,1.0,0.6918844566712518,0.6573945257900302,0.6110919478709362,0.8296315312059835,0.7026130129920708,0.7080103359173127,0.4953560371517028,0.7688172043010751,727
baseline,43,valid,ablation__vision__r1p00__random__long,ablation,vision,1.0,random,long,0.3117083124783429,51946,35754,0.0,1.0,0.0,1.0,1.0,0.0,0.6153846153846154,0.5995033406036643,0.5815064368019863,0.7825869196134541,0.6703108381574684,0.6455026455026455,0.45631067961165056,0.6966966966966966,728
baseline,43,test,ablation__vision__r1p00__random__long,ablation,vision,1.0,random,long,0.3104422002157074,50995,35164,0.0,1.0,0.0,1.0,1.0,0.0,0.6795048143053645,0.6500238774925449,0.6175951017502394,0.8328870131103918,0.6971253360687572,0.7007672634271099,0.49411764705882355,0.7551867219917012,727
baseline,43,valid,ablation__text+audio__r1p00__random__long,ablation,text+audio,1.0,random,long,0.6882916875216571,51946,16192,1.0,0.0,1.0,0.0,0.0,1.0,0.4024725274725275,0.3948731988043614,0.7821423283517156,1.0350342854341952,0.20315078061459171,0.346793349168646,0.346723044397463,0.4911032028469751,728
baseline,43,test,ablation__text+audio__r1p00__random__long,ablation,text+audio,1.0,random,long,0.6895577997842925,50995,15831,1.0,0.0,1.0,0.0,0.0,1.0,0.39339752407152684,0.3602441547457375,0.8974449814552188,1.1523777843082263,0.14397401947256586,0.3187066974595843,0.23728813559322032,0.5247376311844079,727
baseline,43,valid,ablation__text+vision__r1p00__random__long,ablation,text+vision,1.0,random,long,0.6703114773033535,51946,17126,1.0,0.0,0.0,1.0,1.0,0.0,0.32554945054945056,0.2999023243683802,0.7928789101891568,1.0562432911592836,0.06541688931945654,0.3775811209439528,0.19081272084805653,0.3313131313131313,728
baseline,43,test,ablation__text+vision__r1p00__random__long,ablation,text+vision,1.0,random,long,0.669477399745073,50995,16855,1.0,0.0,0.0,1.0,1.0,0.0,0.35900962861072905,0.3180272745627077,0.9004198595230689,1.1579280931316431,0.10603218396225132,0.4153846153846154,0.14960629921259844,0.3890909090909091,727
baseline,43,valid,ablation__audio+vision__r1p00__random__long,ablation,audio+vision,1.0,random,long,0.6413968351749895,51946,18628,0.0,1.0,1.0,0.0,1.0,0.0,0.6126373626373627,0.5931481974701881,0.5887754303786985,0.791697182196932,0.6692452812401184,0.6453333333333334,0.43718592964824116,0.6969253294289898,728
baseline,43,test,ablation__audio+vision__r1p00__random__long,ablation,audio+vision,1.0,random,long,0.6409648004706344,50995,18309,0.0,1.0,1.0,0.0,1.0,0.0,0.6836313617606602,0.6480802307427694,0.6213476700282962,0.8390956908893596,0.6964677391723278,0.6974358974358974,0.48297213622291024,0.7638326585695007,727
baseline,43,valid,ablation__text+audio+vision__r1p00__random__long,ablation,text+audio+vision,1.0,random,long,1.0,51946,0,1.0,0.0,1.0,0.0,1.0,0.0,0.28296703296703296,0.14703783012134192,0.8808929277276927,1.1238045634930995,-0.01742424870389815,0.44111349036402575,0.0,0.0,728
baseline,43,test,ablation__text+audio+vision__r1p00__random__long,ablation,text+audio+vision,1.0,random,long,1.0,50995,0,1.0,0.0,1.0,0.0,1.0,0.0,0.28473177441540576,0.14775160599571732,0.9958964607574589,1.2241603472626754,0.0,0.443254817987152,0.0,0.0,727
baseline,44,valid,baseline__complete__r0p00__none__none,baseline,,0.0,none,none,0.0,51946,51946,0.0,1.0,0.0,1.0,0.0,1.0,0.6236263736263736,0.6111517157205923,0.5874379320341356,0.7913941292449492,0.680257953815711,0.6780487804878048,0.4668304668304668,0.6885758998435054,728
baseline,44,test,baseline__complete__r0p00__none__none,baseline,,0.0,none,none,0.0,50995,50995,0.0,1.0,0.0,1.0,0.0,1.0,0.6685006877579092,0.6382409744271668,0.6214118726677076,0.8342573638893142,0.7046651689282837,0.7136150234741784,0.45833333333333337,0.7427745664739884,727
baseline,44,valid,rate__text__r0p10__random__medium,rate,text,0.1,random,medium,0.03613367728025257,51946,50069,0.10076229332188104,0.899237706678119,0.0,1.0,0.0,1.0,0.6195054945054945,0.6117798499145554,0.5987588467836319,0.8015580794236485,0.6646438167163302,0.6649999999999999,0.49302325581395356,0.6773162939297124,728
baseline,44,test,rate__text__r0p10__random__medium,rate,text,0.1,random,medium,0.03614079811746249,50995,49152,0.10066087716423616,0.8993391228357638,0.0,1.0,0.0,1.0,0.656121045392022,0.6272688786835425,0.6631056809339267,0.8927575399713501,0.646745167532603,0.6857142857142857,0.4619883040935673,0.7341040462427746,727
baseline,44,valid,rate__text__r0p20__random__medium,rate,text,0.2,random,medium,0.07190159011280946,51946,48211,0.20050461670603392,0.7994953832939661,0.0,1.0,0.0,1.0,0.6002747252747253,0.5960437479757842,0.6372257379487485,0.8799152197539593,0.576016718795216,0.6363636363636362,0.507865168539326,0.6439024390243903,728
baseline,44,test,rate__text__r0p20__random__medium,rate,text,0.2,random,medium,0.07173252279635259,50995,47337,0.19979245179966137,0.8002075482003387,0.0,1.0,0.0,1.0,0.6134800550206327,0.5883118697312147,0.6933248933850489,0.9214315354193927,0.6210668503678224,0.6465116279069767,0.4257703081232493,0.6926536731634183,727
baseline,44,valid,rate__text__r0p30__random__medium,rate,text,0.3,random,medium,0.1071112308936203,51946,46382,0.29869014386944387,0.7013098561305562,0.0,1.0,0.0,1.0,0.5782967032967034,0.5709368707653968,0.6546219822804822,0.873048705968935,0.5799038338546788,0.5924050632911393,0.4766146993318486,0.6437908496732025,728
baseline,44,test,rate__text__r0p30__random__medium,rate,text,0.3,random,medium,0.10753995489753898,50995,45511,0.2995248238571194,0.7004751761428806,0.0,1.0,0.0,1.0,0.6272352132049519,0.6015805649407859,0.703916282202162,0.9402451975934031,0.5922875342553007,0.6208651399491094,0.4712328767123288,0.7126436781609196,727
baseline,44,valid,rate__text__r0p40__random__medium,rate,text,0.4,random,medium,0.14355292034035344,51946,44489,0.40031135924414857,0.5996886407558514,0.0,1.0,0.0,1.0,0.5247252747252747,0.5224654255983397,0.6611472723959525,0.8986702768310127,0.5515256406584621,0.5384615384615384,0.4480651731160897,0.5808695652173913,728
baseline,44,test,rate__text__r0p40__random__medium,rate,text,0.4,random,medium,0.14364153348367487,50995,43670,0.4000764651264406,0.5999235348735594,0.0,1.0,0.0,1.0,0.5873452544704264,0.5685603757944184,0.7351864032457587,0.9869569466469215,0.5384915767930954,0.5909090909090909,0.44,0.6747720364741642,727
baseline,44,valid,rate__audio__r0p10__random__medium,rate,audio,0.1,random,medium,0.03338081854233242,51946,50212,0.0,1.0,0.1012495620693682,0.8987504379306318,0.0,1.0,0.625,0.6129569122015386,0.5879042067700628,0.791408425465249,0.6803290121493889,0.6797066014669927,0.47058823529411764,0.6885758998435054,728
baseline,44,test,rate__audio__r0p10__random__medium,rate,audio,0.1,random,medium,0.033218943033630745,50995,49301,0.0,1.0,0.10050430139424503,0.899495698605755,0.0,1.0,0.6685006877579092,0.6380422069106798,0.6214727017710797,0.8342086482201782,0.7047324656000223,0.711943793911007,0.45833333333333337,0.743849493487699,727
baseline,44,valid,rate__audio__r0p20__random__medium,rate,audio,0.2,random,medium,0.06622261579332384,51946,48506,0.0,1.0,0.20086418311339485,0.7991358168866052,0.0,1.0,0.6277472527472527,0.6150670244038214,0.5878221678642228,0.7916024497059319,0.6801909068079373,0.6797066014669927,0.47174447174447176,0.69375,728
baseline,44,test,rate__audio__r0p20__random__medium,rate,audio,0.2,random,medium,0.0666339837238945,50995,47597,0.0,1.0,0.2016018985464254,0.7983981014535746,0.0,1.0,0.6671251719394773,0.63624545199101,0.6218092689954227,0.8346721860479881,0.7044455966520297,0.711943793911007,0.45508982035928147,0.7417027417027416,727
baseline,44,valid,rate__audio__r0p30__random__medium,rate,audio,0.3,random,medium,0.09879490239864475,51946,46814,0.0,1.0,0.29966133364475067,0.7003386663552493,0.0,1.0,0.6222527472527473,0.6107981591111648,0.5885588200788454,0.7915370327333199,0.6803269763195884,0.6797066014669927,0.46715328467153283,0.6855345911949686,728
baseline,44,test,rate__audio__r0p30__random__medium,rate,audio,0.3,random,medium,0.09881360917737034,50995,45956,0.0,1.0,0.2989617324236132,0.7010382675763869,0.0,1.0,0.6671251719394773,0.63624545199101,0.6215416408813926,0.8338924739761493,0.7050096256478436,0.711943793911007,0.45508982035928147,0.7417027417027416,727
baseline,44,valid,rate__audio__r0p40__random__medium,rate,audio,0.4,random,medium,0.13167520117044623,51946,45106,0.0,1.0,0.3993927361905874,0.6006072638094125,0.0,1.0,0.6291208791208791,0.6186340833379519,0.5886455079512466,0.7918911648460417,0.6798872542288642,0.683046683046683,0.4830917874396135,0.6897637795275591,728
baseline,44,test,rate__audio__r0p40__random__medium,rate,audio,0.4,random,medium,0.1321698205706442,50995,44255,0.0,1.0,0.3998813408484129,0.600118659151587,0.0,1.0,0.6671251719394773,0.6365809916832242,0.6230758000498297,0.8353084685573761,0.7039424222411447,0.7089201877934274,0.456973293768546,0.743849493487699,727
baseline,44,valid,rate__vision__r0p10__random__medium,rate,vision,0.1,random,medium,0.03141724098101875,51946,50314,0.0,1.0,0.0,1.0,0.1007905138339921,0.8992094861660079,0.6236263736263736,0.6116948498230285,0.5871776571909252,0.7911409838058423,0.6803226893516002,0.6780487804878048,0.469437652811736,0.6875981161695447,728
baseline,44,test,rate__vision__r0p10__random__medium,rate,vision,0.1,random,medium,0.031179527404647515,50995,49405,0.0,1.0,0.0,1.0,0.1004358537047565,0.8995641462952435,0.6671251719394773,0.6371811515748783,0.6211389446928277,0.8344503861888491,0.7044319007917498,0.7136150234741784,0.456973293768546,0.7409551374819102,727
baseline,44,valid,rate__vision__r0p20__random__medium,rate,vision,0.2,random,medium,0.06269972663920224,51946,48689,0.0,1.0,0.0,1.0,0.20114871541501977,0.7988512845849802,0.625,0.6132995858260469,0.5871211753820407,0.7911696032833737,0.6801765309887795,0.6780487804878048,0.4731707317073171,0.6886792452830188,728
baseline,44,test,rate__vision__r0p20__random__medium,rate,vision,0.2,random,medium,0.06255515246592804,50995,47805,0.0,1.0,0.0,1.0,0.20150337944539196,0.798496620554608,0.6698762035763411,0.6401241762771046,0.621415030543002,0.8347083226400416,0.7041132851034478,0.7136150234741784,0.4629080118694362,0.743849493487699,727
baseline,44,valid,rate__vision__r0p30__random__medium,rate,vision,0.3,random,medium,0.09334693720401956,51946,47097,0.0,1.0,0.0,1.0,0.29946887351778656,0.7005311264822134,0.6208791208791209,0.6091932114524824,0.5870891452695315,0.7911470690160172,0.6799856709003934,0.6797066014669927,0.46341463414634143,0.684458398744113,728
baseline,44,test,rate__vision__r0p30__random__medium,rate,vision,0.3,random,medium,0.09283263065006374,50995,46261,0.0,1.0,0.0,1.0,0.29903354178510516,0.7009664582148948,0.6685006877579092,0.6390608235066287,0.6211564830085455,0.8339374799578059,0.704713706372132,0.7136150234741784,0.4615384615384616,0.7420289855072463,727
baseline,44,valid,rate__vision__r0p40__random__medium,rate,vision,0.4,random,medium,0.12447541677896277,51946,45480,0.0,1.0,0.0,1.0,0.39933300395256915,0.6006669960474308,0.6222527472527473,0.6111550512154534,0.5871462607295713,0.7908124166960211,0.6802313347296701,0.6780487804878048,0.470873786407767,0.6845425867507886,728
baseline,44,test,rate__vision__r0p40__random__medium,rate,vision,0.4,random,medium,0.12409059711736445,50995,44667,0.0,1.0,0.0,1.0,0.39972206430421325,0.6002779356957868,0.6685006877579092,0.6390608235066287,0.6219058852704265,0.8351725528728816,0.7037373042381313,0.7136150234741784,0.4615384615384616,0.7420289855072463,727
baseline,44,valid,rate__text+audio__r0p10__random__medium,rate,text+audio,0.1,random,medium,0.069514495822585,51946,48335,0.10076229332188104,0.899237706678119,0.1012495620693682,0.8987504379306318,0.0,1.0,0.5865384615384616,0.5757185601556455,0.605549060404403,0.810934716988655,0.653968460235445,0.630272952853598,0.43764705882352944,0.6592356687898089,728
baseline,44,test,rate__text+audio__r0p10__random__medium,rate,text+audio,0.1,random,medium,0.06935974115109324,50995,47458,0.10066087716423616,0.8993391228357638,0.10050430139424503,0.899495698605755,0.0,1.0,0.6492434662998624,0.6236644337695689,0.6569234538948909,0.8757873976349968,0.6651804804862718,0.6904761904761905,0.453781512605042,0.7267355982274742,727
baseline,44,valid,rate__text+audio__r0p20__random__medium,rate,text+audio,0.2,random,medium,0.13812420590613328,51946,44771,0.20050461670603392,0.7994953832939661,0.20086418311339485,0.7991358168866052,0.0,1.0,0.5865384615384616,0.5786946929351345,0.6156545118172909,0.8265589524733342,0.6358876360123603,0.626865671641791,0.4566210045662101,0.6525974025974026,728
baseline,44,test,rate__text+audio__r0p20__random__medium,rate,text+audio,0.2,random,medium,0.1383665065202471,50995,43939,0.19979245179966137,0.8002075482003387,0.2016018985464254,0.7983981014535746,0.0,1.0,0.6258596973865199,0.6002749968085515,0.6797604395712032,0.9059217880421047,0.6338648821349884,0.6459330143540669,0.446927374301676,0.7079646017699115,727
baseline,44,valid,rate__text+audio__r0p30__random__medium,rate,text+audio,0.3,random,medium,0.20590613329226504,51946,41250,0.29869014386944387,0.7013098561305562,0.29966133364475067,0.7003386663552493,0.0,1.0,0.5741758241758241,0.5688965111259409,0.6554532545800372,0.8855956483147953,0.5681862685112766,0.5861182519280206,0.48812095032397407,0.6324503311258278,728
baseline,44,test,rate__text+audio__r0p30__random__medium,rate,text+audio,0.3,random,medium,0.20635356407490932,50995,40472,0.2995248238571194,0.7004751761428806,0.2989617324236132,0.7010382675763869,0.0,1.0,0.6299862448418156,0.6090339340767869,0.706488112407894,0.943818775256676,0.591406902755541,0.6552567237163814,0.4664879356568365,0.7053571428571428,727
baseline,44,valid,rate__text+audio__r0p40__random__medium,rate,text+audio,0.4,random,medium,0.2752281215107997,51946,37649,0.40031135924414857,0.5996886407558514,0.3993927361905874,0.6006072638094125,0.0,1.0,0.5508241758241759,0.5462230129991138,0.6619946958387147,0.9059064586496992,0.5314155204171204,0.5425531914893618,0.48178137651821856,0.6143344709897611,728
baseline,44,test,rate__text+audio__r0p40__random__medium,rate,text+audio,0.4,random,medium,0.27581135405431906,50995,36930,0.4000764651264406,0.5999235348735594,0.3998813408484129,0.600118659151587,0.0,1.0,0.5818431911966988,0.5669406654167398,0.7536359015209126,1.0022174122434175,0.5170564336459773,0.5854922279792746,0.46078431372549017,0.6545454545454545,727
baseline,44,valid,rate__text+vision__r0p10__random__medium,rate,text+vision,0.1,random,medium,0.06755091826127133,51946,48437,0.10076229332188104,0.899237706678119,0.0,1.0,0.1007905138339921,0.8992094861660079,0.6043956043956044,0.5942242186326375,0.6126384233280627,0.8494095705594739,0.6090025289434946,0.6502463054187193,0.4720194647201946,0.6604068857589984,728
baseline,44,test,rate__text+vision__r0p10__random__medium,rate,text+vision,0.1,random,medium,0.06732032552211001,50995,47562,0.10066087716423616,0.8993391228357638,0.0,1.0,0.1004358537047565,0.8995641462952435,0.6451169188445667,0.6160849090749272,0.650021254469319,0.8728128491887368,0.6658409681349133,0.6971153846153846,0.4327485380116959,0.7183908045977012,727
baseline,44,valid,rate__text+vision__r0p20__random__medium,rate,text+vision,0.2,random,medium,0.1346013167520117,51946,44954,0.20050461670603392,0.7994953832939661,0.0,1.0,0.20114871541501977,0.7988512845849802,0.603021978021978,0.595485093084461,0.6096867523232864,0.8240763167635081,0.6379876371510408,0.6365914786967418,0.4896073903002309,0.6602564102564104,728
baseline,44,test,rate__text+vision__r0p20__random__medium,rate,text+vision,0.2,random,medium,0.1342876752622806,50995,44147,0.19979245179966137,0.8002075482003387,0.0,1.0,0.20150337944539196,0.798496620554608,0.6189821182943603,0.5964880324571262,0.6848476897935387,0.9003523582161842,0.6392156203259041,0.6435643564356435,0.4498644986449864,0.6960352422907489,727
baseline,44,valid,rate__text+vision__r0p30__random__medium,rate,text+vision,0.3,random,medium,0.20045816809763986,51946,41533,0.29869014386944387,0.7013098561305562,0.0,1.0,0.29946887351778656,0.7005311264822134,0.5741758241758241,0.5679239475058284,0.6361995037404595,0.8615762346072916,0.5925601671154034,0.59846547314578,0.4649122807017544,0.6403940886699507,728
baseline,44,test,rate__text+vision__r0p30__random__medium,rate,text+vision,0.3,random,medium,0.2003725855476027,50995,40777,0.2995248238571194,0.7004751761428806,0.0,1.0,0.29903354178510516,0.7009664582148948,0.6354883081155434,0.6172339017265919,0.6877037883073891,0.9280522316598284,0.6121011168593238,0.6584158415841583,0.4856396866840731,0.7076461769115442,727
baseline,44,valid,rate__text+vision__r0p40__random__medium,rate,text+vision,0.4,random,medium,0.26802833711931623,51946,38023,0.40031135924414857,0.5996886407558514,0.0,1.0,0.39933300395256915,0.6006669960474308,0.5631868131868132,0.5608677316216926,0.6460132910729294,0.8861299934206095,0.5600237210171366,0.5768194070080863,0.4898785425101215,0.6159052453468697,728
baseline,44,test,rate__text+vision__r0p40__random__medium,rate,text+vision,0.4,random,medium,0.26773213060103934,50995,37342,0.4000764651264406,0.5999235348735594,0.0,1.0,0.39972206430421325,0.6002779356957868,0.5722145804676754,0.5590688123376079,0.7279620315415843,0.9616886402583015,0.5690673369560281,0.597938144329897,0.4390243902439025,0.6402439024390244,727
baseline,44,valid,rate__audio+vision__r0p10__random__medium,rate,audio+vision,0.1,random,medium,0.06479805952335117,51946,48580,0.0,1.0,0.1012495620693682,0.8987504379306318,0.1007905138339921,0.8992094861660079,0.6222527472527473,0.6100851437243857,0.5876789552141697,0.7917759740186378,0.679735133337302,0.6780487804878048,0.46568627450980393,0.6865203761755485,728
baseline,44,test,rate__audio+vision__r0p10__random__medium,rate,audio+vision,0.1,random,medium,0.06439847043827826,50995,47711,0.0,1.0,0.10050430139424503,0.899495698605755,0.1004358537047565,0.8995641462952435,0.6685006877579092,0.6382409744271668,0.6218504317635171,0.8343273588709654,0.7046214889520596,0.7136150234741784,0.45833333333333337,0.7427745664739884,727
baseline,44,valid,rate__audio+vision__r0p20__random__medium,rate,audio+vision,0.2,random,medium,0.1289223424325261,51946,45249,0.0,1.0,0.20086418311339485,0.7991358168866052,0.20114871541501977,0.7988512845849802,0.6236263736263736,0.611322925273434,0.5882380450141852,0.7918925442831762,0.6799773210227495,0.6797066014669927,0.46568627450980393,0.6885758998435054,728
baseline,44,test,rate__audio+vision__r0p20__random__medium,rate,audio+vision,0.2,random,medium,0.12918913618982253,50995,44407,0.0,1.0,0.2016018985464254,0.7983981014535746,0.20150337944539196,0.798496620554608,0.6685006877579092,0.6380422069106798,0.6214542625705101,0.8346265065538867,0.7042923322334468,0.711943793911007,0.45833333333333337,0.743849493487699,727
baseline,44,valid,rate__audio+vision__r0p30__random__medium,rate,audio+vision,0.3,random,medium,0.19214183960266432,51946,41965,0.0,1.0,0.29966133364475067,0.7003386663552493,0.29946887351778656,0.7005311264822134,0.625,0.6138773840568595,0.5875180702973771,0.791217420396374,0.6802718081873596,0.6829268292682927,0.4731707317073171,0.6855345911949686,728
baseline,44,test,rate__audio+vision__r0p30__random__medium,rate,audio+vision,0.3,random,medium,0.19164623982743406,50995,41222,0.0,1.0,0.2989617324236132,0.7010382675763869,0.29903354178510516,0.7009664582148948,0.6685006877579092,0.6372074529530111,0.6204880719320359,0.8348350445595193,0.7041196781276295,0.711943793911007,0.45508982035928147,0.7445887445887446,727
baseline,44,valid,rate__audio+vision__r0p40__random__medium,rate,audio+vision,0.4,random,medium,0.256150617949409,51946,38640,0.0,1.0,0.3993927361905874,0.6006072638094125,0.39933300395256915,0.6006669960474308,0.614010989010989,0.6031807467313709,0.5882525534975435,0.7920280912392879,0.6788101958311646,0.683046683046683,0.45145631067961167,0.6750392464678179,728
baseline,44,test,rate__audio+vision__r0p40__random__medium,rate,audio+vision,0.4,random,medium,0.2562604176880086,50995,37927,0.0,1.0,0.3998813408484129,0.600118659151587,0.39972206430421325,0.6002779356957868,0.672627235213205,0.6430672009793309,0.6217699309662394,0.8334874256364097,0.7054016011531357,0.7136150234741784,0.46884272997032644,0.7467438494934877,727
baseline,44,valid,rate__text+audio+vision__r0p10__random__medium,rate,text+audio+vision,0.1,random,medium,0.10093173680360375,51946,46703,0.10076229332188104,0.899237706678119,0.1012495620693682,0.8987504379306318,0.1007905138339921,0.8992094861660079,0.603021978021978,0.591880119838422,0.6045918723742304,0.8140633324365837,0.646915441854311,0.6393861892583119,0.4633569739952719,0.6728971962616823,728
baseline,44,test,rate__text+audio+vision__r0p10__random__medium,rate,text+audio+vision,0.1,random,medium,0.10053926855574076,50995,45868,0.10066087716423616,0.8993391228357638,0.10050430139424503,0.899495698605755,0.1004358537047565,0.8995641462952435,0.6492434662998624,0.620903724064014,0.6482720525340886,0.8718498586947597,0.6686334128887661,0.6730769230769231,0.4647058823529412,0.7249283667621775,727
baseline,44,valid,rate__text+audio+vision__r0p20__random__medium,rate,text+audio+vision,0.2,random,medium,0.20082393254533554,51946,41514,0.20050461670603392,0.7994953832939661,0.20086418311339485,0.7991358168866052,0.20114871541501977,0.7988512845849802,0.5906593406593407,0.5807277050355756,0.6157878391779857,0.827879301980359,0.6296025027530526,0.6118251928020564,0.4689655172413793,0.6613924050632911,728
baseline,44,test,rate__text+audio+vision__r0p20__random__medium,rate,text+audio+vision,0.2,random,medium,0.20092165898617512,50995,40749,0.19979245179966137,0.8002075482003387,0.2016018985464254,0.7983981014535746,0.20150337944539196,0.798496620554608,0.6354883081155434,0.6090471125171651,0.6900769408697459,0.9253317321315484,0.6109305092417369,0.6305418719211823,0.4748603351955307,0.7217391304347825,727
baseline,44,valid,rate__text+audio+vision__r0p30__random__medium,rate,text+audio+vision,0.3,random,medium,0.2992530704962846,51946,36401,0.29869014386944387,0.7013098561305562,0.29966133364475067,0.7003386663552493,0.29946887351778656,0.7005311264822134,0.5769230769230769,0.5715858586456494,0.6443200027723643,0.8714059473201097,0.5805770752184706,0.5916230366492147,0.4870689655172413,0.6360655737704918,728
baseline,44,test,rate__text+audio+vision__r0p30__random__medium,rate,text+audio+vision,0.3,random,medium,0.29918619472497304,50995,35738,0.2995248238571194,0.7004751761428806,0.2989617324236132,0.7010382675763869,0.29903354178510516,0.7009664582148948,0.609353507565337,0.5892115280660172,0.7173919224986061,0.9650726603251043,0.5672319929200561,0.6065162907268171,0.4642857142857143,0.6968325791855203,727
baseline,44,valid,rate__text+audio+vision__r0p40__random__medium,rate,text+audio+vision,0.4,random,medium,0.39970353828976246,51946,31183,0.40031135924414857,0.5996886407558514,0.3993927361905874,0.6006072638094125,0.39933300395256915,0.6006669960474308,0.5467032967032966,0.5428133376164318,0.6621197291475894,0.902486017766501,0.5347522038691686,0.5595567867036011,0.4552845528455285,0.6135986733001659,728
baseline,44,test,rate__text+audio+vision__r0p40__random__medium,rate,text+audio+vision,0.4,random,medium,0.3999019511716835,50995,30602,0.4000764651264406,0.5999235348735594,0.3998813408484129,0.600118659151587,0.39972206430421325,0.6002779356957868,0.594222833562586,0.5809204331450094,0.7175109980991712,0.9503889393206516,0.5826484274871655,0.6354166666666665,0.4406779661016949,0.6666666666666666,727
baseline,44,valid,position__text__r0p30__prefix__medium,position,text,0.3,prefix,medium,0.1071112308936203,51946,46382,0.29869014386944387,0.7013098561305562,0.0,1.0,0.0,1.0,0.6071428571428571,0.5925074128998364,0.6109418488992889,0.8335495945833031,0.6144355074828952,0.628175519630485,0.47208121827411165,0.6772655007949127,728
baseline,44,test,position__text__r0p30__prefix__medium,position,text,0.3,prefix,medium,0.10753995489753898,50995,45511,0.2995248238571194,0.7004751761428806,0.0,1.0,0.0,1.0,0.6341127922971114,0.5999521759344362,0.6592618628601035,0.8817208205762681,0.6555161853259837,0.6491228070175439,0.42990654205607476,0.7208271787296898,727
baseline,44,valid,position__text__r0p30__middle__medium,position,text,0.3,middle,medium,0.1071112308936203,51946,46382,0.29869014386944387,0.7013098561305562,0.0,1.0,0.0,1.0,0.5796703296703297,0.5757696170954888,0.6451160206183136,0.8611906317614247,0.6024920247310807,0.6153846153846154,0.47826086956521735,0.6336633663366336,728
baseline,44,test,position__text__r0p30__middle__medium,position,text,0.3,middle,medium,0.10753995489753898,50995,45511,0.2995248238571194,0.7004751761428806,0.0,1.0,0.0,1.0,0.6382393397524071,0.617964573944031,0.6816286631197537,0.9201128975273155,0.619609862876275,0.6502463054187192,0.48936170212765956,0.7142857142857143,727
baseline,44,valid,position__text__r0p30__suffix__medium,position,text,0.3,suffix,medium,0.1071112308936203,51946,46382,0.29869014386944387,0.7013098561305562,0.0,1.0,0.0,1.0,0.5467032967032966,0.541697665540557,0.6742739541453545,0.9044134274080016,0.517141544543507,0.5358090185676393,0.48760330578512395,0.6016806722689075,728
baseline,44,test,position__text__r0p30__suffix__medium,position,text,0.3,suffix,medium,0.10753995489753898,50995,45511,0.2995248238571194,0.7004751761428806,0.0,1.0,0.0,1.0,0.5447042640990372,0.5285084714108715,0.7677589111001919,1.0037425677140197,0.509000134005464,0.5639686684073106,0.38755980861244016,0.6339969372128638,727
baseline,44,valid,position__text__r0p30__random__medium,position,text,0.3,random,medium,0.1071112308936203,51946,46382,0.29869014386944387,0.7013098561305562,0.0,1.0,0.0,1.0,0.5535714285714286,0.5490821373790197,0.6486913312487509,0.8966450217442261,0.5492708734394401,0.5969387755102041,0.4444444444444444,0.6058631921824105,728
baseline,44,test,position__text__r0p30__random__medium,position,text,0.3,random,medium,0.10753995489753898,50995,45511,0.2995248238571194,0.7004751761428806,0.0,1.0,0.0,1.0,0.5914718019257221,0.5752949884607551,0.7104230404394631,0.9396863582624694,0.5976765526331025,0.6342710997442456,0.4239401496259351,0.6676737160120847,727
baseline,44,valid,duration__text__r0p30__random__short,duration,text,0.3,random,short,0.1071112308936203,51946,46382,0.29869014386944387,0.7013098561305562,0.0,1.0,0.0,1.0,0.5535714285714286,0.5455938393054146,0.6268421885107163,0.8496015444618213,0.5942891032482301,0.544959128065395,0.4631578947368421,0.6286644951140065,728
baseline,44,test,duration__text__r0p30__random__short,duration,text,0.3,random,short,0.10753995489753898,50995,45511,0.2995248238571194,0.7004751761428806,0.0,1.0,0.0,1.0,0.6024759284731774,0.5835069716318793,0.7012454498882061,0.923302806138241,0.6129975547112815,0.640198511166253,0.4356955380577428,0.6746268656716418,727
baseline,44,valid,duration__text__r0p30__random__medium,duration,text,0.3,random,medium,0.1071112308936203,51946,46382,0.29869014386944387,0.7013098561305562,0.0,1.0,0.0,1.0,0.5728021978021978,0.5654550007072223,0.6507190411391023,0.884682682193239,0.5747648929898141,0.5985037406483791,0.4553571428571429,0.642504118616145,728
baseline,44,test,duration__text__r0p30__random__medium,duration,text,0.3,random,medium,0.10753995489753898,50995,45511,0.2995248238571194,0.7004751761428806,0.0,1.0,0.0,1.0,0.6258596973865199,0.6039946216843907,0.6870026279053814,0.9089558803687219,0.6307133356796348,0.6534653465346535,0.45333333333333337,0.7051851851851851,727
baseline,44,valid,duration__text__r0p30__random__long,duration,text,0.3,random,long,0.1071112308936203,51946,46382,0.29869014386944387,0.7013098561305562,0.0,1.0,0.0,1.0,0.5741758241758241,0.5682485479951508,0.6279386593000759,0.848777191875265,0.6144196508250004,0.5882352941176471,0.4721030042918455,0.64440734557596,728
baseline,44,test,duration__text__r0p30__random__long,duration,text,0.3,random,long,0.10753995489753898,50995,45511,0.2995248238571194,0.7004751761428806,0.0,1.0,0.0,1.0,0.6299862448418156,0.6031101332355457,0.7069471086666214,0.938705080518312,0.5995510555370123,0.6188118811881188,0.45866666666666667,0.7318518518518518,727
baseline,44,valid,position__audio__r0p30__prefix__medium,position,audio,0.3,prefix,medium,0.09879490239864475,51946,46814,0.0,1.0,0.29966133364475067,0.7003386663552493,0.0,1.0,0.6304945054945055,0.6200999301807114,0.5887081042868546,0.7934583869512459,0.6790956257045376,0.6862745098039216,0.48426150121065376,0.6897637795275591,728
baseline,44,test,position__audio__r0p30__prefix__medium,position,audio,0.3,prefix,medium,0.09881360917737034,50995,45956,0.0,1.0,0.2989617324236132,0.7010382675763869,0.0,1.0,0.6685006877579092,0.6370116446918167,0.6208310243615975,0.8342194646238791,0.7048798286698497,0.7102803738317759,0.45508982035928147,0.7456647398843931,727
baseline,44,valid,position__audio__r0p30__middle__medium,position,audio,0.3,middle,medium,0.09879490239864475,51946,46814,0.0,1.0,0.29966133364475067,0.7003386663552493,0.0,1.0,0.6222527472527473,0.6102582183013849,0.5874290763577037,0.791111451673742,0.6804112339607904,0.6797066014669927,0.46454767726161367,0.6865203761755485,728
baseline,44,test,position__audio__r0p30__middle__medium,position,audio,0.3,middle,medium,0.09881360917737034,50995,45956,0.0,1.0,0.2989617324236132,0.7010382675763869,0.0,1.0,0.671251719394773,0.6415959020297934,0.6220196502864812,0.8350616394249912,0.7041340647453714,0.7105882352941175,0.46745562130177515,0.7467438494934877,727
baseline,44,valid,position__audio__r0p30__suffix__medium,position,audio,0.3,suffix,medium,0.09879490239864475,51946,46814,0.0,1.0,0.29966133364475067,0.7003386663552493,0.0,1.0,0.6222527472527473,0.6102358083377482,0.5867739145907542,0.7893603869100044,0.6812678061245685,0.6748166259168704,0.4682926829268293,0.6875981161695447,728
baseline,44,test,position__audio__r0p30__suffix__medium,position,audio,0.3,suffix,medium,0.09881360917737034,50995,45956,0.0,1.0,0.2989617324236132,0.7010382675763869,0.0,1.0,0.6698762035763411,0.6401241762771046,0.6223517867122896,0.8343585970639799,0.7042011521226261,0.7136150234741784,0.4629080118694362,0.743849493487699,727
baseline,44,valid,position__audio__r0p30__random__medium,position,audio,0.3,random,medium,0.09879490239864475,51946,46814,0.0,1.0,0.29966133364475067,0.7003386663552493,0.0,1.0,0.6222527472527473,0.6107981591111648,0.5884031362621789,0.792026401817546,0.6798212020543025,0.6797066014669927,0.46715328467153283,0.6855345911949686,728
baseline,44,test,position__audio__r0p30__random__medium,position,audio,0.3,random,medium,0.09881360917737034,50995,45956,0.0,1.0,0.2989617324236132,0.7010382675763869,0.0,1.0,0.6671251719394773,0.6361499012228592,0.6215620245976679,0.8341546875119572,0.7048092106549572,0.711943793911007,0.4537313432835821,0.7427745664739884,727
baseline,44,valid,duration__audio__r0p30__random__short,duration,audio,0.3,random,short,0.09879490239864475,51946,46814,0.0,1.0,0.29966133364475067,0.7003386663552493,0.0,1.0,0.6236263736263736,0.6120791502731189,0.5868003705751846,0.7910288143683502,0.6808431766608788,0.6812652068126521,0.469437652811736,0.6855345911949686,728
baseline,44,test,duration__audio__r0p30__random__short,duration,audio,0.3,random,short,0.09881360917737034,50995,45956,0.0,1.0,0.2989617324236132,0.7010382675763869,0.0,1.0,0.6685006877579092,0.6382409744271668,0.6217946179398173,0.8350642126608678,0.7042952062236104,0.7136150234741784,0.45833333333333337,0.7427745664739884,727
baseline,44,valid,duration__audio__r0p30__random__medium,duration,audio,0.3,random,medium,0.09879490239864475,51946,46814,0.0,1.0,0.29966133364475067,0.7003386663552493,0.0,1.0,0.6236263736263736,0.6126168041613052,0.5883752231263545,0.7928201853903275,0.6790132101434201,0.6813725490196079,0.4720194647201946,0.684458398744113,728
baseline,44,test,duration__audio__r0p30__random__medium,duration,audio,0.3,random,medium,0.09881360917737034,50995,45956,0.0,1.0,0.2989617324236132,0.7010382675763869,0.0,1.0,0.6685006877579092,0.6380422069106798,0.6212619415457467,0.8348345692154445,0.7042478224006625,0.711943793911007,0.45833333333333337,0.743849493487699,727
baseline,44,valid,duration__audio__r0p30__random__long,duration,audio,0.3,random,long,0.09879490239864475,51946,46814,0.0,1.0,0.29966133364475067,0.7003386663552493,0.0,1.0,0.6291208791208791,0.617650082180335,0.5867636931310459,0.7914652417014231,0.6800292811970232,0.6878048780487804,0.4754901960784314,0.6896551724137931,728
baseline,44,test,duration__audio__r0p30__random__long,duration,audio,0.3,random,long,0.09881360917737034,50995,45956,0.0,1.0,0.2989617324236132,0.7010382675763869,0.0,1.0,0.6740027510316369,0.6438370538541643,0.6209795634957873,0.8339482884752716,0.704959340074905,0.711943793911007,0.46884272997032644,0.7507246376811595,727
baseline,44,valid,position__vision__r0p30__prefix__medium,position,vision,0.3,prefix,medium,0.09334693720401956,51946,47097,0.0,1.0,0.0,1.0,0.29946887351778656,0.7005311264822134,0.6222527472527473,0.610819227712645,0.5880307314334089,0.7915117800644588,0.6797689349060431,0.6797066014669927,0.4682926829268293,0.684458398744113,728
baseline,44,test,position__vision__r0p30__prefix__medium,position,vision,0.3,prefix,medium,0.09283263065006374,50995,46261,0.0,1.0,0.0,1.0,0.29903354178510516,0.7009664582148948,0.6698762035763411,0.6401241762771046,0.6223049060283985,0.8351086084436544,0.7042126886236374,0.7136150234741784,0.4629080118694362,0.743849493487699,727
baseline,44,valid,position__vision__r0p30__middle__medium,position,vision,0.3,middle,medium,0.09334693720401956,51946,47097,0.0,1.0,0.0,1.0,0.29946887351778656,0.7005311264822134,0.6222527472527473,0.6106253515365342,0.5866996740646006,0.7908143656428229,0.680207650530522,0.6780487804878048,0.4682926829268293,0.6855345911949686,728
baseline,44,test,position__vision__r0p30__middle__medium,position,vision,0.3,middle,medium,0.09283263065006374,50995,46261,0.0,1.0,0.0,1.0,0.29903354178510516,0.7009664582148948,0.671251719394773,0.6411884925480953,0.6208212837587115,0.8340839948199972,0.7045738076912017,0.7136150234741784,0.4642857142857143,0.7456647398843931,727
baseline,44,valid,position__vision__r0p30__suffix__medium,position,vision,0.3,suffix,medium,0.09334693720401956,51946,47097,0.0,1.0,0.0,1.0,0.29946887351778656,0.7005311264822134,0.6263736263736264,0.6136753364272627,0.5886364913197583,0.7925220819403412,0.6797942663806548,0.6812652068126521,0.46913580246913583,0.690625,728
baseline,44,test,position__vision__r0p30__suffix__medium,position,vision,0.3,suffix,medium,0.09283263065006374,50995,46261,0.0,1.0,0.0,1.0,0.29903354178510516,0.7009664582148948,0.6657496561210454,0.6364090000700754,0.6220556796660347,0.8343721553551554,0.7046045955524406,0.7149532710280374,0.456973293768546,0.7373004354136429,727
baseline,44,valid,position__vision__r0p30__random__medium,position,vision,0.3,random,medium,0.09334693720401956,51946,47097,0.0,1.0,0.0,1.0,0.29946887351778656,0.7005311264822134,0.6291208791208791,0.6165143126324851,0.5867966514024474,0.7911558066822814,0.680063153315657,0.6780487804878048,0.47665847665847666,0.6948356807511737,728
baseline,44,test,position__vision__r0p30__random__medium,position,vision,0.3,random,medium,0.09283263065006374,50995,46261,0.0,1.0,0.0,1.0,0.29903354178510516,0.7009664582148948,0.6671251719394773,0.6378951494942835,0.6209988006258683,0.8335415715094507,0.7049807829975183,0.711943793911007,0.4615384615384616,0.7402031930333818,727
baseline,44,valid,duration__vision__r0p30__random__short,duration,vision,0.3,random,short,0.09334693720401956,51946,47097,0.0,1.0,0.0,1.0,0.29946887351778656,0.7005311264822134,0.6236263736263736,0.6111517157205923,0.5871607737428929,0.7914599112745704,0.6798064579226083,0.6780487804878048,0.4668304668304668,0.6885758998435054,728
baseline,44,test,duration__vision__r0p30__random__short,duration,vision,0.3,random,short,0.09283263065006374,50995,46261,0.0,1.0,0.0,1.0,0.29903354178510516,0.7009664582148948,0.6698762035763411,0.6401241762771046,0.6206306738502242,0.8340428976753926,0.7046721977760131,0.7136150234741784,0.4629080118694362,0.743849493487699,727
baseline,44,valid,duration__vision__r0p30__random__medium,duration,vision,0.3,random,medium,0.09334693720401956,51946,47097,0.0,1.0,0.0,1.0,0.29946887351778656,0.7005311264822134,0.6236263736263736,0.6115386832728892,0.5868220443294926,0.7906589299379003,0.6806719269478925,0.6812652068126521,0.4668304668304668,0.6865203761755485,728
baseline,44,test,duration__vision__r0p30__random__medium,duration,vision,0.3,random,medium,0.09283263065006374,50995,46261,0.0,1.0,0.0,1.0,0.29903354178510516,0.7009664582148948,0.6685006877579092,0.6382409744271668,0.6210355066516253,0.8341661739975319,0.7045370667073281,0.7136150234741784,0.45833333333333337,0.7427745664739884,727
baseline,44,valid,duration__vision__r0p30__random__long,duration,vision,0.3,random,long,0.09334693720401956,51946,47097,0.0,1.0,0.0,1.0,0.29946887351778656,0.7005311264822134,0.6236263736263736,0.6111517157205923,0.5866020936634043,0.7910790954368743,0.6802200659142653,0.6780487804878048,0.4668304668304668,0.6885758998435054,728
baseline,44,test,duration__vision__r0p30__random__long,duration,vision,0.3,random,long,0.09283263065006374,50995,46261,0.0,1.0,0.0,1.0,0.29903354178510516,0.7009664582148948,0.6685006877579092,0.6390608235066287,0.6203997704370826,0.8337127818185602,0.7050141084203534,0.7136150234741784,0.4615384615384616,0.7420289855072463,727
baseline,44,valid,ablation__complete__r0p00__none__none,ablation,,0.0,none,none,0.0,51946,51946,0.0,1.0,0.0,1.0,0.0,1.0,0.6236263736263736,0.6111517157205923,0.5874379320341356,0.7913941292449492,0.680257953815711,0.6780487804878048,0.4668304668304668,0.6885758998435054,728
baseline,44,test,ablation__complete__r0p00__none__none,ablation,,0.0,none,none,0.0,50995,50995,0.0,1.0,0.0,1.0,0.0,1.0,0.6685006877579092,0.6382409744271668,0.6214118726677076,0.8342573638893142,0.7046651689282837,0.7136150234741784,0.45833333333333337,0.7427745664739884,727
baseline,44,valid,ablation__text__r1p00__random__long,ablation,text,1.0,random,long,0.3586031648250106,51946,33318,1.0,0.0,0.0,1.0,0.0,1.0,0.3791208791208791,0.36602406912522856,0.7699021594509339,1.032562891162927,0.17439500222306592,0.40789473684210525,0.283987915407855,0.4061895551257253,728
baseline,44,test,ablation__text__r1p00__random__long,ablation,text,1.0,random,long,0.35903519952936563,50995,32686,1.0,0.0,0.0,1.0,0.0,1.0,0.39339752407152684,0.36541594660423327,0.8745530714771546,1.1395482019913,0.1811630004353337,0.38979963570127507,0.22149837133550487,0.48494983277591974,727
baseline,44,valid,ablation__audio__r1p00__random__long,ablation,audio,1.0,random,long,0.3296885226966465,51946,34820,0.0,1.0,1.0,0.0,0.0,1.0,0.6387362637362637,0.6241878598265993,0.5845148404714764,0.7901667034261562,0.6789736215291161,0.6896551724137931,0.4773869346733668,0.7055214723926381,728
baseline,44,test,ablation__audio__r1p00__random__long,ablation,audio,1.0,random,long,0.33052260025492697,50995,34140,0.0,1.0,1.0,0.0,0.0,1.0,0.6740027510316369,0.6439351230048492,0.6197023444502849,0.8345389287310356,0.7036946219831303,0.7109004739336493,0.47305389221556887,0.7478510028653296,727
baseline,44,valid,ablation__vision__r1p00__random__long,ablation,vision,1.0,random,long,0.3117083124783429,51946,35754,0.0,1.0,0.0,1.0,1.0,0.0,0.6291208791208791,0.6169539343875331,0.6001758480106818,0.8038628625946777,0.6724215363736091,0.6862745098039216,0.4740740740740741,0.6905132192846035,728
baseline,44,test,ablation__vision__r1p00__random__long,ablation,vision,1.0,random,long,0.3104422002157074,50995,35164,0.0,1.0,0.0,1.0,1.0,0.0,0.6685006877579092,0.6405589287986032,0.6360590283757658,0.8501453101349071,0.6952779861262502,0.711943793911007,0.469208211143695,0.7405247813411078,727
baseline,44,valid,ablation__text+audio__r1p00__random__long,ablation,text+audio,1.0,random,long,0.6882916875216571,51946,16192,1.0,0.0,1.0,0.0,0.0,1.0,0.3956043956043956,0.38754758993432753,0.7591501300294812,1.030204461909089,0.15700001254656315,0.35,0.331096196868009,0.4815465729349737,728
baseline,44,test,ablation__text+audio__r1p00__random__long,ablation,text+audio,1.0,random,long,0.6895577997842925,50995,15831,1.0,0.0,1.0,0.0,0.0,1.0,0.40440165061898214,0.37064380084952714,0.8587718284567191,1.135810164618763,0.19871867819083758,0.28712871287128716,0.28418230563002683,0.5406203840472674,727
baseline,44,valid,ablation__text+vision__r1p00__random__long,ablation,text+vision,1.0,random,long,0.6703114773033535,51946,17126,1.0,0.0,0.0,1.0,1.0,0.0,0.3282967032967033,0.3112837991365599,0.7935589155448335,1.0566376152728594,0.04846490332348135,0.4,0.27607361963190186,0.2577777777777778,728
baseline,44,test,ablation__text+vision__r1p00__random__long,ablation,text+vision,1.0,random,long,0.669477399745073,50995,16855,1.0,0.0,0.0,1.0,1.0,0.0,0.31911966987620355,0.302913690545312,0.906858159454624,1.170230377409739,0.021997683461444716,0.3712948517940718,0.22570532915360503,0.31174089068825916,727
baseline,44,valid,ablation__audio+vision__r1p00__random__long,ablation,audio+vision,1.0,random,long,0.6413968351749895,51946,18628,0.0,1.0,1.0,0.0,1.0,0.0,0.6304945054945055,0.6184046987495263,0.5981361381453718,0.8044898735234532,0.6707512509108636,0.6900000000000001,0.47290640394088673,0.6923076923076922,728
baseline,44,test,ablation__audio+vision__r1p00__random__long,ablation,audio+vision,1.0,random,long,0.6409648004706344,50995,18309,0.0,1.0,1.0,0.0,1.0,0.0,0.6685006877579092,0.6395655312966813,0.6368393746615891,0.8531736563628962,0.6928899426105363,0.7092198581560285,0.46884272997032644,0.7406340057636889,727
baseline,44,valid,ablation__text+audio+vision__r1p00__random__long,ablation,text+audio+vision,1.0,random,long,1.0,51946,0,1.0,0.0,1.0,0.0,1.0,0.0,0.25274725274725274,0.13450292397660818,0.7839015498143304,1.0439048954033965,0.0,0.0,0.40350877192982454,0.0,728
baseline,44,test,ablation__text+audio+vision__r1p00__random__long,ablation,text+audio+vision,1.0,random,long,1.0,50995,0,1.0,0.0,1.0,0.0,1.0,0.0,0.2173314993122421,0.11902071563088512,0.8857695530623485,1.159182917041136,-0.040431215885067796,0.0,0.35706214689265536,0.0,727
robust_noaug,42,valid,baseline__complete__r0p00__none__none,baseline,,0.0,none,none,0.0,51946,51946,0.0,1.0,0.0,1.0,0.0,1.0,0.6304945054945055,0.6218373996254393,0.5735731182983247,0.7798094405195632,0.6850503753286258,0.6666666666666666,0.5070422535211269,0.6918032786885245,728
robust_noaug,42,test,baseline__complete__r0p00__none__none,baseline,,0.0,none,none,0.0,50995,50995,0.0,1.0,0.0,1.0,0.0,1.0,0.6795048143053645,0.6523641003418557,0.6119010321683208,0.8348821588244792,0.6999799545840979,0.7238095238095238,0.48255813953488375,0.7507246376811595,727
robust_noaug,42,valid,rate__text__r0p10__random__medium,rate,text,0.1,random,medium,0.03613367728025257,51946,50069,0.10076229332188104,0.899237706678119,0.0,1.0,0.0,1.0,0.6098901098901099,0.6030654260078753,0.5878323602009115,0.8013123477334843,0.6610547010026026,0.6472019464720195,0.4920273348519362,0.66996699669967,728
robust_noaug,42,test,rate__text__r0p10__random__medium,rate,text,0.1,random,medium,0.03614079811746249,50995,49152,0.10066087716423616,0.8993391228357638,0.0,1.0,0.0,1.0,0.640990371389271,0.6172225814302817,0.6462156773587122,0.871422688666514,0.6681906158626716,0.691764705882353,0.4507042253521127,0.7091988130563798,727
robust_noaug,42,valid,rate__text__r0p20__random__medium,rate,text,0.2,random,medium,0.07190159011280946,51946,48211,0.20050461670603392,0.7994953832939661,0.0,1.0,0.0,1.0,0.5989010989010989,0.5937594014339017,0.6036127493742363,0.8163842629538044,0.641826729798499,0.65,0.4690265486725663,0.662251655629139,728
robust_noaug,42,test,rate__text__r0p20__random__medium,rate,text,0.2,random,medium,0.07173252279635259,50995,47337,0.19979245179966137,0.8002075482003387,0.0,1.0,0.0,1.0,0.6354883081155434,0.6101219269201777,0.6635466946091662,0.885197874452429,0.6508454976505301,0.6797066014669926,0.434065934065934,0.7165932452276065,727
robust_noaug,42,valid,rate__text__r0p30__random__medium,rate,text,0.3,random,medium,0.1071112308936203,51946,46382,0.29869014386944387,0.7013098561305562,0.0,1.0,0.0,1.0,0.5741758241758241,0.5688878702460717,0.6200462008959481,0.8353121069832857,0.6164553322177541,0.5943152454780362,0.4700854700854701,0.6422628951747087,728
robust_noaug,42,test,rate__text__r0p30__random__medium,rate,text,0.3,random,medium,0.10753995489753898,50995,45511,0.2995248238571194,0.7004751761428806,0.0,1.0,0.0,1.0,0.6203576341127923,0.6045264361866607,0.6788493174946825,0.9216078215405776,0.6142244806014356,0.6650602409638554,0.4591836734693877,0.6893353941267388,727
robust_noaug,42,valid,rate__text__r0p40__random__medium,rate,text,0.4,random,medium,0.14355292034035344,51946,44489,0.40031135924414857,0.5996886407558514,0.0,1.0,0.0,1.0,0.5508241758241759,0.5475507987709101,0.6445227371871595,0.8873267070077461,0.5476302493879236,0.5636856368563685,0.4596774193548387,0.6192893401015228,728
robust_noaug,42,test,rate__text__r0p40__random__medium,rate,text,0.4,random,medium,0.14364153348367487,50995,43670,0.4000764651264406,0.5999235348735594,0.0,1.0,0.0,1.0,0.5818431911966988,0.5714525597354414,0.7210525017490474,0.9642159277537344,0.5646114968833461,0.6126582278481012,0.45390070921985815,0.6477987421383647,727
robust_noaug,42,valid,rate__audio__r0p10__random__medium,rate,audio,0.1,random,medium,0.03338081854233242,51946,50212,0.0,1.0,0.1012495620693682,0.8987504379306318,0.0,1.0,0.6304945054945055,0.6218373996254393,0.5734516586775759,0.7795588529317965,0.6850998872794672,0.6666666666666666,0.5070422535211269,0.6918032786885245,728
robust_noaug,42,test,rate__audio__r0p10__random__medium,rate,audio,0.1,random,medium,0.033218943033630745,50995,49301,0.0,1.0,0.10050430139424503,0.899495698605755,0.0,1.0,0.6795048143053645,0.6522610558705718,0.6119614048288339,0.835001725660362,0.6998275944518955,0.7238095238095238,0.4811594202898551,0.7518142235123366,727
robust_noaug,42,valid,rate__audio__r0p20__random__medium,rate,audio,0.2,random,medium,0.06622261579332384,51946,48506,0.0,1.0,0.20086418311339485,0.7991358168866052,0.0,1.0,0.6318681318681318,0.6230350319242686,0.5734290626247996,0.7795133405094788,0.6850465538874881,0.6634844868735084,0.5105386416861827,0.6950819672131148,728
robust_noaug,42,test,rate__audio__r0p20__random__medium,rate,audio,0.2,random,medium,0.0666339837238945,50995,47597,0.0,1.0,0.2016018985464254,0.7983981014535746,0.0,1.0,0.6808803301237965,0.6541934230203302,0.6119301319903754,0.8346423770645506,0.6999711344698972,0.7238095238095238,0.4869565217391304,0.7518142235123366,727
robust_noaug,42,valid,rate__audio__r0p30__random__medium,rate,audio,0.3,random,medium,0.09879490239864475,51946,46814,0.0,1.0,0.29966133364475067,0.7003386663552493,0.0,1.0,0.6318681318681318,0.623407539009574,0.5733653410762589,0.7788417395342839,0.685452785593974,0.6714285714285714,0.505854800936768,0.6929392446633826,728
robust_noaug,42,test,rate__audio__r0p30__random__medium,rate,audio,0.3,random,medium,0.09881360917737034,50995,45956,0.0,1.0,0.2989617324236132,0.7010382675763869,0.0,1.0,0.6795048143053645,0.653225837147084,0.6111083075755175,0.8339228240105575,0.7005401931131737,0.7238095238095238,0.4869565217391304,0.7489114658925979,727
robust_noaug,42,valid,rate__audio__r0p40__random__medium,rate,audio,0.4,random,medium,0.13167520117044623,51946,45106,0.0,1.0,0.3993927361905874,0.6006072638094125,0.0,1.0,0.625,0.6163188661490572,0.572612923104316,0.7781790992168983,0.6859749928493851,0.6650717703349281,0.4964871194379391,0.6873977086743044,728
robust_noaug,42,test,rate__audio__r0p40__random__medium,rate,audio,0.4,random,medium,0.1321698205706442,50995,44255,0.0,1.0,0.3998813408484129,0.600118659151587,0.0,1.0,0.6795048143053645,0.6534537244445211,0.6117080540192587,0.8342568335478485,0.7001658275561904,0.720763723150358,0.48850574712643674,0.7510917030567686,727
robust_noaug,42,valid,rate__vision__r0p10__random__medium,rate,vision,0.1,random,medium,0.03141724098101875,51946,50314,0.0,1.0,0.0,1.0,0.1007905138339921,0.8992094861660079,0.6304945054945055,0.6219719453961795,0.5733986436312629,0.779684594828128,0.6851649086852531,0.6682577565632459,0.505854800936768,0.6918032786885245,728
robust_noaug,42,test,rate__vision__r0p10__random__medium,rate,vision,0.1,random,medium,0.031179527404647515,50995,49405,0.0,1.0,0.0,1.0,0.1004358537047565,0.8995641462952435,0.6808803301237965,0.6541934230203302,0.6116225003704244,0.8345598042106596,0.7002442826485035,0.7238095238095238,0.4869565217391304,0.7518142235123366,727
robust_noaug,42,valid,rate__vision__r0p20__random__medium,rate,vision,0.2,random,medium,0.06269972663920224,51946,48689,0.0,1.0,0.0,1.0,0.20114871541501977,0.7988512845849802,0.6304945054945055,0.6216236415968392,0.573155696357979,0.7792462641624731,0.6855207175558807,0.6650717703349281,0.505854800936768,0.6939443535188216,728
robust_noaug,42,test,rate__vision__r0p20__random__medium,rate,vision,0.2,random,medium,0.06255515246592804,50995,47805,0.0,1.0,0.0,1.0,0.20150337944539196,0.798496620554608,0.6808803301237965,0.6541934230203302,0.6117817156050134,0.8347295551135748,0.7001199759778846,0.7238095238095238,0.4869565217391304,0.7518142235123366,727
robust_noaug,42,valid,rate__vision__r0p30__random__medium,rate,vision,0.3,random,medium,0.09334693720401956,51946,47097,0.0,1.0,0.0,1.0,0.29946887351778656,0.7005311264822134,0.6291208791208791,0.6205159820732381,0.5729565246844316,0.7790364927344788,0.6856873567174983,0.6650717703349281,0.5046728971962617,0.6918032786885245,728
robust_noaug,42,test,rate__vision__r0p30__random__medium,rate,vision,0.3,random,medium,0.09283263065006374,50995,46261,0.0,1.0,0.0,1.0,0.29903354178510516,0.7009664582148948,0.6767537826685007,0.6509746098767915,0.611869732249769,0.8347690198206993,0.7000374707488284,0.7238095238095238,0.48275862068965514,0.7463556851311953,727
robust_noaug,42,valid,rate__vision__r0p40__random__medium,rate,vision,0.4,random,medium,0.12447541677896277,51946,45480,0.0,1.0,0.0,1.0,0.39933300395256915,0.6006669960474308,0.6291208791208791,0.6203007984922878,0.5734703932264513,0.780783807880673,0.6842574688392024,0.6634615384615384,0.5034965034965035,0.6939443535188216,728
robust_noaug,42,test,rate__vision__r0p40__random__medium,rate,vision,0.4,random,medium,0.12409059711736445,50995,44667,0.0,1.0,0.0,1.0,0.39972206430421325,0.6002779356957868,0.6781292984869326,0.6518370847388936,0.6124723345307733,0.8355196517752174,0.6994758687424759,0.7220902612826603,0.484149855907781,0.7492711370262392,727
robust_noaug,42,valid,rate__text+audio__r0p10__random__medium,rate,text+audio,0.1,random,medium,0.069514495822585,51946,48335,0.10076229332188104,0.899237706678119,0.1012495620693682,0.8987504379306318,0.0,1.0,0.6071428571428571,0.6030953933072577,0.5889193046925036,0.8001996070080117,0.666644705185728,0.6682692307692308,0.48000000000000004,0.6610169491525423,728
robust_noaug,42,test,rate__text+audio__r0p10__random__medium,rate,text+audio,0.1,random,medium,0.06935974115109324,50995,47458,0.10066087716423616,0.8993391228357638,0.10050430139424503,0.899495698605755,0.0,1.0,0.6478679504814305,0.6251934613138627,0.6443667708341406,0.8755347327790279,0.6599942060433002,0.6811594202898551,0.47252747252747246,0.7218934911242604,727
robust_noaug,42,valid,rate__text+audio__r0p20__random__medium,rate,text+audio,0.2,random,medium,0.13812420590613328,51946,44771,0.20050461670603392,0.7994953832939661,0.20086418311339485,0.7991358168866052,0.0,1.0,0.5810439560439561,0.5737891756136975,0.604124820747689,0.8292794403530656,0.626407455796699,0.6206896551724137,0.449438202247191,0.6512396694214876,728
robust_noaug,42,test,rate__text+audio__r0p20__random__medium,rate,text+audio,0.2,random,medium,0.1383665065202471,50995,43939,0.19979245179966137,0.8002075482003387,0.2016018985464254,0.7983981014535746,0.0,1.0,0.6203576341127923,0.5990152141051213,0.6780913270692221,0.9100396378313914,0.6254002914945384,0.6456310679611651,0.44854881266490765,0.702865761689291,727
robust_noaug,42,valid,rate__text+audio__r0p30__random__medium,rate,text+audio,0.3,random,medium,0.20590613329226504,51946,41250,0.29869014386944387,0.7013098561305562,0.29966133364475067,0.7003386663552493,0.0,1.0,0.5631868131868132,0.5587458099623815,0.640785003973908,0.8742674761799372,0.5720740180483279,0.5706806282722514,0.4771784232365145,0.6283783783783785,728
robust_noaug,42,test,rate__text+audio__r0p30__random__medium,rate,text+audio,0.3,random,medium,0.20635356407490932,50995,40472,0.2995248238571194,0.7004751761428806,0.2989617324236132,0.7010382675763869,0.0,1.0,0.6217331499312242,0.6072722236129825,0.6881071951168563,0.932980448262584,0.6014159221328663,0.6617283950617284,0.46766169154228854,0.6924265842349304,727
robust_noaug,42,valid,rate__text+audio__r0p40__random__medium,rate,text+audio,0.4,random,medium,0.2752281215107997,51946,37649,0.40031135924414857,0.5996886407558514,0.3993927361905874,0.6006072638094125,0.0,1.0,0.5425824175824175,0.538368529089222,0.6515235757393824,0.8833910833988764,0.5552499828496325,0.5454545454545455,0.4590163934426229,0.6106346483704975,728
robust_noaug,42,test,rate__text+audio__r0p40__random__medium,rate,text+audio,0.4,random,medium,0.27581135405431906,50995,36930,0.4000764651264406,0.5999235348735594,0.3998813408484129,0.600118659151587,0.0,1.0,0.6052269601100413,0.5919736048983217,0.7134674476098367,0.9675017066799282,0.5566108285624245,0.6481012658227848,0.46115288220551376,0.6666666666666667,727
robust_noaug,42,valid,rate__text+vision__r0p10__random__medium,rate,text+vision,0.1,random,medium,0.06755091826127133,51946,48437,0.10076229332188104,0.899237706678119,0.0,1.0,0.1007905138339921,0.8992094861660079,0.603021978021978,0.5962365773987223,0.60375352571002,0.8293205412796291,0.6325706905386913,0.6253101736972704,0.4900662251655629,0.6733333333333333,728
robust_noaug,42,test,rate__text+vision__r0p10__random__medium,rate,text+vision,0.1,random,medium,0.06732032552211001,50995,47562,0.10066087716423616,0.8993391228357638,0.0,1.0,0.1004358537047565,0.8995641462952435,0.6437414030261348,0.6174149914048371,0.6534672800190183,0.8829626935387709,0.6592003028729734,0.6983372921615203,0.43626062322946174,0.7176470588235294,727
robust_noaug,42,valid,rate__text+vision__r0p20__random__medium,rate,text+vision,0.2,random,medium,0.1346013167520117,51946,44954,0.20050461670603392,0.7994953832939661,0.0,1.0,0.20114871541501977,0.7988512845849802,0.5879120879120879,0.5873017676144064,0.6112001725359932,0.846328272030905,0.6096742050698297,0.654911838790932,0.4836601307189542,0.6233333333333334,728
robust_noaug,42,test,rate__text+vision__r0p20__random__medium,rate,text+vision,0.2,random,medium,0.1342876752622806,50995,44147,0.19979245179966137,0.8002075482003387,0.0,1.0,0.20150337944539196,0.798496620554608,0.6217331499312242,0.601756931811602,0.6716954895978002,0.8964866829503598,0.6404485531508948,0.665036674816626,0.44562334217506633,0.6946107784431137,727
robust_noaug,42,valid,rate__text+vision__r0p30__random__medium,rate,text+vision,0.3,random,medium,0.20045816809763986,51946,41533,0.29869014386944387,0.7013098561305562,0.0,1.0,0.29946887351778656,0.7005311264822134,0.5673076923076923,0.5627153950423102,0.631494006003857,0.86094339766521,0.587763800743005,0.5903307888040713,0.46481876332622607,0.632996632996633,728
robust_noaug,42,test,rate__text+vision__r0p30__random__medium,rate,text+vision,0.3,random,medium,0.2003725855476027,50995,40777,0.2995248238571194,0.7004751761428806,0.0,1.0,0.29903354178510516,0.7009664582148948,0.6038514442916093,0.5847217003771393,0.6864382774188623,0.9260964401226868,0.608910219690744,0.6222222222222223,0.4450127877237852,0.6869300911854103,727
robust_noaug,42,valid,rate__text+vision__r0p40__random__medium,rate,text+vision,0.4,random,medium,0.26802833711931623,51946,38023,0.40031135924414857,0.5996886407558514,0.0,1.0,0.39933300395256915,0.6006669960474308,0.5604395604395604,0.5578961261101153,0.6420605972045931,0.8823359785124465,0.5585228376086405,0.5924050632911393,0.4592901878914405,0.6219931271477663,728
robust_noaug,42,test,rate__text+vision__r0p40__random__medium,rate,text+vision,0.4,random,medium,0.26773213060103934,50995,37342,0.4000764651264406,0.5999235348735594,0.0,1.0,0.39972206430421325,0.6002779356957868,0.5859697386519945,0.572436945898191,0.7059240299603675,0.9496726517643315,0.5780898836637026,0.6062176165803109,0.4423529411764706,0.6687402799377916,727
robust_noaug,42,valid,rate__audio+vision__r0p10__random__medium,rate,audio+vision,0.1,random,medium,0.06479805952335117,51946,48580,0.0,1.0,0.1012495620693682,0.8987504379306318,0.1007905138339921,0.8992094861660079,0.6291208791208791,0.6205159820732381,0.5734454342573472,0.779587192852064,0.6850725002832485,0.6650717703349281,0.5046728971962617,0.6918032786885245,728
robust_noaug,42,test,rate__audio+vision__r0p10__random__medium,rate,audio+vision,0.1,random,medium,0.06439847043827826,50995,47711,0.0,1.0,0.10050430139424503,0.899495698605755,0.1004358537047565,0.8995641462952435,0.6795048143053645,0.6523641003418557,0.6121173238130658,0.8348356967087317,0.6999482484626649,0.7238095238095238,0.48255813953488375,0.7507246376811595,727
robust_noaug,42,valid,rate__audio+vision__r0p20__random__medium,rate,audio+vision,0.2,random,medium,0.1289223424325261,51946,45249,0.0,1.0,0.20086418311339485,0.7991358168866052,0.20114871541501977,0.7988512845849802,0.6291208791208791,0.6209459960683952,0.5727988356125674,0.7790925494091332,0.6854064927694994,0.6650717703349281,0.5069767441860467,0.6907894736842105,728
robust_noaug,42,test,rate__audio+vision__r0p20__random__medium,rate,audio+vision,0.2,random,medium,0.12918913618982253,50995,44407,0.0,1.0,0.2016018985464254,0.7983981014535746,0.20150337944539196,0.798496620554608,0.6767537826685007,0.6498146583900412,0.6122736161705389,0.8348467884936978,0.6998254767810566,0.720763723150358,0.4797687861271676,0.7489114658925979,727
robust_noaug,42,valid,rate__audio+vision__r0p30__random__medium,rate,audio+vision,0.3,random,medium,0.19214183960266432,51946,41965,0.0,1.0,0.29966133364475067,0.7003386663552493,0.29946887351778656,0.7005311264822134,0.6277472527472527,0.6197713059604407,0.5732368216952207,0.779790895690613,0.6847399865133054,0.6650602409638554,0.5034642032332564,0.6907894736842105,728
robust_noaug,42,test,rate__audio+vision__r0p30__random__medium,rate,audio+vision,0.3,random,medium,0.19164623982743406,50995,41222,0.0,1.0,0.2989617324236132,0.7010382675763869,0.29903354178510516,0.7009664582148948,0.6781292984869326,0.6516378596860463,0.6107512589523562,0.8344043170074497,0.7001666606114385,0.720763723150358,0.484149855907781,0.75,727
robust_noaug,42,valid,rate__audio+vision__r0p40__random__medium,rate,audio+vision,0.4,random,medium,0.256150617949409,51946,38640,0.0,1.0,0.3993927361905874,0.6006072638094125,0.39933300395256915,0.6006669960474308,0.6304945054945055,0.6222665816964063,0.5725670270033304,0.7796842412634334,0.6846470994811839,0.6634615384615384,0.5092592592592593,0.694078947368421,728
robust_noaug,42,test,rate__audio+vision__r0p40__random__medium,rate,audio+vision,0.4,random,medium,0.2562604176880086,50995,37927,0.0,1.0,0.3998813408484129,0.600118659151587,0.39972206430421325,0.6002779356957868,0.6822558459422283,0.6566598317397477,0.611988459084762,0.8356775448272793,0.6989396569275498,0.722488038277512,0.4956772334293948,0.7518142235123366,727
robust_noaug,42,valid,rate__text+audio+vision__r0p10__random__medium,rate,text+audio+vision,0.1,random,medium,0.10093173680360375,51946,46703,0.10076229332188104,0.899237706678119,0.1012495620693682,0.8987504379306318,0.1007905138339921,0.8992094861660079,0.6098901098901099,0.6057766207953615,0.5922910779187517,0.8154926064043028,0.6450659764882949,0.6617647058823529,0.4977578475336322,0.6578073089700995,728
robust_noaug,42,test,rate__text+audio+vision__r0p10__random__medium,rate,text+audio+vision,0.1,random,medium,0.10053926855574076,50995,45868,0.10066087716423616,0.8993391228357638,0.10050430139424503,0.899495698605755,0.1004358537047565,0.8995641462952435,0.6382393397524071,0.6156071730903078,0.6752516084121338,0.9204715205591116,0.6180531813472377,0.6571428571428573,0.47645429362880887,0.713224368499257,727
robust_noaug,42,valid,rate__text+audio+vision__r0p20__random__medium,rate,text+audio+vision,0.2,random,medium,0.20082393254533554,51946,41514,0.20050461670603392,0.7994953832939661,0.20086418311339485,0.7991358168866052,0.20114871541501977,0.7988512845849802,0.5989010989010989,0.5938083193348745,0.6062375269906984,0.8291247370367042,0.6280725460639321,0.6203473945409429,0.4989154013015184,0.6621621621621622,728
robust_noaug,42,test,rate__text+audio+vision__r0p20__random__medium,rate,text+audio+vision,0.2,random,medium,0.20092165898617512,50995,40749,0.19979245179966137,0.8002075482003387,0.2016018985464254,0.7983981014535746,0.20150337944539196,0.798496620554608,0.6148555708390646,0.5965503832560347,0.6705507948646191,0.9049314796473674,0.6333612715617949,0.648780487804878,0.45194805194805193,0.6889226100151745,727
robust_noaug,42,valid,rate__text+audio+vision__r0p30__random__medium,rate,text+audio+vision,0.3,random,medium,0.2992530704962846,51946,36401,0.29869014386944387,0.7013098561305562,0.29966133364475067,0.7003386663552493,0.29946887351778656,0.7005311264822134,0.5728021978021978,0.5707506040462035,0.6218509722966701,0.8479993683000348,0.6057169884173123,0.6188118811881188,0.4690831556503198,0.6243567753001716,728
robust_noaug,42,test,rate__text+audio+vision__r0p30__random__medium,rate,text+audio+vision,0.3,random,medium,0.29918619472497304,50995,35738,0.2995248238571194,0.7004751761428806,0.2989617324236132,0.7010382675763869,0.29903354178510516,0.7009664582148948,0.624484181568088,0.6070211820029366,0.6730861942548987,0.9007890615415765,0.6373359512623334,0.6553398058252428,0.4631043256997456,0.7026194144838213,727
robust_noaug,42,valid,rate__text+audio+vision__r0p40__random__medium,rate,text+audio+vision,0.4,random,medium,0.39970353828976246,51946,31183,0.40031135924414857,0.5996886407558514,0.3993927361905874,0.6006072638094125,0.39933300395256915,0.6006669960474308,0.5425824175824175,0.5426964808172707,0.6409453513883668,0.8897398978111033,0.5474660825480799,0.5729166666666666,0.47082494969818917,0.5843478260869565,728
robust_noaug,42,test,rate__text+audio+vision__r0p40__random__medium,rate,text+audio+vision,0.4,random,medium,0.3999019511716835,50995,30602,0.4000764651264406,0.5999235348735594,0.3998813408484129,0.600118659151587,0.39972206430421325,0.6002779356957868,0.5914718019257221,0.5775112746429779,0.7097209768915521,0.96117094112968,0.5671123039579501,0.6231155778894473,0.4406779661016949,0.6687402799377916,727
robust_noaug,42,valid,position__text__r0p30__prefix__medium,position,text,0.3,prefix,medium,0.1071112308936203,51946,46382,0.29869014386944387,0.7013098561305562,0.0,1.0,0.0,1.0,0.6098901098901099,0.5956070869655239,0.6099072066391562,0.831806983307961,0.6167760762256151,0.6343825665859565,0.4679802955665024,0.684458398744113,728
robust_noaug,42,test,position__text__r0p30__prefix__medium,position,text,0.3,prefix,medium,0.10753995489753898,50995,45511,0.2995248238571194,0.7004751761428806,0.0,1.0,0.0,1.0,0.6506189821182944,0.6206683107695126,0.6527146443319821,0.8760462695570682,0.6610034253476301,0.6759259259259259,0.4529411764705882,0.7331378299120236,727
robust_noaug,42,valid,position__text__r0p30__middle__medium,position,text,0.3,middle,medium,0.1071112308936203,51946,46382,0.29869014386944387,0.7013098561305562,0.0,1.0,0.0,1.0,0.6016483516483516,0.5948793801395248,0.6182293552613644,0.8404975930857479,0.6125870835601371,0.6157760814249365,0.5010989010989011,0.6677631578947368,728
robust_noaug,42,test,position__text__r0p30__middle__medium,position,text,0.3,middle,medium,0.10753995489753898,50995,45511,0.2995248238571194,0.7004751761428806,0.0,1.0,0.0,1.0,0.6189821182943603,0.6005053977178453,0.6796179458632183,0.9131886154021125,0.62138289299243,0.6433915211970075,0.4591836734693877,0.6989409984871406,727
robust_noaug,42,valid,position__text__r0p30__suffix__medium,position,text,0.3,suffix,medium,0.1071112308936203,51946,46382,0.29869014386944387,0.7013098561305562,0.0,1.0,0.0,1.0,0.5068681318681318,0.5105383373567441,0.7115268269451437,0.9727299021121546,0.48026932810788464,0.5673758865248227,0.45261121856866543,0.5116279069767442,728
robust_noaug,42,test,position__text__r0p30__suffix__medium,position,text,0.3,suffix,medium,0.10753995489753898,50995,45511,0.2995248238571194,0.7004751761428806,0.0,1.0,0.0,1.0,0.5061898211829436,0.5043726398271206,0.7988624332877493,1.037404375403812,0.507810559418547,0.5874439461883408,0.40362811791383224,0.5220458553791887,727
robust_noaug,42,valid,position__text__r0p30__random__medium,position,text,0.3,random,medium,0.1071112308936203,51946,46382,0.29869014386944387,0.7013098561305562,0.0,1.0,0.0,1.0,0.5659340659340659,0.5622352884824527,0.6406224417899337,0.879827566954025,0.5708945178359361,0.5891089108910891,0.4753747323340471,0.6222222222222222,728
robust_noaug,42,test,position__text__r0p30__random__medium,position,text,0.3,random,medium,0.10753995489753898,50995,45511,0.2995248238571194,0.7004751761428806,0.0,1.0,0.0,1.0,0.6038514442916093,0.5886582138532906,0.7087189345614168,0.9422698599496016,0.5904445894470112,0.6451612903225807,0.44389027431421446,0.6769230769230768,727
robust_noaug,42,valid,duration__text__r0p30__random__short,duration,text,0.3,random,short,0.1071112308936203,51946,46382,0.29869014386944387,0.7013098561305562,0.0,1.0,0.0,1.0,0.5728021978021978,0.5696806768390282,0.6547423779534606,0.9081330259568762,0.5427582117965284,0.6,0.490238611713666,0.6188034188034187,728
robust_noaug,42,test,duration__text__r0p30__random__short,duration,text,0.3,random,short,0.10753995489753898,50995,45511,0.2995248238571194,0.7004751761428806,0.0,1.0,0.0,1.0,0.5983493810178817,0.5847754614182032,0.7296727984539007,0.9664501615523805,0.5593837473625946,0.6297229219143577,0.45588235294117646,0.6687211093990755,727
robust_noaug,42,valid,duration__text__r0p30__random__medium,duration,text,0.3,random,medium,0.1071112308936203,51946,46382,0.29869014386944387,0.7013098561305562,0.0,1.0,0.0,1.0,0.5521978021978022,0.5514048918536487,0.6348004413789118,0.8778609596234813,0.5719271010975233,0.5882352941176471,0.465979381443299,0.6000000000000001,728
robust_noaug,42,test,duration__text__r0p30__random__medium,duration,text,0.3,random,medium,0.10753995489753898,50995,45511,0.2995248238571194,0.7004751761428806,0.0,1.0,0.0,1.0,0.609353507565337,0.589584087258506,0.6823124297813832,0.9212841312240267,0.6127771579595513,0.6437346437346438,0.43410852713178294,0.6909090909090908,727
robust_noaug,42,valid,duration__text__r0p30__random__long,duration,text,0.3,random,long,0.1071112308936203,51946,46382,0.29869014386944387,0.7013098561305562,0.0,1.0,0.0,1.0,0.5892857142857143,0.5882217775475805,0.619740591678707,0.8339290391145732,0.6274462887985268,0.6454767726161369,0.49032258064516127,0.6288659793814433,728
robust_noaug,42,test,duration__text__r0p30__random__long,duration,text,0.3,random,long,0.10753995489753898,50995,45511,0.2995248238571194,0.7004751761428806,0.0,1.0,0.0,1.0,0.6176066024759285,0.5966876595275387,0.6967357906834459,0.9346438557715584,0.6014656183092959,0.628992628992629,0.4571428571428572,0.7039274924471298,727
robust_noaug,42,valid,position__audio__r0p30__prefix__medium,position,audio,0.3,prefix,medium,0.09879490239864475,51946,46814,0.0,1.0,0.29966133364475067,0.7003386663552493,0.0,1.0,0.6318681318681318,0.6238048972810092,0.5738037444093357,0.7801341932810003,0.6844363143527227,0.6666666666666666,0.5128205128205128,0.6919275123558484,728
robust_noaug,42,test,position__audio__r0p30__prefix__medium,position,audio,0.3,prefix,medium,0.09881360917737034,50995,45956,0.0,1.0,0.2989617324236132,0.7010382675763869,0.0,1.0,0.6781292984869326,0.6523846278143522,0.6118813460690201,0.8344226004053092,0.7002986633547785,0.7220902612826603,0.48433048433048437,0.750733137829912,727
robust_noaug,42,valid,position__audio__r0p30__middle__medium,position,audio,0.3,middle,medium,0.09879490239864475,51946,46814,0.0,1.0,0.29966133364475067,0.7003386663552493,0.0,1.0,0.6277472527472527,0.619407815415075,0.5733834813978359,0.7790301950711409,0.6853723194351287,0.6650717703349281,0.5034965034965035,0.689655172413793,728
robust_noaug,42,test,position__audio__r0p30__middle__medium,position,audio,0.3,middle,medium,0.09881360917737034,50995,45956,0.0,1.0,0.2989617324236132,0.7010382675763869,0.0,1.0,0.6781292984869326,0.6512934699973256,0.6112779102632788,0.8344150056148187,0.7000945423521091,0.7238095238095238,0.4811594202898551,0.7489114658925979,727
robust_noaug,42,valid,position__audio__r0p30__suffix__medium,position,audio,0.3,suffix,medium,0.09879490239864475,51946,46814,0.0,1.0,0.29966133364475067,0.7003386663552493,0.0,1.0,0.6277472527472527,0.6186665032792368,0.5723056007396675,0.7781999777633563,0.6855017071000828,0.6666666666666667,0.49765258215962443,0.6916802610114192,728
robust_noaug,42,test,position__audio__r0p30__suffix__medium,position,audio,0.3,suffix,medium,0.09881360917737034,50995,45956,0.0,1.0,0.2989617324236132,0.7010382675763869,0.0,1.0,0.6808803301237965,0.6533431795072929,0.6124819989663329,0.8347892096831148,0.699506435723388,0.722488038277512,0.4853801169590643,0.7521613832853027,727
robust_noaug,42,valid,position__audio__r0p30__random__medium,position,audio,0.3,random,medium,0.09879490239864475,51946,46814,0.0,1.0,0.29966133364475067,0.7003386663552493,0.0,1.0,0.6277472527472527,0.6189583496744842,0.5731605803875437,0.778908165446864,0.6854426074155001,0.6650717703349281,0.5,0.6918032786885245,728
robust_noaug,42,test,position__audio__r0p30__random__medium,position,audio,0.3,random,medium,0.09881360917737034,50995,45956,0.0,1.0,0.2989617324236132,0.7010382675763869,0.0,1.0,0.6836313617606602,0.6579421090477684,0.611530308587351,0.83433943529976,0.7001865437254254,0.7238095238095238,0.4971098265895954,0.7529069767441859,727
robust_noaug,42,valid,duration__audio__r0p30__random__short,duration,audio,0.3,random,short,0.09879490239864475,51946,46814,0.0,1.0,0.29966133364475067,0.7003386663552493,0.0,1.0,0.6291208791208791,0.6203808554996003,0.5730631752041998,0.779487362533309,0.6848948943053299,0.6634844868735084,0.505854800936768,0.6918032786885245,728
robust_noaug,42,test,duration__audio__r0p30__random__short,duration,audio,0.3,random,short,0.09881360917737034,50995,45956,0.0,1.0,0.2989617324236132,0.7010382675763869,0.0,1.0,0.6753782668500687,0.649154992570167,0.6118384002870592,0.8346107296038973,0.6999559277641225,0.7238095238095238,0.478386167146974,0.745269286754003,727
robust_noaug,42,valid,duration__audio__r0p30__random__medium,duration,audio,0.3,random,medium,0.09879490239864475,51946,46814,0.0,1.0,0.29966133364475067,0.7003386663552493,0.0,1.0,0.6291208791208791,0.6203808554996003,0.573544204726324,0.7793156481378407,0.6849749701241776,0.6634844868735084,0.505854800936768,0.6918032786885245,728
robust_noaug,42,test,duration__audio__r0p30__random__medium,duration,audio,0.3,random,medium,0.09881360917737034,50995,45956,0.0,1.0,0.2989617324236132,0.7010382675763869,0.0,1.0,0.6781292984869326,0.6512934699973256,0.611977636906353,0.8346386179890145,0.6998588833218061,0.7238095238095238,0.4811594202898551,0.7489114658925979,727
robust_noaug,42,valid,duration__audio__r0p30__random__long,duration,audio,0.3,random,long,0.09879490239864475,51946,46814,0.0,1.0,0.29966133364475067,0.7003386663552493,0.0,1.0,0.6291208791208791,0.6209459960683952,0.5729280917362852,0.7789711978266582,0.6854009833350568,0.6650717703349281,0.5069767441860467,0.6907894736842105,728
robust_noaug,42,test,duration__audio__r0p30__random__long,duration,audio,0.3,random,long,0.09881360917737034,50995,45956,0.0,1.0,0.2989617324236132,0.7010382675763869,0.0,1.0,0.6822558459422283,0.6560153267741652,0.6112233890653518,0.8338571964252761,0.7005204759672299,0.7238095238095238,0.49132947976878616,0.7529069767441859,727
robust_noaug,42,valid,position__vision__r0p30__prefix__medium,position,vision,0.3,prefix,medium,0.09334693720401956,51946,47097,0.0,1.0,0.0,1.0,0.29946887351778656,0.7005311264822134,0.6332417582417582,0.6244100456667568,0.5738166572812659,0.7796457288702742,0.6852558314308452,0.6666666666666667,0.5093457943925235,0.6972176759410802,728
robust_noaug,42,test,position__vision__r0p30__prefix__medium,position,vision,0.3,prefix,medium,0.09283263065006374,50995,46261,0.0,1.0,0.0,1.0,0.29903354178510516,0.7009664582148948,0.6767537826685007,0.6501253952872945,0.6123575831454714,0.8351899057889903,0.7000102862350673,0.7238095238095238,0.478386167146974,0.7481804949053857,727
robust_noaug,42,valid,position__vision__r0p30__middle__medium,position,vision,0.3,middle,medium,0.09334693720401956,51946,47097,0.0,1.0,0.0,1.0,0.29946887351778656,0.7005311264822134,0.6318681318681318,0.6233023806794299,0.5729843373947705,0.7794101831806008,0.6852349028678804,0.6666666666666667,0.508158508158508,0.6950819672131148,728
robust_noaug,42,test,position__vision__r0p30__middle__medium,position,vision,0.3,middle,medium,0.09283263065006374,50995,46261,0.0,1.0,0.0,1.0,0.29903354178510516,0.7009664582148948,0.6822558459422283,0.655908659895421,0.6114377867343337,0.8342335269094623,0.7003824293709129,0.7238095238095238,0.48991354466858783,0.7540029112081514,727
robust_noaug,42,valid,position__vision__r0p30__suffix__medium,position,vision,0.3,suffix,medium,0.09334693720401956,51946,47097,0.0,1.0,0.0,1.0,0.29946887351778656,0.7005311264822134,0.6291208791208791,0.6206554829505649,0.574566379117851,0.7817143136082308,0.6839424089304643,0.6666666666666667,0.5034965034965035,0.6918032786885245,728
robust_noaug,42,test,position__vision__r0p30__suffix__medium,position,vision,0.3,suffix,medium,0.09283263065006374,50995,46261,0.0,1.0,0.0,1.0,0.29903354178510516,0.7009664582148948,0.6795048143053645,0.653225837147084,0.6130926095633326,0.8360666868534494,0.6993017966649238,0.7238095238095238,0.4869565217391304,0.7489114658925979,727
robust_noaug,42,valid,position__vision__r0p30__random__medium,position,vision,0.3,random,medium,0.09334693720401956,51946,47097,0.0,1.0,0.0,1.0,0.29946887351778656,0.7005311264822134,0.6277472527472527,0.6196979501664744,0.5740123224434454,0.7803122040370563,0.684503793448285,0.6634844868735084,0.5069767441860467,0.6886326194398683,728
robust_noaug,42,test,position__vision__r0p30__random__medium,position,vision,0.3,random,medium,0.09283263065006374,50995,46261,0.0,1.0,0.0,1.0,0.29903354178510516,0.7009664582148948,0.6808803301237965,0.6541934230203302,0.612178681036547,0.8351464056897951,0.699763245795666,0.7238095238095238,0.4869565217391304,0.7518142235123366,727
robust_noaug,42,valid,duration__vision__r0p30__random__short,duration,vision,0.3,random,short,0.09334693720401956,51946,47097,0.0,1.0,0.0,1.0,0.29946887351778656,0.7005311264822134,0.6291208791208791,0.6209459960683952,0.5736449438679431,0.7800230016163499,0.684817740773981,0.6650717703349281,0.5069767441860467,0.6907894736842105,728
robust_noaug,42,test,duration__vision__r0p30__random__short,duration,vision,0.3,random,short,0.09283263065006374,50995,46261,0.0,1.0,0.0,1.0,0.29903354178510516,0.7009664582148948,0.6753782668500687,0.6483935169743209,0.6118143158048863,0.8349969983041581,0.699884809679297,0.7238095238095238,0.4753623188405797,0.7460087082728593,727
robust_noaug,42,valid,duration__vision__r0p30__random__medium,duration,vision,0.3,random,medium,0.09334693720401956,51946,47097,0.0,1.0,0.0,1.0,0.29946887351778656,0.7005311264822134,0.6277472527472527,0.6190567619273835,0.5735449609704889,0.7801965090090242,0.6846869366267121,0.6618705035971223,0.5034965034965035,0.6918032786885245,728
robust_noaug,42,test,duration__vision__r0p30__random__medium,duration,vision,0.3,random,medium,0.09283263065006374,50995,46261,0.0,1.0,0.0,1.0,0.29903354178510516,0.7009664582148948,0.6795048143053645,0.6537601681683834,0.6122721110033755,0.8352136507540464,0.6997354255616575,0.7238095238095238,0.4871060171919771,0.7503649635036497,727
robust_noaug,42,valid,duration__vision__r0p30__random__long,duration,vision,0.3,random,long,0.09334693720401956,51946,47097,0.0,1.0,0.0,1.0,0.29946887351778656,0.7005311264822134,0.6304945054945055,0.6225408924001337,0.5730879015550222,0.7794398494262633,0.6853607438132713,0.6698564593301436,0.5069767441860467,0.6907894736842105,728
robust_noaug,42,test,duration__vision__r0p30__random__long,duration,vision,0.3,random,long,0.09283263065006374,50995,46261,0.0,1.0,0.0,1.0,0.29903354178510516,0.7009664582148948,0.6808803301237965,0.6541934230203302,0.6124880027020814,0.8354680451015285,0.6994592256217944,0.7238095238095238,0.4869565217391304,0.7518142235123366,727
robust_noaug,42,valid,ablation__complete__r0p00__none__none,ablation,,0.0,none,none,0.0,51946,51946,0.0,1.0,0.0,1.0,0.0,1.0,0.6304945054945055,0.6218373996254393,0.5735731182983247,0.7798094405195632,0.6850503753286258,0.6666666666666666,0.5070422535211269,0.6918032786885245,728
robust_noaug,42,test,ablation__complete__r0p00__none__none,ablation,,0.0,none,none,0.0,50995,50995,0.0,1.0,0.0,1.0,0.0,1.0,0.6795048143053645,0.6523641003418557,0.6119010321683208,0.8348821588244792,0.6999799545840979,0.7238095238095238,0.48255813953488375,0.7507246376811595,727
robust_noaug,42,valid,ablation__text__r1p00__random__long,ablation,text,1.0,random,long,0.3586031648250106,51946,33318,1.0,0.0,0.0,1.0,0.0,1.0,0.3914835164835165,0.38063105371847406,0.7765760758410689,1.0386732593847126,0.2006444986281708,0.30498533724340177,0.406196213425129,0.4307116104868914,728
robust_noaug,42,test,ablation__text__r1p00__random__long,ablation,text,1.0,random,long,0.35903519952936563,50995,32686,1.0,0.0,0.0,1.0,0.0,1.0,0.40027510316368636,0.3807185757552653,0.8844774964482023,1.1402618961371893,0.21671649783690675,0.2900302114803625,0.3529411764705882,0.49918433931484507,727
robust_noaug,42,valid,ablation__audio__r1p00__random__long,ablation,audio,1.0,random,long,0.3296885226966465,51946,34820,0.0,1.0,1.0,0.0,0.0,1.0,0.6277472527472527,0.6187573319926262,0.5743766333856671,0.7825860409346577,0.6849235513841435,0.6634615384615384,0.5,0.69281045751634,728
robust_noaug,42,test,ablation__audio__r1p00__random__long,ablation,audio,1.0,random,long,0.33052260025492697,50995,34140,0.0,1.0,1.0,0.0,0.0,1.0,0.6740027510316369,0.650301064235527,0.6139656777712715,0.8388173291580929,0.6982142723704375,0.7180722891566265,0.49014084507042255,0.7426900584795323,727
robust_noaug,42,valid,ablation__vision__r1p00__random__long,ablation,vision,1.0,random,long,0.3117083124783429,51946,35754,0.0,1.0,0.0,1.0,1.0,0.0,0.6181318681318682,0.6105124082441216,0.5832389671237791,0.7943308170559034,0.6760970923634757,0.6666666666666667,0.4872389791183295,0.6776315789473685,728
robust_noaug,42,test,ablation__vision__r1p00__random__long,ablation,vision,1.0,random,long,0.3104422002157074,50995,35164,0.0,1.0,0.0,1.0,1.0,0.0,0.6698762035763411,0.6470368592908216,0.6206153108183668,0.8476708854487749,0.6932248340054337,0.7220902612826603,0.4845070422535211,0.7345132743362832,727
robust_noaug,42,valid,ablation__text+audio__r1p00__random__long,ablation,text+audio,1.0,random,long,0.6882916875216571,51946,16192,1.0,0.0,1.0,0.0,0.0,1.0,0.385989010989011,0.3547723112606496,0.7708896574011626,1.0310149936473145,0.23321689031086756,0.208955223880597,0.406832298136646,0.44852941176470584,728
robust_noaug,42,test,ablation__text+audio__r1p00__random__long,ablation,text+audio,1.0,random,long,0.6895577997842925,50995,15831,1.0,0.0,1.0,0.0,0.0,1.0,0.37551581843191195,0.33128453478007425,0.8796602013037941,1.1428993535563734,0.18934770090612835,0.15613382899628253,0.32667876588021777,0.5110410094637224,727
robust_noaug,42,valid,ablation__text+vision__r1p00__random__long,ablation,text+vision,1.0,random,long,0.6703114773033535,51946,17126,1.0,0.0,0.0,1.0,1.0,0.0,0.3118131868131868,0.2498700065206536,0.799155158009943,1.0665849305070034,0.03007772353431422,0.061946902654867256,0.4031620553359684,0.28450106157112526,728
robust_noaug,42,test,ablation__text+vision__r1p00__random__long,ablation,text+vision,1.0,random,long,0.669477399745073,50995,16855,1.0,0.0,0.0,1.0,1.0,0.0,0.31361760660247595,0.2662652612093339,0.9083089790008501,1.1636876684851192,0.12541040192896488,0.08928571428571429,0.352773826458037,0.3567362428842505,727
robust_noaug,42,valid,ablation__audio+vision__r1p00__random__long,ablation,audio+vision,1.0,random,long,0.6413968351749895,51946,18628,0.0,1.0,1.0,0.0,1.0,0.0,0.625,0.6161941692305425,0.5845665928656951,0.7986590179470063,0.6759773157245708,0.6731234866828087,0.488262910798122,0.6871961102106969,728
robust_noaug,42,test,ablation__audio+vision__r1p00__random__long,ablation,audio+vision,1.0,random,long,0.6409648004706344,50995,18309,0.0,1.0,1.0,0.0,1.0,0.0,0.6685006877579092,0.6468663526130294,0.6224662185130331,0.8535637752795678,0.6911397515400777,0.7135922330097088,0.49171270718232046,0.7352941176470589,727
robust_noaug,42,valid,ablation__text+audio+vision__r1p00__random__long,ablation,text+audio+vision,1.0,random,long,1.0,51946,0,1.0,0.0,1.0,0.0,1.0,0.0,0.25274725274725274,0.13450292397660818,0.794096588372038,1.0655827614617623,0.017424248703898217,0.0,0.40350877192982454,0.0,728
robust_noaug,42,test,ablation__text+audio+vision__r1p00__random__long,ablation,text+audio+vision,1.0,random,long,1.0,50995,0,1.0,0.0,1.0,0.0,1.0,0.0,0.2173314993122421,0.11902071563088512,0.9098058815384501,1.1743025118177843,-0.040431215885067796,0.0,0.35706214689265536,0.0,727
robust_noaug,43,valid,baseline__complete__r0p00__none__none,baseline,,0.0,none,none,0.0,51946,51946,0.0,1.0,0.0,1.0,0.0,1.0,0.6277472527472527,0.6098681887955464,0.5873256792559974,0.7990325781161892,0.6707770783264646,0.6744730679156908,0.464,0.6911314984709481,728
robust_noaug,43,test,baseline__complete__r0p00__none__none,baseline,,0.0,none,none,0.0,50995,50995,0.0,1.0,0.0,1.0,0.0,1.0,0.6891334250343879,0.6489414385687441,0.6142113090145621,0.8484739150307383,0.6897531159525454,0.7214611872146118,0.46,0.7653631284916201,727
robust_noaug,43,valid,rate__text__r0p10__random__medium,rate,text,0.1,random,medium,0.03613367728025257,51946,50069,0.10076229332188104,0.899237706678119,0.0,1.0,0.0,1.0,0.6277472527472527,0.61025448006788,0.5941214221171461,0.8042251765914934,0.6573193614561966,0.6650602409638554,0.4675324675324675,0.698170731707317,728
robust_noaug,43,test,rate__text__r0p10__random__medium,rate,text,0.1,random,medium,0.03614079811746249,50995,49152,0.10066087716423616,0.8993391228357638,0.0,1.0,0.0,1.0,0.6671251719394773,0.6325673749243282,0.6476656062351707,0.8818712497774939,0.6557691647449119,0.6789838337182449,0.4672897196261682,0.7514285714285714,727
robust_noaug,43,valid,rate__text__r0p20__random__medium,rate,text,0.2,random,medium,0.07190159011280946,51946,48211,0.20050461670603392,0.7994953832939661,0.0,1.0,0.0,1.0,0.5769230769230769,0.5649358417575505,0.6288956945127511,0.8642588187300707,0.5879102850285545,0.6231884057971014,0.42615012106537536,0.6454689984101748,728
robust_noaug,43,test,rate__text__r0p20__random__medium,rate,text,0.2,random,medium,0.07173252279635259,50995,47337,0.19979245179966137,0.8002075482003387,0.0,1.0,0.0,1.0,0.6272352132049519,0.5996193832780855,0.6747374255901928,0.8991304196607441,0.6358262659424235,0.6523809523809524,0.4431486880466472,0.703328509406657,727
robust_noaug,43,valid,rate__text__r0p30__random__medium,rate,text,0.3,random,medium,0.1071112308936203,51946,46382,0.29869014386944387,0.7013098561305562,0.0,1.0,0.0,1.0,0.5796703296703297,0.5703784174928224,0.6546039216752563,0.9020694828276006,0.5425327200305511,0.6262626262626262,0.44235294117647067,0.6425196850393701,728
robust_noaug,43,test,rate__text__r0p30__random__medium,rate,text,0.3,random,medium,0.10753995489753898,50995,45511,0.2995248238571194,0.7004751761428806,0.0,1.0,0.0,1.0,0.609353507565337,0.5815320363611981,0.724629240645995,0.9827206028870837,0.5485442730984867,0.6078431372549019,0.4382022471910112,0.6985507246376812,727
robust_noaug,43,valid,rate__text__r0p40__random__medium,rate,text,0.4,random,medium,0.14355292034035344,51946,44489,0.40031135924414857,0.5996886407558514,0.0,1.0,0.0,1.0,0.5508241758241759,0.5435949747634554,0.6533170307034647,0.896269750302382,0.545762479319609,0.5744125326370757,0.43999999999999995,0.6163723916532905,728
robust_noaug,43,test,rate__text__r0p40__random__medium,rate,text,0.4,random,medium,0.14364153348367487,50995,43670,0.4000764651264406,0.5999235348735594,0.0,1.0,0.0,1.0,0.5983493810178817,0.5702436220038455,0.7170508634785838,0.9855501230891713,0.534766306416854,0.5940594059405941,0.4207650273224044,0.695906432748538,727
robust_noaug,43,valid,rate__audio__r0p10__random__medium,rate,audio,0.1,random,medium,0.03338081854233242,51946,50212,0.0,1.0,0.1012495620693682,0.8987504379306318,0.0,1.0,0.6291208791208791,0.6116965773856263,0.5871591273858979,0.7989114161688579,0.6708986451244133,0.6760563380281691,0.46684350132625996,0.6921898928024502,728
robust_noaug,43,test,rate__audio__r0p10__random__medium,rate,audio,0.1,random,medium,0.033218943033630745,50995,49301,0.0,1.0,0.10050430139424503,0.899495698605755,0.0,1.0,0.6905089408528198,0.6504250554466254,0.6144872643668435,0.8488351262071464,0.6894767220515292,0.7243735763097949,0.4615384615384615,0.7653631284916201,727
robust_noaug,43,valid,rate__audio__r0p20__random__medium,rate,audio,0.2,random,medium,0.06622261579332384,51946,48506,0.0,1.0,0.20086418311339485,0.7991358168866052,0.0,1.0,0.6277472527472527,0.6099845979819752,0.5875249727895218,0.7994726674233659,0.6702924293213924,0.6760563380281691,0.46276595744680854,0.6911314984709481,728
robust_noaug,43,test,rate__audio__r0p20__random__medium,rate,audio,0.2,random,medium,0.0666339837238945,50995,47597,0.0,1.0,0.2016018985464254,0.7983981014535746,0.0,1.0,0.687757909215956,0.6478564372161059,0.614436910084181,0.848858171587586,0.6894157869842523,0.7214611872146118,0.4584717607973422,0.7636363636363636,727
robust_noaug,43,valid,rate__audio__r0p30__random__medium,rate,audio,0.3,random,medium,0.09879490239864475,51946,46814,0.0,1.0,0.29966133364475067,0.7003386663552493,0.0,1.0,0.6277472527472527,0.6104419243851642,0.5868705734252356,0.7983458494437857,0.6713405154129197,0.6744730679156908,0.4656084656084656,0.6912442396313364,728
robust_noaug,43,test,rate__audio__r0p30__random__medium,rate,audio,0.3,random,medium,0.09881360917737034,50995,45956,0.0,1.0,0.2989617324236132,0.7010382675763869,0.0,1.0,0.6905089408528198,0.6512427121240706,0.6147636948806712,0.8486910185332409,0.6894566872004175,0.7243735763097949,0.46357615894039733,0.7657784011220197,727
robust_noaug,43,valid,rate__audio__r0p40__random__medium,rate,audio,0.4,random,medium,0.13167520117044623,51946,45106,0.0,1.0,0.3993927361905874,0.6006072638094125,0.0,1.0,0.6277472527472527,0.6105601749630191,0.5870281333247056,0.798666816739215,0.67083942645654,0.6760563380281691,0.46437994722955145,0.6912442396313364,728
robust_noaug,43,test,rate__audio__r0p40__random__medium,rate,audio,0.4,random,medium,0.1321698205706442,50995,44255,0.0,1.0,0.3998813408484129,0.600118659151587,0.0,1.0,0.6918844566712518,0.6524912698033427,0.614455851909424,0.8484409859190831,0.6895883005306386,0.7243735763097949,0.4666666666666667,0.7664335664335664,727
robust_noaug,43,valid,rate__vision__r0p10__random__medium,rate,vision,0.1,random,medium,0.03141724098101875,51946,50314,0.0,1.0,0.0,1.0,0.1007905138339921,0.8992094861660079,0.6263736263736264,0.6082664468575661,0.5873693495702285,0.7990714351001101,0.6705992543577397,0.6760563380281691,0.45866666666666667,0.6900763358778625,728
robust_noaug,43,test,rate__vision__r0p10__random__medium,rate,vision,0.1,random,medium,0.031179527404647515,50995,49405,0.0,1.0,0.0,1.0,0.1004358537047565,0.8995641462952435,0.6891334250343879,0.6489414385687441,0.6143695165594063,0.8484827759720468,0.689672121516329,0.7214611872146118,0.46,0.7653631284916201,727
robust_noaug,43,valid,rate__vision__r0p20__random__medium,rate,vision,0.2,random,medium,0.06269972663920224,51946,48689,0.0,1.0,0.0,1.0,0.20114871541501977,0.7988512845849802,0.625,0.6070710430259235,0.5871944786765828,0.7987498059710925,0.670729018979036,0.6744730679156908,0.45866666666666667,0.6880733944954128,728
robust_noaug,43,test,rate__vision__r0p20__random__medium,rate,vision,0.2,random,medium,0.06255515246592804,50995,47805,0.0,1.0,0.0,1.0,0.20150337944539196,0.798496620554608,0.6891334250343879,0.6489414385687441,0.61459033016469,0.8487217905661728,0.689410220715385,0.7214611872146118,0.46,0.7653631284916201,727
robust_noaug,43,valid,rate__vision__r0p30__random__medium,rate,vision,0.3,random,medium,0.09334693720401956,51946,47097,0.0,1.0,0.0,1.0,0.29946887351778656,0.7005311264822134,0.6291208791208791,0.6123191899146461,0.5867097133381681,0.7981121357815704,0.6712015601495378,0.6760563380281691,0.46965699208443273,0.6912442396313364,728
robust_noaug,43,test,rate__vision__r0p30__random__medium,rate,vision,0.3,random,medium,0.09283263065006374,50995,46261,0.0,1.0,0.0,1.0,0.29903354178510516,0.7009664582148948,0.687757909215956,0.6468687873239795,0.614778605700974,0.8493577150249614,0.6888897850704732,0.7214611872146118,0.45484949832775917,0.7642956764295675,727
robust_noaug,43,valid,rate__vision__r0p40__random__medium,rate,vision,0.4,random,medium,0.12447541677896277,51946,45480,0.0,1.0,0.0,1.0,0.39933300395256915,0.6006669960474308,0.6263736263736264,0.6091683909266313,0.5866196803687201,0.7985108584695625,0.6706001361591832,0.6729411764705882,0.46437994722955145,0.6901840490797546,728
robust_noaug,43,test,rate__vision__r0p40__random__medium,rate,vision,0.4,random,medium,0.12409059711736445,50995,44667,0.0,1.0,0.0,1.0,0.39972206430421325,0.6002779356957868,0.6891334250343879,0.6487888381485069,0.614622166085645,0.8488398663243107,0.6891919867512974,0.7214611872146118,0.4584717607973422,0.7664335664335664,727
robust_noaug,43,valid,rate__text+audio__r0p10__random__medium,rate,text+audio,0.1,random,medium,0.069514495822585,51946,48335,0.10076229332188104,0.899237706678119,0.1012495620693682,0.8987504379306318,0.0,1.0,0.6346153846153846,0.6204558540314095,0.5917142946170745,0.8120247750341093,0.651213630711565,0.6650485436893204,0.5,0.696319018404908,728
robust_noaug,43,test,rate__text+audio__r0p10__random__medium,rate,text+audio,0.1,random,medium,0.06935974115109324,50995,47458,0.10066087716423616,0.8993391228357638,0.10050430139424503,0.899495698605755,0.0,1.0,0.6602475928473177,0.6280463915182882,0.6487977950484012,0.8893907836896674,0.650070031459016,0.6804597701149426,0.4672897196261682,0.7363896848137536,727
robust_noaug,43,valid,rate__text+audio__r0p20__random__medium,rate,text+audio,0.2,random,medium,0.13812420590613328,51946,44771,0.20050461670603392,0.7994953832939661,0.20086418311339485,0.7991358168866052,0.0,1.0,0.6085164835164835,0.5965851803802613,0.6057752243519484,0.824852938555091,0.630225896685914,0.6483790523690773,0.47058823529411764,0.6707882534775889,728
robust_noaug,43,test,rate__text+audio__r0p20__random__medium,rate,text+audio,0.2,random,medium,0.1383665065202471,50995,43939,0.19979245179966137,0.8002075482003387,0.2016018985464254,0.7983981014535746,0.0,1.0,0.6286107290233838,0.598033953226261,0.672819738805376,0.9225977810116768,0.6124621047226524,0.6682692307692307,0.42011834319526625,0.7057142857142857,727
robust_noaug,43,valid,rate__text+audio__r0p30__random__medium,rate,text+audio,0.3,random,medium,0.20590613329226504,51946,41250,0.29869014386944387,0.7013098561305562,0.29966133364475067,0.7003386663552493,0.0,1.0,0.570054945054945,0.5624114634412117,0.615850499176144,0.8407739934435464,0.609583752621607,0.6071428571428571,0.448512585812357,0.631578947368421,728
robust_noaug,43,test,rate__text+audio__r0p30__random__medium,rate,text+audio,0.3,random,medium,0.20635356407490932,50995,40472,0.2995248238571194,0.7004751761428806,0.2989617324236132,0.7010382675763869,0.0,1.0,0.6313617606602476,0.6066716326067948,0.6793664019898175,0.9239537500752353,0.6116577356487605,0.6433915211970075,0.4666666666666667,0.7099567099567101,727
robust_noaug,43,valid,rate__text+audio__r0p40__random__medium,rate,text+audio,0.4,random,medium,0.2752281215107997,51946,37649,0.40031135924414857,0.5996886407558514,0.3993927361905874,0.6006072638094125,0.0,1.0,0.5398351648351648,0.531191585601381,0.6763975570479838,0.935403067186309,0.49073465274039096,0.5401069518716577,0.4353448275862069,0.6181229773462784,728
robust_noaug,43,test,rate__text+audio__r0p40__random__medium,rate,text+audio,0.4,random,medium,0.27581135405431906,50995,36930,0.4000764651264406,0.5999235348735594,0.3998813408484129,0.600118659151587,0.0,1.0,0.5873452544704264,0.566374162146329,0.730136300743323,0.9855021532970588,0.5370533043849468,0.5818181818181818,0.44274809160305345,0.6745562130177515,727
robust_noaug,43,valid,rate__text+vision__r0p10__random__medium,rate,text+vision,0.1,random,medium,0.06755091826127133,51946,48437,0.10076229332188104,0.899237706678119,0.0,1.0,0.1007905138339921,0.8992094861660079,0.592032967032967,0.573738137519031,0.613583644488724,0.8355927366532794,0.6265416892521372,0.6346153846153846,0.4229765013054831,0.6636225266362252,728
robust_noaug,43,test,rate__text+vision__r0p10__random__medium,rate,text+vision,0.1,random,medium,0.06732032552211001,50995,47562,0.10066087716423616,0.8993391228357638,0.0,1.0,0.1004358537047565,0.8995641462952435,0.6643741403026134,0.6274191653937112,0.6443128355739042,0.8851804390905398,0.655779663821103,0.6758620689655173,0.45425867507886436,0.7521367521367521,727
robust_noaug,43,valid,rate__text+vision__r0p20__random__medium,rate,text+vision,0.2,random,medium,0.1346013167520117,51946,44954,0.20050461670603392,0.7994953832939661,0.0,1.0,0.20114871541501977,0.7988512845849802,0.5975274725274725,0.5818152962404514,0.6051129385634519,0.8093368967274392,0.6451469833913998,0.6519607843137255,0.43187660668380456,0.6616084977238239,728
robust_noaug,43,test,rate__text+vision__r0p20__random__medium,rate,text+vision,0.2,random,medium,0.1342876752622806,50995,44147,0.19979245179966137,0.8002075482003387,0.0,1.0,0.20150337944539196,0.798496620554608,0.656121045392022,0.6301958064823054,0.6756864697653211,0.9297853177852965,0.6094950830954785,0.6854460093896714,0.478134110787172,0.727007299270073,727
robust_noaug,43,valid,rate__text+vision__r0p30__random__medium,rate,text+vision,0.3,random,medium,0.20045816809763986,51946,41533,0.29869014386944387,0.7013098561305562,0.0,1.0,0.29946887351778656,0.7005311264822134,0.5961538461538461,0.587743770378723,0.619083742733922,0.8513031212794925,0.5975231175876715,0.6304909560723514,0.469248291571754,0.6634920634920635,728
robust_noaug,43,test,rate__text+vision__r0p30__random__medium,rate,text+vision,0.3,random,medium,0.2003725855476027,50995,40777,0.2995248238571194,0.7004751761428806,0.0,1.0,0.29903354178510516,0.7009664582148948,0.6134800550206327,0.5879110057825656,0.7162290611695062,0.9672584030459558,0.5665920453697633,0.6210268948655256,0.446927374301676,0.695778748180495,727
robust_noaug,43,valid,rate__text+vision__r0p40__random__medium,rate,text+vision,0.4,random,medium,0.26802833711931623,51946,38023,0.40031135924414857,0.5996886407558514,0.0,1.0,0.39933300395256915,0.6006669960474308,0.5535714285714286,0.5486073899694213,0.6919255138344163,0.9398603619202841,0.4849462581997552,0.5842105263157895,0.4577777777777778,0.6038338658146966,728
robust_noaug,43,test,rate__text+vision__r0p40__random__medium,rate,text+vision,0.4,random,medium,0.26773213060103934,50995,37342,0.4000764651264406,0.5999235348735594,0.0,1.0,0.39972206430421325,0.6002779356957868,0.5680880330123796,0.5393642764676652,0.7647639575479693,1.0326418019778265,0.48547181545600443,0.5552825552825552,0.39024390243902446,0.672566371681416,727
robust_noaug,43,valid,rate__audio+vision__r0p10__random__medium,rate,audio+vision,0.1,random,medium,0.06479805952335117,51946,48580,0.0,1.0,0.1012495620693682,0.8987504379306318,0.1007905138339921,0.8992094861660079,0.6277472527472527,0.6098681887955464,0.5872937741402823,0.7987949134891891,0.670846762006372,0.6744730679156908,0.464,0.6911314984709481,728
robust_noaug,43,test,rate__audio+vision__r0p10__random__medium,rate,audio+vision,0.1,random,medium,0.06439847043827826,50995,47711,0.0,1.0,0.10050430139424503,0.899495698605755,0.1004358537047565,0.8995641462952435,0.6891334250343879,0.6489414385687441,0.6141713047156717,0.8482373342311808,0.6898989262128667,0.7214611872146118,0.46,0.7653631284916201,727
robust_noaug,43,valid,rate__audio+vision__r0p20__random__medium,rate,audio+vision,0.2,random,medium,0.1289223424325261,51946,45249,0.0,1.0,0.20086418311339485,0.7991358168866052,0.20114871541501977,0.7988512845849802,0.6291208791208791,0.6116965773856263,0.5877062202850868,0.7989196659981898,0.6706247022062164,0.6760563380281691,0.46684350132625996,0.6921898928024502,728
robust_noaug,43,test,rate__audio+vision__r0p20__random__medium,rate,audio+vision,0.2,random,medium,0.12918913618982253,50995,44407,0.0,1.0,0.2016018985464254,0.7983981014535746,0.20150337944539196,0.798496620554608,0.6918844566712518,0.652094759487428,0.6141623721664267,0.8479976428783,0.689892155325557,0.7214611872146118,0.4666666666666667,0.7681564245810056,727
robust_noaug,43,valid,rate__audio+vision__r0p30__random__medium,rate,audio+vision,0.3,random,medium,0.19214183960266432,51946,41965,0.0,1.0,0.29966133364475067,0.7003386663552493,0.29946887351778656,0.7005311264822134,0.6277472527472527,0.6108134899427163,0.5871905868791125,0.7986248873457085,0.670584185800504,0.6729411764705882,0.4671916010498688,0.6923076923076922,728
robust_noaug,43,test,rate__audio+vision__r0p30__random__medium,rate,audio+vision,0.3,random,medium,0.19164623982743406,50995,41222,0.0,1.0,0.2989617324236132,0.7010382675763869,0.29903354178510516,0.7009664582148948,0.6850068775790922,0.6446634206087509,0.6141347497845122,0.8483700211874213,0.6894758918839826,0.7198177676537585,0.45333333333333337,0.7608391608391608,727
robust_noaug,43,valid,rate__audio+vision__r0p40__random__medium,rate,audio+vision,0.4,random,medium,0.256150617949409,51946,38640,0.0,1.0,0.3993927361905874,0.6006072638094125,0.39933300395256915,0.6006669960474308,0.6236263736263736,0.6062651756940186,0.5867172110324296,0.7981960135742743,0.6705861036770123,0.6713615023474179,0.46031746031746035,0.6871165644171778,728
robust_noaug,43,test,rate__audio+vision__r0p40__random__medium,rate,audio+vision,0.4,random,medium,0.2562604176880086,50995,37927,0.0,1.0,0.3998813408484129,0.600118659151587,0.39972206430421325,0.6002779356957868,0.687757909215956,0.6477545183512833,0.6143637864582723,0.848209466091328,0.6896571449097981,0.7231121281464531,0.45544554455445546,0.7647058823529412,727
robust_noaug,43,valid,rate__text+audio+vision__r0p10__random__medium,rate,text+audio+vision,0.1,random,medium,0.10093173680360375,51946,46703,0.10076229332188104,0.899237706678119,0.1012495620693682,0.8987504379306318,0.1007905138339921,0.8992094861660079,0.614010989010989,0.5995476462304838,0.6153426051528735,0.8445676208771148,0.615195780885818,0.6634382566585957,0.4603580562659847,0.674846625766871,728
robust_noaug,43,test,rate__text+audio+vision__r0p10__random__medium,rate,text+audio+vision,0.1,random,medium,0.10053926855574076,50995,45868,0.10066087716423616,0.8993391228357638,0.10050430139424503,0.899495698605755,0.1004358537047565,0.8995641462952435,0.6588720770288858,0.6196708597224619,0.6412163264434554,0.8612243501784497,0.6748483149128034,0.6915887850467289,0.42271293375394325,0.7447108603667139,727
robust_noaug,43,valid,rate__text+audio+vision__r0p20__random__medium,rate,text+audio+vision,0.2,random,medium,0.20082393254533554,51946,41514,0.20050461670603392,0.7994953832939661,0.20086418311339485,0.7991358168866052,0.20114871541501977,0.7988512845849802,0.603021978021978,0.5928160806933317,0.616800927746386,0.8385175726769029,0.6227431560545733,0.645933014354067,0.47432762836185816,0.65818759936407,728
robust_noaug,43,test,rate__text+audio+vision__r0p20__random__medium,rate,text+audio+vision,0.2,random,medium,0.20092165898617512,50995,40749,0.19979245179966137,0.8002075482003387,0.2016018985464254,0.7983981014535746,0.20150337944539196,0.798496620554608,0.6519944979367263,0.6173203832045774,0.6712275349228878,0.9181469449910357,0.6177131006404565,0.6571428571428573,0.45679012345679004,0.7380281690140846,727
robust_noaug,43,valid,rate__text+audio+vision__r0p30__random__medium,rate,text+audio+vision,0.3,random,medium,0.2992530704962846,51946,36401,0.29869014386944387,0.7013098561305562,0.29966133364475067,0.7003386663552493,0.29946887351778656,0.7005311264822134,0.5851648351648352,0.5708422291976708,0.638965704007545,0.8790584842473479,0.5656634398382503,0.618925831202046,0.4320388349514563,0.66156202143951,728
robust_noaug,43,test,rate__text+audio+vision__r0p30__random__medium,rate,text+audio+vision,0.3,random,medium,0.29918619472497304,50995,35738,0.2995248238571194,0.7004751761428806,0.2989617324236132,0.7010382675763869,0.29903354178510516,0.7009664582148948,0.6368638239339752,0.6145142759119734,0.6991140494299886,0.9595610548856836,0.5693042373822074,0.6448362720403022,0.4812834224598931,0.7174231332357247,727
robust_noaug,43,valid,rate__text+audio+vision__r0p40__random__medium,rate,text+audio+vision,0.4,random,medium,0.39970353828976246,51946,31183,0.40031135924414857,0.5996886407558514,0.3993927361905874,0.6006072638094125,0.39933300395256915,0.6006669960474308,0.5315934065934066,0.5235840866036724,0.6631480856071953,0.8858409913529214,0.5435303738299644,0.5585106382978724,0.40618101545253865,0.6060606060606061,728
robust_noaug,43,test,rate__text+audio+vision__r0p40__random__medium,rate,text+audio+vision,0.4,random,medium,0.3999019511716835,50995,30602,0.4000764651264406,0.5999235348735594,0.3998813408484129,0.600118659151587,0.39972206430421325,0.6002779356957868,0.6066024759284732,0.5861699822732057,0.7238221239488177,0.9965146297953728,0.5246571823553218,0.5979899497487438,0.467866323907455,0.6926536731634183,727
robust_noaug,43,valid,position__text__r0p30__prefix__medium,position,text,0.3,prefix,medium,0.1071112308936203,51946,46382,0.29869014386944387,0.7013098561305562,0.0,1.0,0.0,1.0,0.6071428571428571,0.5974752821348109,0.6066937534046452,0.8295712457537101,0.6101031616401168,0.6299212598425197,0.4896073903002309,0.6728971962616823,728
robust_noaug,43,test,position__text__r0p30__prefix__medium,position,text,0.3,prefix,medium,0.10753995489753898,50995,45511,0.2995248238571194,0.7004751761428806,0.0,1.0,0.0,1.0,0.6382393397524071,0.61154711848892,0.6464576414918227,0.8762024912483716,0.6576782998104609,0.6498740554156172,0.4540540540540541,0.7307132459970888,727
robust_noaug,43,valid,position__text__r0p30__middle__medium,position,text,0.3,middle,medium,0.1071112308936203,51946,46382,0.29869014386944387,0.7013098561305562,0.0,1.0,0.0,1.0,0.5851648351648352,0.5774940836026937,0.6407273451715789,0.8598479723330444,0.5940806412948152,0.6451612903225806,0.45023696682464454,0.6370839936608558,728
robust_noaug,43,test,position__text__r0p30__middle__medium,position,text,0.3,middle,medium,0.10753995489753898,50995,45511,0.2995248238571194,0.7004751761428806,0.0,1.0,0.0,1.0,0.6354883081155434,0.6083412130505154,0.689920995942992,0.9448217328968959,0.5917465546608056,0.6298076923076923,0.4742857142857143,0.7209302325581396,727
robust_noaug,43,valid,position__text__r0p30__suffix__medium,position,text,0.3,suffix,medium,0.1071112308936203,51946,46382,0.29869014386944387,0.7013098561305562,0.0,1.0,0.0,1.0,0.5151098901098901,0.4964339395395257,0.7301916329364119,0.9751282703041915,0.4697406717021418,0.5372460496613997,0.36363636363636365,0.5884194053208138,728
robust_noaug,43,test,position__text__r0p30__suffix__medium,position,text,0.3,suffix,medium,0.10753995489753898,50995,45511,0.2995248238571194,0.7004751761428806,0.0,1.0,0.0,1.0,0.5639614855570839,0.5283224003887269,0.7782812067954461,1.0361738480366467,0.4996867254004916,0.5848214285714286,0.35,0.6501457725947521,727
robust_noaug,43,valid,position__text__r0p30__random__medium,position,text,0.3,random,medium,0.1071112308936203,51946,46382,0.29869014386944387,0.7013098561305562,0.0,1.0,0.0,1.0,0.5989010989010989,0.5892172457044378,0.6409698680739154,0.8924161264651507,0.5573989475510565,0.6206896551724137,0.48243559718969553,0.6645264847512039,728
robust_noaug,43,test,position__text__r0p30__random__medium,position,text,0.3,random,medium,0.10753995489753898,50995,45511,0.2995248238571194,0.7004751761428806,0.0,1.0,0.0,1.0,0.6231086657496562,0.5920156388839043,0.6967832516914713,0.9446800077296145,0.5872355827494306,0.6341463414634146,0.4314868804664723,0.710413694721826,727
robust_noaug,43,valid,duration__text__r0p30__random__short,duration,text,0.3,random,short,0.1071112308936203,51946,46382,0.29869014386944387,0.7013098561305562,0.0,1.0,0.0,1.0,0.5535714285714286,0.5389572377036068,0.6451482068348143,0.8866467325736173,0.5554576828197746,0.5707196029776676,0.40476190476190477,0.641390205371248,728
robust_noaug,43,test,duration__text__r0p30__random__short,duration,text,0.3,random,short,0.10753995489753898,50995,45511,0.2995248238571194,0.7004751761428806,0.0,1.0,0.0,1.0,0.594222833562586,0.5712570088863077,0.7068873790273394,0.9548873652766608,0.5741474850787525,0.5994962216624685,0.4338624338624339,0.6804123711340206,727
robust_noaug,43,valid,duration__text__r0p30__random__medium,duration,text,0.3,random,medium,0.1071112308936203,51946,46382,0.29869014386944387,0.7013098561305562,0.0,1.0,0.0,1.0,0.5645604395604396,0.5557533788658663,0.6377661744654588,0.8718490518827098,0.5731815274439436,0.6185567010309277,0.42253521126760557,0.6261682242990654,728
robust_noaug,43,test,duration__text__r0p30__random__medium,duration,text,0.3,random,medium,0.10753995489753898,50995,45511,0.2995248238571194,0.7004751761428806,0.0,1.0,0.0,1.0,0.6011004126547456,0.5723996691042842,0.7151847930863356,0.9643675254717586,0.5670292593678098,0.581453634085213,0.44134078212290506,0.6944045911047345,727
robust_noaug,43,valid,duration__text__r0p30__random__long,duration,text,0.3,random,long,0.1071112308936203,51946,46382,0.29869014386944387,0.7013098561305562,0.0,1.0,0.0,1.0,0.5892857142857143,0.5819810443791464,0.6343511845865338,0.8713319726218409,0.5820209121253895,0.64321608040201,0.4633569739952719,0.6393700787401574,728
robust_noaug,43,test,duration__text__r0p30__random__long,duration,text,0.3,random,long,0.10753995489753898,50995,45511,0.2995248238571194,0.7004751761428806,0.0,1.0,0.0,1.0,0.6423658872077029,0.6165553812444088,0.6946435622419993,0.9453240373057091,0.5924102518103089,0.6538461538461537,0.48235294117647054,0.7134670487106017,727
robust_noaug,43,valid,position__audio__r0p30__prefix__medium,position,audio,0.3,prefix,medium,0.09879490239864475,51946,46814,0.0,1.0,0.29966133364475067,0.7003386663552493,0.0,1.0,0.6236263736263736,0.6064037308757025,0.5872449980086678,0.7990387441382748,0.6706765471010648,0.6728971962616822,0.4591029023746703,0.6872110939907551,728
robust_noaug,43,test,position__audio__r0p30__prefix__medium,position,audio,0.3,prefix,medium,0.09881360917737034,50995,45956,0.0,1.0,0.2989617324236132,0.7010382675763869,0.0,1.0,0.6836313617606602,0.6459126748069846,0.6136065238812602,0.848019543762371,0.6899574299669858,0.7227272727272727,0.4590163934426229,0.755994358251058,727
robust_noaug,43,valid,position__audio__r0p30__middle__medium,position,audio,0.3,middle,medium,0.09879490239864475,51946,46814,0.0,1.0,0.29966133364475067,0.7003386663552493,0.0,1.0,0.6263736263736264,0.6086747673092795,0.587975587465565,0.7994847713621718,0.670338760437143,0.6728971962616822,0.464,0.6891271056661562,728
robust_noaug,43,test,position__audio__r0p30__middle__medium,position,audio,0.3,middle,medium,0.09881360917737034,50995,45956,0.0,1.0,0.2989617324236132,0.7010382675763869,0.0,1.0,0.6891334250343879,0.6489414385687441,0.6142509244382381,0.8484713915237875,0.6896527682753552,0.7214611872146118,0.46,0.7653631284916201,727
robust_noaug,43,valid,position__audio__r0p30__suffix__medium,position,audio,0.3,suffix,medium,0.09879490239864475,51946,46814,0.0,1.0,0.29966133364475067,0.7003386663552493,0.0,1.0,0.6263736263736264,0.6082664468575661,0.5862445428578572,0.7975993040008746,0.6713960102164251,0.6760563380281691,0.45866666666666667,0.6900763358778625,728
robust_noaug,43,test,position__audio__r0p30__suffix__medium,position,audio,0.3,suffix,medium,0.09881360917737034,50995,45956,0.0,1.0,0.2989617324236132,0.7010382675763869,0.0,1.0,0.6891334250343879,0.6487888381485069,0.6151404914380841,0.8487953716873752,0.6891889018542214,0.7214611872146118,0.4584717607973422,0.7664335664335664,727
robust_noaug,43,valid,position__audio__r0p30__random__medium,position,audio,0.3,random,medium,0.09879490239864475,51946,46814,0.0,1.0,0.29966133364475067,0.7003386663552493,0.0,1.0,0.6277472527472527,0.6105601749630191,0.5870645772921597,0.7988563118881103,0.6707549172787428,0.6760563380281691,0.46437994722955145,0.6912442396313364,728
robust_noaug,43,test,position__audio__r0p30__random__medium,position,audio,0.3,random,medium,0.09881360917737034,50995,45956,0.0,1.0,0.2989617324236132,0.7010382675763869,0.0,1.0,0.6891334250343879,0.6489414385687441,0.6143713758174623,0.8485562535464728,0.6895918587456152,0.7214611872146118,0.46,0.7653631284916201,727
robust_noaug,43,valid,duration__audio__r0p30__random__short,duration,audio,0.3,random,short,0.09879490239864475,51946,46814,0.0,1.0,0.29966133364475067,0.7003386663552493,0.0,1.0,0.625,0.6077093646237768,0.5874634029057163,0.798943829026726,0.6708178318522169,0.6744730679156908,0.4615384615384615,0.6871165644171778,728
robust_noaug,43,test,duration__audio__r0p30__random__short,duration,audio,0.3,random,short,0.09881360917737034,50995,45956,0.0,1.0,0.2989617324236132,0.7010382675763869,0.0,1.0,0.6891334250343879,0.6487888381485069,0.6142217799191052,0.848359281423602,0.6898227852189188,0.7214611872146118,0.4584717607973422,0.7664335664335664,727
robust_noaug,43,valid,duration__audio__r0p30__random__medium,duration,audio,0.3,random,medium,0.09879490239864475,51946,46814,0.0,1.0,0.29966133364475067,0.7003386663552493,0.0,1.0,0.6277472527472527,0.6105002061072351,0.5877401713322807,0.7991737390836132,0.6705293501180966,0.6744730679156908,0.46684350132625996,0.6901840490797546,728
robust_noaug,43,test,duration__audio__r0p30__random__medium,duration,audio,0.3,random,medium,0.09881360917737034,50995,45956,0.0,1.0,0.2989617324236132,0.7010382675763869,0.0,1.0,0.687757909215956,0.6487890928759388,0.6146067226103198,0.8488117210121197,0.6894075301677463,0.7198177676537585,0.46357615894039733,0.7629733520336605,727
robust_noaug,43,valid,duration__audio__r0p30__random__long,duration,audio,0.3,random,long,0.09879490239864475,51946,46814,0.0,1.0,0.29966133364475067,0.7003386663552493,0.0,1.0,0.6277472527472527,0.6099845979819752,0.586558533704502,0.7980483932058349,0.6713360791459334,0.6760563380281691,0.46276595744680854,0.6911314984709481,728
robust_noaug,43,test,duration__audio__r0p30__random__long,duration,audio,0.3,random,long,0.09881360917737034,50995,45956,0.0,1.0,0.2989617324236132,0.7010382675763869,0.0,1.0,0.6891334250343879,0.6489414385687441,0.613824539460457,0.8480541195248102,0.689987670508522,0.7214611872146118,0.46,0.7653631284916201,727
robust_noaug,43,valid,position__vision__r0p30__prefix__medium,position,vision,0.3,prefix,medium,0.09334693720401956,51946,47097,0.0,1.0,0.0,1.0,0.29946887351778656,0.7005311264822134,0.6277472527472527,0.6099845979819752,0.5870979904698638,0.7988044917453436,0.6706611111569464,0.6760563380281691,0.46276595744680854,0.6911314984709481,728
robust_noaug,43,test,position__vision__r0p30__prefix__medium,position,vision,0.3,prefix,medium,0.09283263065006374,50995,46261,0.0,1.0,0.0,1.0,0.29903354178510516,0.7009664582148948,0.6891334250343879,0.6489414385687441,0.6139249816700878,0.84791831772189,0.6900594140155082,0.7214611872146118,0.46,0.7653631284916201,727
robust_noaug,43,valid,position__vision__r0p30__middle__medium,position,vision,0.3,middle,medium,0.09334693720401956,51946,47097,0.0,1.0,0.0,1.0,0.29946887351778656,0.7005311264822134,0.6304945054945055,0.6127770156192103,0.5868893995993658,0.7981148573212844,0.6710557849236126,0.6760563380281691,0.4680851063829787,0.6941896024464832,728
robust_noaug,43,test,position__vision__r0p30__middle__medium,position,vision,0.3,middle,medium,0.09283263065006374,50995,46261,0.0,1.0,0.0,1.0,0.29903354178510516,0.7009664582148948,0.687757909215956,0.6477069039838863,0.6144342510262825,0.8487629858480503,0.6892899482335446,0.7214611872146118,0.456953642384106,0.7647058823529412,727
robust_noaug,43,valid,position__vision__r0p30__suffix__medium,position,vision,0.3,suffix,medium,0.09334693720401956,51946,47097,0.0,1.0,0.0,1.0,0.29946887351778656,0.7005311264822134,0.6208791208791209,0.6039896842059566,0.5878358101983975,0.7992671677964451,0.670443610933534,0.6697892271662763,0.4591029023746703,0.683076923076923,728
robust_noaug,43,test,position__vision__r0p30__suffix__medium,position,vision,0.3,suffix,medium,0.09283263065006374,50995,46261,0.0,1.0,0.0,1.0,0.29903354178510516,0.7009664582148948,0.6836313617606602,0.6424411983865287,0.614946774846299,0.8486616570085416,0.689440468078431,0.7198177676537585,0.44666666666666666,0.7608391608391608,727
robust_noaug,43,valid,position__vision__r0p30__random__medium,position,vision,0.3,random,medium,0.09334693720401956,51946,47097,0.0,1.0,0.0,1.0,0.29946887351778656,0.7005311264822134,0.6263736263736264,0.6090513390118794,0.5870798075326032,0.7985333388472301,0.670846537346039,0.6713615023474179,0.4656084656084656,0.6901840490797546,728
robust_noaug,43,test,position__vision__r0p30__random__medium,position,vision,0.3,random,medium,0.09283263065006374,50995,46261,0.0,1.0,0.0,1.0,0.29903354178510516,0.7009664582148948,0.687757909215956,0.6478564372161059,0.614073872064052,0.8482583971628412,0.6897202845590653,0.7214611872146118,0.4584717607973422,0.7636363636363636,727
robust_noaug,43,valid,duration__vision__r0p30__random__short,duration,vision,0.3,random,short,0.09334693720401956,51946,47097,0.0,1.0,0.0,1.0,0.29946887351778656,0.7005311264822134,0.6277472527472527,0.6098681887955464,0.5874119790291393,0.7985040188537276,0.6708106802429445,0.6744730679156908,0.464,0.6911314984709481,728
robust_noaug,43,test,duration__vision__r0p30__random__short,duration,vision,0.3,random,short,0.09283263065006374,50995,46261,0.0,1.0,0.0,1.0,0.29903354178510516,0.7009664582148948,0.6891334250343879,0.6487888381485069,0.6143538743882675,0.848696324986457,0.6893803739983261,0.7214611872146118,0.4584717607973422,0.7664335664335664,727
robust_noaug,43,valid,duration__vision__r0p30__random__medium,duration,vision,0.3,random,medium,0.09334693720401956,51946,47097,0.0,1.0,0.0,1.0,0.29946887351778656,0.7005311264822134,0.6236263736263736,0.605627235117823,0.5871700799645303,0.7987875338906257,0.6706250978191911,0.6713615023474179,0.4574468085106383,0.6880733944954128,728
robust_noaug,43,test,duration__vision__r0p30__random__medium,duration,vision,0.3,random,medium,0.09283263065006374,50995,46261,0.0,1.0,0.0,1.0,0.29903354178510516,0.7009664582148948,0.687757909215956,0.6467192163465217,0.6139444737058476,0.8484234605074934,0.6896006985571509,0.7214611872146118,0.45333333333333337,0.7653631284916201,727
robust_noaug,43,valid,duration__vision__r0p30__random__long,duration,vision,0.3,random,long,0.09334693720401956,51946,47097,0.0,1.0,0.0,1.0,0.29946887351778656,0.7005311264822134,0.6291208791208791,0.6109478268730957,0.5874110228525331,0.7987674502356953,0.6705075797891606,0.6744730679156908,0.4652406417112299,0.6931297709923664,728
robust_noaug,43,test,duration__vision__r0p30__random__long,duration,vision,0.3,random,long,0.09283263065006374,50995,46261,0.0,1.0,0.0,1.0,0.29903354178510516,0.7009664582148948,0.6850068775790922,0.6445656916490627,0.6140667843738727,0.848671696759595,0.6894163326178148,0.7214611872146118,0.4503311258278146,0.7619047619047619,727
robust_noaug,43,valid,ablation__complete__r0p00__none__none,ablation,,0.0,none,none,0.0,51946,51946,0.0,1.0,0.0,1.0,0.0,1.0,0.6277472527472527,0.6098681887955464,0.5873256792559974,0.7990325781161892,0.6707770783264646,0.6744730679156908,0.464,0.6911314984709481,728
robust_noaug,43,test,ablation__complete__r0p00__none__none,ablation,,0.0,none,none,0.0,50995,50995,0.0,1.0,0.0,1.0,0.0,1.0,0.6891334250343879,0.6489414385687441,0.6142113090145621,0.8484739150307383,0.6897531159525454,0.7214611872146118,0.46,0.7653631284916201,727
robust_noaug,43,valid,ablation__text__r1p00__random__long,ablation,text,1.0,random,long,0.3586031648250106,51946,33318,1.0,0.0,0.0,1.0,0.0,1.0,0.3516483516483517,0.32929121175339426,0.7818419921242601,1.037180071259335,0.23578045321143404,0.24080267558528426,0.40571428571428575,0.34135667396061276,728
robust_noaug,43,test,ablation__text__r1p00__random__long,ablation,text,1.0,random,long,0.35903519952936563,50995,32686,1.0,0.0,0.0,1.0,0.0,1.0,0.3576341127922971,0.3365837774724583,0.8840042285395702,1.1400912458419432,0.23233623824657174,0.22000000000000003,0.3747980613893377,0.4149532710280373,727
robust_noaug,43,valid,ablation__audio__r1p00__random__long,ablation,audio,1.0,random,long,0.3296885226966465,51946,34820,0.0,1.0,1.0,0.0,0.0,1.0,0.6277472527472527,0.610153560264481,0.5887022751465358,0.8022692092463259,0.6698613804322088,0.6777251184834124,0.46276595744680854,0.6899696048632219,728
robust_noaug,43,test,ablation__audio__r1p00__random__long,ablation,audio,1.0,random,long,0.33052260025492697,50995,34140,0.0,1.0,1.0,0.0,0.0,1.0,0.687757909215956,0.649872656407363,0.6190806393968927,0.8530781098029809,0.6875106108481835,0.724770642201835,0.46254071661237783,0.7623066104078762,727
robust_noaug,43,valid,ablation__vision__r1p00__random__long,ablation,vision,1.0,random,long,0.3117083124783429,51946,35754,0.0,1.0,0.0,1.0,1.0,0.0,0.6236263736263736,0.6017764309333044,0.5989901776231088,0.8120599912472715,0.6630657444232358,0.6729411764705882,0.44077134986225897,0.6916167664670658,728
robust_noaug,43,test,ablation__vision__r1p00__random__long,ablation,vision,1.0,random,long,0.3104422002157074,50995,35164,0.0,1.0,0.0,1.0,1.0,0.0,0.6808803301237965,0.6431136315010065,0.625706675860831,0.8589561284098057,0.6845512303796455,0.7168949771689497,0.45751633986928103,0.7549295774647887,727
robust_noaug,43,valid,ablation__text+audio__r1p00__random__long,ablation,text+audio,1.0,random,long,0.6882916875216571,51946,16192,1.0,0.0,1.0,0.0,0.0,1.0,0.32005494505494503,0.24419595361646085,0.7824412500843979,1.039464702323577,0.23904689786088715,0.018691588785046728,0.4079601990049751,0.30593607305936077,728
robust_noaug,43,test,ablation__text+audio__r1p00__random__long,ablation,text+audio,1.0,random,long,0.6895577997842925,50995,15831,1.0,0.0,1.0,0.0,0.0,1.0,0.312242090784044,0.2517900371667719,0.8858179161261045,1.1449973867096825,0.21772105764281394,0.028037383177570093,0.34782608695652173,0.37950664136622386,727
robust_noaug,43,valid,ablation__text+vision__r1p00__random__long,ablation,text+vision,1.0,random,long,0.6703114773033535,51946,17126,1.0,0.0,0.0,1.0,1.0,0.0,0.27197802197802196,0.1767976695558362,0.789103866989755,1.0561176693821452,0.07081058785439405,0.0,0.4018583042973287,0.12853470437017994,728
robust_noaug,43,test,ablation__text+vision__r1p00__random__long,ablation,text+vision,1.0,random,long,0.669477399745073,50995,16855,1.0,0.0,0.0,1.0,1.0,0.0,0.2696011004126547,0.19447458444474586,0.8945073120121779,1.1568671953977963,0.14604859939968826,0.0,0.3688118811881188,0.21461187214611874,727
robust_noaug,43,valid,ablation__audio+vision__r1p00__random__long,ablation,audio+vision,1.0,random,long,0.6413968351749895,51946,18628,0.0,1.0,1.0,0.0,1.0,0.0,0.6208791208791209,0.5999793576838678,0.6018178671659841,0.8168299271666812,0.6619266312059342,0.6761229314420805,0.43715846994535523,0.6866566716641679,728
robust_noaug,43,test,ablation__audio+vision__r1p00__random__long,ablation,audio+vision,1.0,random,long,0.6409648004706344,50995,18309,0.0,1.0,1.0,0.0,1.0,0.0,0.6795048143053645,0.6440163275474643,0.630787694378355,0.8652155579824307,0.6818375616389589,0.7209302325581395,0.46006389776357826,0.7510548523206751,727
robust_noaug,43,valid,ablation__text+audio+vision__r1p00__random__long,ablation,text+audio+vision,1.0,random,long,1.0,51946,0,1.0,0.0,1.0,0.0,1.0,0.0,0.25274725274725274,0.13450292397660818,0.7879708791253986,1.062775341719632,0.0,0.0,0.40350877192982454,0.0,728
robust_noaug,43,test,ablation__text+audio+vision__r1p00__random__long,ablation,text+audio+vision,1.0,random,long,1.0,50995,0,1.0,0.0,1.0,0.0,1.0,0.0,0.2173314993122421,0.11902071563088512,0.9037299814391907,1.1719931264520371,0.0,0.0,0.35706214689265536,0.0,727
robust_noaug,44,valid,baseline__complete__r0p00__none__none,baseline,,0.0,none,none,0.0,51946,51946,0.0,1.0,0.0,1.0,0.0,1.0,0.6428571428571429,0.6138154769376939,0.563256625505676,0.7613621039592269,0.6852597767480931,0.6612466124661247,0.44686648501362397,0.7333333333333332,728
robust_noaug,44,test,baseline__complete__r0p00__none__none,baseline,,0.0,none,none,0.0,50995,50995,0.0,1.0,0.0,1.0,0.0,1.0,0.7001375515818432,0.656171466488272,0.6018886499752533,0.8162010173601401,0.716167977036335,0.7150259067357512,0.47019867549668876,0.7832898172323759,727
robust_noaug,44,valid,rate__text__r0p10__random__medium,rate,text,0.1,random,medium,0.03613367728025257,51946,50069,0.10076229332188104,0.899237706678119,0.0,1.0,0.0,1.0,0.6318681318681318,0.6062750395677537,0.5726542093504506,0.7793114405013708,0.6688337843207548,0.6350974930362118,0.4587628865979381,0.7249647390691114,728
robust_noaug,44,test,rate__text__r0p10__random__medium,rate,text,0.1,random,medium,0.03614079811746249,50995,49152,0.10066087716423616,0.8993391228357638,0.0,1.0,0.0,1.0,0.6629986244841816,0.6212258112165574,0.6489851855899642,0.8864889628618696,0.6505623839182788,0.6348314606741573,0.46706586826347307,0.7617801047120419,727
robust_noaug,44,valid,rate__text__r0p20__random__medium,rate,text,0.2,random,medium,0.07190159011280946,51946,48211,0.20050461670603392,0.7994953832939661,0.0,1.0,0.0,1.0,0.592032967032967,0.5702976013336686,0.6152226777777976,0.8443081278692381,0.5885272808537557,0.5748502994011976,0.4513064133016627,0.6847360912981455,728
robust_noaug,44,test,rate__text__r0p20__random__medium,rate,text,0.2,random,medium,0.07173252279635259,50995,47337,0.19979245179966137,0.8002075482003387,0.0,1.0,0.0,1.0,0.6396148555708391,0.5926122153049386,0.6666670610367268,0.8983885983115795,0.6373071246534313,0.6253521126760563,0.406060606060606,0.7464239271781534,727
robust_noaug,44,valid,rate__text__r0p30__random__medium,rate,text,0.3,random,medium,0.1071112308936203,51946,46382,0.29869014386944387,0.7013098561305562,0.0,1.0,0.0,1.0,0.5769230769230769,0.5504652586498726,0.6291165007022466,0.8518408173638847,0.5795155317554246,0.5313432835820895,0.43914081145584727,0.680911680911681,728
robust_noaug,44,test,rate__text__r0p30__random__medium,rate,text,0.3,random,medium,0.10753995489753898,50995,45511,0.2995248238571194,0.7004751761428806,0.0,1.0,0.0,1.0,0.6437414030261348,0.6037096913990632,0.6809847536644139,0.9279421653340375,0.6079670980438974,0.6024096385542169,0.47093023255813954,0.7377892030848329,727
robust_noaug,44,valid,rate__text__r0p40__random__medium,rate,text,0.4,random,medium,0.14355292034035344,51946,44489,0.40031135924414857,0.5996886407558514,0.0,1.0,0.0,1.0,0.554945054945055,0.5356442277060837,0.6374084229151217,0.8672763028393898,0.5565727888882525,0.5078369905956113,0.44924406047516197,0.6498516320474778,728
robust_noaug,44,test,rate__text__r0p40__random__medium,rate,text,0.4,random,medium,0.14364153348367487,50995,43670,0.4000764651264406,0.5999235348735594,0.0,1.0,0.0,1.0,0.6011004126547456,0.5586728235200095,0.7010627435686828,0.9585177934988655,0.570465140778832,0.5263157894736842,0.42487046632124353,0.7248322147651007,727
robust_noaug,44,valid,rate__audio__r0p10__random__medium,rate,audio,0.1,random,medium,0.03338081854233242,51946,50212,0.0,1.0,0.1012495620693682,0.8987504379306318,0.0,1.0,0.6428571428571429,0.6145672134530074,0.5631905859029227,0.7612558799061501,0.6853690804401346,0.6612466124661247,0.4498644986449865,0.732590529247911,728
robust_noaug,44,test,rate__audio__r0p10__random__medium,rate,audio,0.1,random,medium,0.033218943033630745,50995,49301,0.0,1.0,0.10050430139424503,0.899495698605755,0.0,1.0,0.6987620357634112,0.6543141911341394,0.6019007018376578,0.8161774413061851,0.7161831087558191,0.7150259067357512,0.4666666666666667,0.78125,727
robust_noaug,44,valid,rate__audio__r0p20__random__medium,rate,audio,0.2,random,medium,0.06622261579332384,51946,48506,0.0,1.0,0.20086418311339485,0.7991358168866052,0.0,1.0,0.6414835164835165,0.6128234712130839,0.5632880029555124,0.7613594352530771,0.6852530020769603,0.6612466124661247,0.44565217391304346,0.7315716272600835,728
robust_noaug,44,test,rate__audio__r0p20__random__medium,rate,audio,0.2,random,medium,0.0666339837238945,50995,47597,0.0,1.0,0.2016018985464254,0.7983981014535746,0.0,1.0,0.6987620357634112,0.6531330729097831,0.6020450317691576,0.8164636235312615,0.7159010577648375,0.7150259067357512,0.4615384615384615,0.7828348504551366,727
robust_noaug,44,valid,rate__audio__r0p30__random__medium,rate,audio,0.3,random,medium,0.09879490239864475,51946,46814,0.0,1.0,0.29966133364475067,0.7003386663552493,0.0,1.0,0.6414835164835165,0.6135727113990203,0.5630717690788455,0.7609972686853836,0.6856405431683384,0.6612466124661247,0.4486486486486487,0.7308228730822873,728
robust_noaug,44,test,rate__audio__r0p30__random__medium,rate,audio,0.3,random,medium,0.09881360917737034,50995,45956,0.0,1.0,0.2989617324236132,0.7010382675763869,0.0,1.0,0.6987620357634112,0.6541369215614222,0.6014380073162023,0.8158626366988005,0.7164991870602299,0.7150259067357512,0.46511627906976744,0.7822685788787483,727
robust_noaug,44,valid,rate__audio__r0p40__random__medium,rate,audio,0.4,random,medium,0.13167520117044623,51946,45106,0.0,1.0,0.3993927361905874,0.6006072638094125,0.0,1.0,0.6442307692307693,0.6164116048241273,0.5637408039727054,0.7617180868969144,0.6848618157488137,0.6576086956521738,0.45698924731182794,0.73463687150838,728
robust_noaug,44,test,rate__audio__r0p40__random__medium,rate,audio,0.4,random,medium,0.1321698205706442,50995,44255,0.0,1.0,0.3998813408484129,0.600118659151587,0.0,1.0,0.6973865199449794,0.6532027242261712,0.6022719901921086,0.8163736860319429,0.7159876984450141,0.7168831168831168,0.46204620462046203,0.7806788511749347,727
robust_noaug,44,valid,rate__vision__r0p10__random__medium,rate,vision,0.1,random,medium,0.03141724098101875,51946,50314,0.0,1.0,0.0,1.0,0.1007905138339921,0.8992094861660079,0.6456043956043956,0.6173024032932996,0.5631645250461668,0.7612640894413432,0.685381785669134,0.6612466124661247,0.45528455284552843,0.7353760445682452,728
robust_noaug,44,test,rate__vision__r0p10__random__medium,rate,vision,0.1,random,medium,0.031179527404647515,50995,49405,0.0,1.0,0.0,1.0,0.1004358537047565,0.8995641462952435,0.6987620357634112,0.6541369215614222,0.601868049780924,0.8163003256852096,0.7160762238190757,0.7150259067357512,0.46511627906976744,0.7822685788787483,727
robust_noaug,44,valid,rate__vision__r0p20__random__medium,rate,vision,0.2,random,medium,0.06269972663920224,51946,48689,0.0,1.0,0.0,1.0,0.20114871541501977,0.7988512845849802,0.6456043956043956,0.6173024032932996,0.5634817172118186,0.7615295915759538,0.6850977870318137,0.6612466124661247,0.45528455284552843,0.7353760445682452,728
robust_noaug,44,test,rate__vision__r0p20__random__medium,rate,vision,0.2,random,medium,0.06255515246592804,50995,47805,0.0,1.0,0.0,1.0,0.20150337944539196,0.798496620554608,0.6973865199449794,0.6514819171859111,0.6019731623926385,0.8165762754216963,0.7158399339415643,0.7183462532299743,0.45484949832775917,0.78125,727
robust_noaug,44,valid,rate__vision__r0p30__random__medium,rate,vision,0.3,random,medium,0.09334693720401956,51946,47097,0.0,1.0,0.0,1.0,0.29946887351778656,0.7005311264822134,0.6442307692307693,0.6167904418378801,0.5634071904920287,0.761831877256423,0.6847807678656508,0.6648648648648648,0.45161290322580644,0.7338935574229691,728
robust_noaug,44,test,rate__vision__r0p30__random__medium,rate,vision,0.3,random,medium,0.09283263065006374,50995,46261,0.0,1.0,0.0,1.0,0.29903354178510516,0.7009664582148948,0.6987620357634112,0.6541369215614222,0.601925267690621,0.8163670137030659,0.7160963153557093,0.7150259067357512,0.46511627906976744,0.7822685788787483,727
robust_noaug,44,valid,rate__vision__r0p40__random__medium,rate,vision,0.4,random,medium,0.12447541677896277,51946,45480,0.0,1.0,0.0,1.0,0.39933300395256915,0.6006669960474308,0.6428571428571429,0.6143691893419397,0.563683083674942,0.7618644396743343,0.6847373716625077,0.6648648648648648,0.44565217391304346,0.732590529247911,728
robust_noaug,44,test,rate__vision__r0p40__random__medium,rate,vision,0.4,random,medium,0.12409059711736445,50995,44667,0.0,1.0,0.0,1.0,0.39972206430421325,0.6002779356957868,0.7028885832187071,0.6586692779539948,0.6020956700244993,0.8168970446283157,0.7155993731573229,0.7183462532299743,0.47176079734219273,0.7859007832898173,727
robust_noaug,44,valid,rate__text+audio__r0p10__random__medium,rate,text+audio,0.1,random,medium,0.069514495822585,51946,48335,0.10076229332188104,0.899237706678119,0.1012495620693682,0.8987504379306318,0.0,1.0,0.625,0.6027394589558602,0.5807980902615811,0.7854722324427582,0.6616652880587166,0.623229461756374,0.4759493670886077,0.7090395480225988,728
robust_noaug,44,test,rate__text+audio__r0p10__random__medium,rate,text+audio,0.1,random,medium,0.06935974115109324,50995,47458,0.10066087716423616,0.8993391228357638,0.10050430139424503,0.899495698605755,0.0,1.0,0.686382393397524,0.6476481116196228,0.6290854441701464,0.8504890282746697,0.6873746070144505,0.673972602739726,0.4880952380952381,0.7808764940239042,727
robust_noaug,44,valid,rate__text+audio__r0p20__random__medium,rate,text+audio,0.2,random,medium,0.13812420590613328,51946,44771,0.20050461670603392,0.7994953832939661,0.20086418311339485,0.7991358168866052,0.0,1.0,0.6153846153846154,0.5928432476568685,0.5963019889492828,0.809038024579362,0.6352257847753714,0.5930232558139534,0.4839506172839506,0.7015558698727016,728
robust_noaug,44,test,rate__text+audio__r0p20__random__medium,rate,text+audio,0.2,random,medium,0.1383665065202471,50995,43939,0.19979245179966137,0.8002075482003387,0.2016018985464254,0.7983981014535746,0.0,1.0,0.6341127922971114,0.5908658513984038,0.6591435012188541,0.889962278522681,0.6508987456899468,0.5959885386819485,0.43352601156069365,0.7430830039525691,727
robust_noaug,44,valid,rate__text+audio__r0p30__random__medium,rate,text+audio,0.3,random,medium,0.20590613329226504,51946,41250,0.29869014386944387,0.7013098561305562,0.29966133364475067,0.7003386663552493,0.0,1.0,0.592032967032967,0.5668096315812211,0.6206755130858785,0.8375174431899256,0.5999539326658264,0.5460122699386503,0.4541284403669724,0.7002881844380403,728
robust_noaug,44,test,rate__text+audio__r0p30__random__medium,rate,text+audio,0.3,random,medium,0.20635356407490932,50995,40472,0.2995248238571194,0.7004751761428806,0.2989617324236132,0.7010382675763869,0.0,1.0,0.6533700137551581,0.6168420918207719,0.6800583311685834,0.9210682433764653,0.6157381088401527,0.6355685131195336,0.4685714285714285,0.7463863337713534,727
robust_noaug,44,valid,rate__text+audio__r0p40__random__medium,rate,text+audio,0.4,random,medium,0.2752281215107997,51946,37649,0.40031135924414857,0.5996886407558514,0.3993927361905874,0.6006072638094125,0.0,1.0,0.5714285714285714,0.5468462884318831,0.6360720561172527,0.8680669945698029,0.558781219161483,0.5142857142857143,0.4519015659955257,0.6743515850144092,728
robust_noaug,44,test,rate__text+audio__r0p40__random__medium,rate,text+audio,0.4,random,medium,0.27581135405431906,50995,36930,0.4000764651264406,0.5999235348735594,0.3998813408484129,0.600118659151587,0.0,1.0,0.5818431911966988,0.5392786974022673,0.7277035532875353,0.9825310747071602,0.5374149410131603,0.5142857142857143,0.4052631578947369,0.6982872200263505,727
robust_noaug,44,valid,rate__text+vision__r0p10__random__medium,rate,text+vision,0.1,random,medium,0.06755091826127133,51946,48437,0.10076229332188104,0.899237706678119,0.0,1.0,0.1007905138339921,0.8992094861660079,0.625,0.5962921459477404,0.5938306049505188,0.8163602583798221,0.6254984071180577,0.6069364161849711,0.4599483204134367,0.7219917012448134,728
robust_noaug,44,test,rate__text+vision__r0p10__random__medium,rate,text+vision,0.1,random,medium,0.06732032552211001,50995,47562,0.10066087716423616,0.8993391228357638,0.0,1.0,0.1004358537047565,0.8995641462952435,0.656121045392022,0.6137345044974888,0.6343299086004537,0.8626882620896191,0.6777154027251779,0.6739130434782609,0.42539682539682544,0.74189364461738,727
robust_noaug,44,valid,rate__text+vision__r0p20__random__medium,rate,text+vision,0.2,random,medium,0.1346013167520117,51946,44954,0.20050461670603392,0.7994953832939661,0.0,1.0,0.20114871541501977,0.7988512845849802,0.6071428571428571,0.5835181528654386,0.5910572516424888,0.8019736256009488,0.6461701601942577,0.5889212827988339,0.4619164619164619,0.6997167138810197,728
robust_noaug,44,test,rate__text+vision__r0p20__random__medium,rate,text+vision,0.2,random,medium,0.1342876752622806,50995,44147,0.19979245179966137,0.8002075482003387,0.0,1.0,0.20150337944539196,0.798496620554608,0.6478679504814305,0.60257840086442,0.6715896965005784,0.9110881968642158,0.6256298049077414,0.6118980169971671,0.44648318042813456,0.7493540051679586,727
robust_noaug,44,valid,rate__text+vision__r0p30__random__medium,rate,text+vision,0.3,random,medium,0.20045816809763986,51946,41533,0.29869014386944387,0.7013098561305562,0.0,1.0,0.29946887351778656,0.7005311264822134,0.5879120879120879,0.5677531847810485,0.6201123568475001,0.8432265392210503,0.5910169179097271,0.5636363636363636,0.45248868778280543,0.6871345029239766,728
robust_noaug,44,test,rate__text+vision__r0p30__random__medium,rate,text+vision,0.3,random,medium,0.2003725855476027,50995,40777,0.2995248238571194,0.7004751761428806,0.0,1.0,0.29903354178510516,0.7009664582148948,0.6134800550206327,0.5723401084307737,0.6788713534194797,0.9289130549774998,0.6013072572800804,0.6005830903790087,0.3932584269662921,0.7231788079470199,727
robust_noaug,44,valid,rate__text+vision__r0p40__random__medium,rate,text+vision,0.4,random,medium,0.26802833711931623,51946,38023,0.40031135924414857,0.5996886407558514,0.0,1.0,0.39933300395256915,0.6006669960474308,0.5837912087912088,0.5618684269513863,0.6275598950233761,0.8646225098343168,0.5615530660525341,0.5358255451713396,0.46255506607929514,0.6872246696035241,728
robust_noaug,44,test,rate__text+vision__r0p40__random__medium,rate,text+vision,0.4,random,medium,0.26773213060103934,50995,37342,0.4000764651264406,0.5999235348735594,0.0,1.0,0.39972206430421325,0.6002779356957868,0.609353507565337,0.5715353877926648,0.7128327573038525,0.9589434607003441,0.5722832489641422,0.5592705167173252,0.44086021505376344,0.7144754316069057,727
robust_noaug,44,valid,rate__audio+vision__r0p10__random__medium,rate,audio+vision,0.1,random,medium,0.06479805952335117,51946,48580,0.0,1.0,0.1012495620693682,0.8987504379306318,0.1007905138339921,0.8992094861660079,0.6456043956043956,0.6180348360777549,0.5633493875317112,0.7615714795043013,0.6850340742741166,0.6612466124661247,0.4582210242587601,0.73463687150838,728
robust_noaug,44,test,rate__audio+vision__r0p10__random__medium,rate,audio+vision,0.1,random,medium,0.06439847043827826,50995,47711,0.0,1.0,0.10050430139424503,0.899495698605755,0.1004358537047565,0.8995641462952435,0.6973865199449794,0.6516520541257383,0.6016957723065453,0.8162364844097683,0.7161191078741198,0.7183462532299743,0.4563758389261745,0.7802340702210663,727
robust_noaug,44,valid,rate__audio+vision__r0p20__random__medium,rate,audio+vision,0.2,random,medium,0.1289223424325261,51946,45249,0.0,1.0,0.20086418311339485,0.7991358168866052,0.20114871541501977,0.7988512845849802,0.6442307692307693,0.6148080655753315,0.5631546987179707,0.7613917665231245,0.6852257584733894,0.6612466124661247,0.4480874316939891,0.7350901525658806,728
robust_noaug,44,test,rate__audio+vision__r0p20__random__medium,rate,audio+vision,0.2,random,medium,0.12918913618982253,50995,44407,0.0,1.0,0.2016018985464254,0.7983981014535746,0.20150337944539196,0.798496620554608,0.6987620357634112,0.6538891905910628,0.6012544547972439,0.8156750561513306,0.7166325908198271,0.7183462532299743,0.4630872483221477,0.7802340702210663,727
robust_noaug,44,valid,rate__audio+vision__r0p30__random__medium,rate,audio+vision,0.3,random,medium,0.19214183960266432,51946,41965,0.0,1.0,0.29966133364475067,0.7003386663552493,0.29946887351778656,0.7005311264822134,0.6401098901098901,0.612578748298488,0.5636271253371468,0.7619184035135121,0.6846592309104026,0.6612466124661247,0.4474393530997305,0.7290502793296089,728
robust_noaug,44,test,rate__audio+vision__r0p30__random__medium,rate,audio+vision,0.3,random,medium,0.19164623982743406,50995,41222,0.0,1.0,0.2989617324236132,0.7010382675763869,0.29903354178510516,0.7009664582148948,0.7042640990371389,0.6599996401842257,0.6016187596210424,0.8160958267211559,0.7162443206614573,0.7202072538860104,0.4733333333333334,0.7864583333333333,727
robust_noaug,44,valid,rate__audio+vision__r0p40__random__medium,rate,audio+vision,0.4,random,medium,0.256150617949409,51946,38640,0.0,1.0,0.3993927361905874,0.6006072638094125,0.39933300395256915,0.6006669960474308,0.6442307692307693,0.6154323115849802,0.5638848044295478,0.7618592416262348,0.6847433478548611,0.6612466124661247,0.4486486486486487,0.7364016736401674,728
robust_noaug,44,test,rate__audio+vision__r0p40__random__medium,rate,audio+vision,0.4,random,medium,0.2562604176880086,50995,37927,0.0,1.0,0.3998813408484129,0.600118659151587,0.39972206430421325,0.6002779356957868,0.7001375515818432,0.654241633755872,0.6014037345480968,0.8163871692723791,0.7160814572714373,0.7235142118863049,0.4563758389261745,0.7828348504551366,727
robust_noaug,44,valid,rate__text+audio+vision__r0p10__random__medium,rate,text+audio+vision,0.1,random,medium,0.10093173680360375,51946,46703,0.10076229332188104,0.899237706678119,0.1012495620693682,0.8987504379306318,0.1007905138339921,0.8992094861660079,0.6332417582417582,0.6090197513897496,0.5783698098723787,0.7835257942117897,0.6646648369531002,0.6345609065155807,0.47058823529411764,0.7219101123595506,728
robust_noaug,44,test,rate__text+audio+vision__r0p10__random__medium,rate,text+audio+vision,0.1,random,medium,0.10053926855574076,50995,45868,0.10066087716423616,0.8993391228357638,0.10050430139424503,0.899495698605755,0.1004358537047565,0.8995641462952435,0.6698762035763411,0.6287347502853993,0.6290470549152675,0.8512321508346462,0.6874160737454864,0.651685393258427,0.47384615384615386,0.7606727037516171,727
robust_noaug,44,valid,rate__text+audio+vision__r0p20__random__medium,rate,text+audio+vision,0.2,random,medium,0.20082393254533554,51946,41514,0.20050461670603392,0.7994953832939661,0.20086418311339485,0.7991358168866052,0.20114871541501977,0.7988512845849802,0.5934065934065934,0.5692401687679461,0.6026496794740004,0.8235664604672872,0.6161824399351588,0.5542168674698796,0.460093896713615,0.6934097421203438,728
robust_noaug,44,test,rate__text+audio+vision__r0p20__random__medium,rate,text+audio+vision,0.2,random,medium,0.20092165898617512,50995,40749,0.19979245179966137,0.8002075482003387,0.2016018985464254,0.7983981014535746,0.20150337944539196,0.798496620554608,0.640990371389271,0.5999412958476774,0.670726633316836,0.8951572009522585,0.6450969760293309,0.6144927536231886,0.44574780058651026,0.7395833333333334,727
robust_noaug,44,valid,rate__text+audio+vision__r0p30__random__medium,rate,text+audio+vision,0.3,random,medium,0.2992530704962846,51946,36401,0.29869014386944387,0.7013098561305562,0.29966133364475067,0.7003386663552493,0.29946887351778656,0.7005311264822134,0.5782967032967034,0.5581499384521409,0.6125873008456367,0.841843540473691,0.5920390478814723,0.5498489425981873,0.4530892448512585,0.6715116279069768,728
robust_noaug,44,test,rate__text+audio+vision__r0p30__random__medium,rate,text+audio+vision,0.3,random,medium,0.29918619472497304,50995,35738,0.2995248238571194,0.7004751761428806,0.2989617324236132,0.7010382675763869,0.29903354178510516,0.7009664582148948,0.6368638239339752,0.6028629330311939,0.6982709556469563,0.9534065713500547,0.5760490508855992,0.5816023738872405,0.5013927576601671,0.725593667546174,727
robust_noaug,44,valid,rate__text+audio+vision__r0p40__random__medium,rate,text+audio+vision,0.4,random,medium,0.39970353828976246,51946,31183,0.40031135924414857,0.5996886407558514,0.3993927361905874,0.6006072638094125,0.39933300395256915,0.6006669960474308,0.5480769230769231,0.5226924116708432,0.647524963521941,0.8810481876099393,0.5377774028646183,0.4934210526315789,0.42316258351893093,0.65149359886202,728
robust_noaug,44,test,rate__text+audio+vision__r0p40__random__medium,rate,text+audio+vision,0.4,random,medium,0.3999019511716835,50995,30602,0.4000764651264406,0.5999235348735594,0.3998813408484129,0.600118659151587,0.39972206430421325,0.6002779356957868,0.6134800550206327,0.5823552245348605,0.6913866572123036,0.9394000830585403,0.5987539743514737,0.5802469135802469,0.4540816326530612,0.7127371273712737,727
robust_noaug,44,valid,position__text__r0p30__prefix__medium,position,text,0.3,prefix,medium,0.1071112308936203,51946,46382,0.29869014386944387,0.7013098561305562,0.0,1.0,0.0,1.0,0.6195054945054945,0.5997024594377578,0.6036065058388675,0.8286002144414493,0.6159663053348442,0.618384401114206,0.47432762836185816,0.7063953488372092,728
robust_noaug,44,test,position__text__r0p30__prefix__medium,position,text,0.3,prefix,medium,0.10753995489753898,50995,45511,0.2995248238571194,0.7004751761428806,0.0,1.0,0.0,1.0,0.6533700137551581,0.6165049701450583,0.6538612572053522,0.8826415372485805,0.6673023400808913,0.6631578947368421,0.4431137724550898,0.7432432432432432,727
robust_noaug,44,valid,position__text__r0p30__middle__medium,position,text,0.3,middle,medium,0.1071112308936203,51946,46382,0.29869014386944387,0.7013098561305562,0.0,1.0,0.0,1.0,0.6098901098901099,0.5872946379955205,0.6039551009352391,0.825078787699597,0.6137570173321918,0.5688622754491018,0.481651376146789,0.7113702623906706,728
robust_noaug,44,test,position__text__r0p30__middle__medium,position,text,0.3,middle,medium,0.10753995489753898,50995,45511,0.2995248238571194,0.7004751761428806,0.0,1.0,0.0,1.0,0.656121045392022,0.6205438456362047,0.669633207353347,0.9057570537110098,0.6303430254688857,0.6260869565217392,0.4858757062146893,0.7496688741721855,727
robust_noaug,44,valid,position__text__r0p30__suffix__medium,position,text,0.3,suffix,medium,0.1071112308936203,51946,46382,0.29869014386944387,0.7013098561305562,0.0,1.0,0.0,1.0,0.5480769230769231,0.49290068030925815,0.6757050584489991,0.9032920016141662,0.5342932202712964,0.398576512455516,0.4092071611253197,0.6709183673469388,728
robust_noaug,44,test,position__text__r0p30__suffix__medium,position,text,0.3,suffix,medium,0.10753995489753898,50995,45511,0.2995248238571194,0.7004751761428806,0.0,1.0,0.0,1.0,0.5859697386519945,0.521537785885612,0.7494700609961271,1.0088315249754025,0.5305270802761815,0.47491638795986624,0.38181818181818183,0.7078787878787879,727
robust_noaug,44,valid,position__text__r0p30__random__medium,position,text,0.3,random,medium,0.1071112308936203,51946,46382,0.29869014386944387,0.7013098561305562,0.0,1.0,0.0,1.0,0.5782967032967034,0.5528126083589454,0.6265678957851788,0.8618646928538319,0.5655648919339811,0.5588235294117647,0.4226044226044226,0.6770098730606489,728
robust_noaug,44,test,position__text__r0p30__random__medium,position,text,0.3,random,medium,0.10753995489753898,50995,45511,0.2995248238571194,0.7004751761428806,0.0,1.0,0.0,1.0,0.6217331499312242,0.5822868192346103,0.6979275950969823,0.93234587816313,0.6030876198875847,0.5714285714285714,0.43915343915343913,0.7362784471218207,727
robust_noaug,44,valid,duration__text__r0p30__random__short,duration,text,0.3,random,short,0.1071112308936203,51946,46382,0.29869014386944387,0.7013098561305562,0.0,1.0,0.0,1.0,0.5480769230769231,0.5216210025989233,0.6335686755745293,0.8543584464938495,0.5823009462901452,0.48717948717948717,0.42058165548098436,0.6571018651362983,728
robust_noaug,44,test,duration__text__r0p30__random__short,duration,text,0.3,random,short,0.10753995489753898,50995,45511,0.2995248238571194,0.7004751761428806,0.0,1.0,0.0,1.0,0.624484181568088,0.5884459545297566,0.6870855014960818,0.9214929294205562,0.6228834597955246,0.5864197530864197,0.4521276595744681,0.726790450928382,727
robust_noaug,44,valid,duration__text__r0p30__random__medium,duration,text,0.3,random,medium,0.1071112308936203,51946,46382,0.29869014386944387,0.7013098561305562,0.0,1.0,0.0,1.0,0.603021978021978,0.5864344472984807,0.6122382604926415,0.8379905887637974,0.5963703279753225,0.5964912280701754,0.4735632183908047,0.6892488954344623,728
robust_noaug,44,test,duration__text__r0p30__random__medium,duration,text,0.3,random,medium,0.10753995489753898,50995,45511,0.2995248238571194,0.7004751761428806,0.0,1.0,0.0,1.0,0.640990371389271,0.5989343096432086,0.6752386830203962,0.912083068997994,0.6309200882694579,0.6331360946745561,0.41595441595441596,0.7477124183006535,727
robust_noaug,44,valid,duration__text__r0p30__random__long,duration,text,0.3,random,long,0.1071112308936203,51946,46382,0.29869014386944387,0.7013098561305562,0.0,1.0,0.0,1.0,0.5906593406593407,0.5685132745651478,0.5969918310734351,0.8247885914521614,0.615480022611071,0.5645645645645646,0.4522144522144522,0.6887608069164265,728
robust_noaug,44,test,duration__text__r0p30__random__long,duration,text,0.3,random,long,0.10753995489753898,50995,45511,0.2995248238571194,0.7004751761428806,0.0,1.0,0.0,1.0,0.6602475928473177,0.6181585141377242,0.6659263865163927,0.9174292794931701,0.6170913519743085,0.6127167630057804,0.47293447293447294,0.7688243064729193,727
robust_noaug,44,valid,position__audio__r0p30__prefix__medium,position,audio,0.3,prefix,medium,0.09879490239864475,51946,46814,0.0,1.0,0.29966133364475067,0.7003386663552493,0.0,1.0,0.6442307692307693,0.6170035201141958,0.563190555077169,0.7609737322874597,0.685647680807594,0.6576086956521738,0.4574468085106383,0.7359550561797754,728
robust_noaug,44,test,position__audio__r0p30__prefix__medium,position,audio,0.3,prefix,medium,0.09881360917737034,50995,45956,0.0,1.0,0.2989617324236132,0.7010382675763869,0.0,1.0,0.7001375515818432,0.6560413068508923,0.6015300994849107,0.8159399344844236,0.7164385866645847,0.7202072538860104,0.4666666666666667,0.78125,727
robust_noaug,44,valid,position__audio__r0p30__middle__medium,position,audio,0.3,middle,medium,0.09879490239864475,51946,46814,0.0,1.0,0.29966133364475067,0.7003386663552493,0.0,1.0,0.6428571428571429,0.6153067921881213,0.5633419307644715,0.761548987131864,0.6850139366997234,0.6612466124661247,0.45283018867924524,0.7318435754189943,728
robust_noaug,44,test,position__audio__r0p30__middle__medium,position,audio,0.3,middle,medium,0.09881360917737034,50995,45956,0.0,1.0,0.2989617324236132,0.7010382675763869,0.0,1.0,0.6973865199449794,0.6517636074782787,0.6020703760668779,0.8166126221134138,0.7157433186215617,0.7202072538860104,0.45484949832775917,0.7802340702210663,727
robust_noaug,44,valid,position__audio__r0p30__suffix__medium,position,audio,0.3,suffix,medium,0.09879490239864475,51946,46814,0.0,1.0,0.29966133364475067,0.7003386663552493,0.0,1.0,0.6414835164835165,0.6123829285522646,0.5631538989575027,0.7612785838542748,0.6855435587231993,0.6539509536784741,0.4498644986449865,0.7333333333333332,728
robust_noaug,44,test,position__audio__r0p30__suffix__medium,position,audio,0.3,suffix,medium,0.09881360917737034,50995,45956,0.0,1.0,0.2989617324236132,0.7010382675763869,0.0,1.0,0.6960110041265475,0.6499867864693446,0.6027061303224327,0.8163557316681442,0.7162236207226247,0.7168831168831168,0.451827242524917,0.78125,727
robust_noaug,44,valid,position__audio__r0p30__random__medium,position,audio,0.3,random,medium,0.09879490239864475,51946,46814,0.0,1.0,0.29966133364475067,0.7003386663552493,0.0,1.0,0.6442307692307693,0.6156795980914911,0.563064103987027,0.7611983567969032,0.6854498308004211,0.6576086956521738,0.4540540540540541,0.7353760445682452,728
robust_noaug,44,test,position__audio__r0p30__random__medium,position,audio,0.3,random,medium,0.09881360917737034,50995,45956,0.0,1.0,0.2989617324236132,0.7010382675763869,0.0,1.0,0.7001375515818432,0.6560413068508923,0.6021018672780617,0.8163972533177378,0.7159517163639024,0.7202072538860104,0.4666666666666667,0.78125,727
robust_noaug,44,valid,duration__audio__r0p30__random__short,duration,audio,0.3,random,short,0.09879490239864475,51946,46814,0.0,1.0,0.29966133364475067,0.7003386663552493,0.0,1.0,0.6414835164835165,0.6135727113990203,0.5629207698659009,0.7610609804609338,0.6855818508744796,0.6612466124661247,0.4486486486486487,0.7308228730822873,728
robust_noaug,44,test,duration__audio__r0p30__random__short,duration,audio,0.3,random,short,0.09881360917737034,50995,45956,0.0,1.0,0.2989617324236132,0.7010382675763869,0.0,1.0,0.7001375515818432,0.656171466488272,0.6019346134370754,0.8160672161915975,0.7162023378200435,0.7150259067357512,0.47019867549668876,0.7832898172323759,727
robust_noaug,44,valid,duration__audio__r0p30__random__medium,duration,audio,0.3,random,medium,0.09879490239864475,51946,46814,0.0,1.0,0.29966133364475067,0.7003386663552493,0.0,1.0,0.6401098901098901,0.612578748298488,0.5637690741978176,0.7621966413091623,0.6843025356799816,0.6612466124661247,0.4474393530997305,0.7290502793296089,728
robust_noaug,44,test,duration__audio__r0p30__random__medium,duration,audio,0.3,random,medium,0.09881360917737034,50995,45956,0.0,1.0,0.2989617324236132,0.7010382675763869,0.0,1.0,0.6987620357634112,0.6545253863134658,0.6029975645992254,0.8169660857152414,0.7154554588668015,0.71875,0.46357615894039733,0.78125,727
robust_noaug,44,valid,duration__audio__r0p30__random__long,duration,audio,0.3,random,long,0.09879490239864475,51946,46814,0.0,1.0,0.29966133364475067,0.7003386663552493,0.0,1.0,0.6401098901098901,0.6114570026263387,0.5627694549346036,0.7606274563152339,0.6860620196133553,0.6539509536784741,0.4498644986449865,0.7305555555555556,728
robust_noaug,44,test,duration__audio__r0p30__random__long,duration,audio,0.3,random,long,0.09881360917737034,50995,45956,0.0,1.0,0.2989617324236132,0.7010382675763869,0.0,1.0,0.7001375515818432,0.6561480670492299,0.6013889386327591,0.8155154023570971,0.7167871577421226,0.7220779220779222,0.46511627906976744,0.78125,727
robust_noaug,44,valid,position__vision__r0p30__prefix__medium,position,vision,0.3,prefix,medium,0.09334693720401956,51946,47097,0.0,1.0,0.0,1.0,0.29946887351778656,0.7005311264822134,0.6428571428571429,0.6140096618357488,0.5634382929816678,0.7611895979416571,0.6854974074138733,0.6630434782608695,0.44565217391304346,0.7333333333333332,728
robust_noaug,44,test,position__vision__r0p30__prefix__medium,position,vision,0.3,prefix,medium,0.09283263065006374,50995,46261,0.0,1.0,0.0,1.0,0.29903354178510516,0.7009664582148948,0.7028885832187071,0.6586692779539948,0.6012323390605361,0.815545446071081,0.7168121647380167,0.7183462532299743,0.47176079734219273,0.7859007832898173,727
robust_noaug,44,valid,position__vision__r0p30__middle__medium,position,vision,0.3,middle,medium,0.09334693720401956,51946,47097,0.0,1.0,0.0,1.0,0.29946887351778656,0.7005311264822134,0.6428571428571429,0.6145672134530074,0.5633832662837109,0.7617333128103353,0.6849143472884365,0.6612466124661247,0.4498644986449865,0.732590529247911,728
robust_noaug,44,test,position__vision__r0p30__middle__medium,position,vision,0.3,middle,medium,0.09283263065006374,50995,46261,0.0,1.0,0.0,1.0,0.29903354178510516,0.7009664582148948,0.7028885832187071,0.6587689042241721,0.6020830064253597,0.8165842052937039,0.7158653315936865,0.7202072538860104,0.47019867549668876,0.7859007832898173,727
robust_noaug,44,valid,position__vision__r0p30__suffix__medium,position,vision,0.3,suffix,medium,0.09334693720401956,51946,47097,0.0,1.0,0.0,1.0,0.29946887351778656,0.7005311264822134,0.6401098901098901,0.6138054003370459,0.5635825034363994,0.7615576262358486,0.6850806087730982,0.6648648648648648,0.44799999999999995,0.7285513361462729,728
robust_noaug,44,test,position__vision__r0p30__suffix__medium,position,vision,0.3,suffix,medium,0.09283263065006374,50995,46261,0.0,1.0,0.0,1.0,0.29903354178510516,0.7009664582148948,0.6932599724896836,0.646939910613268,0.6027643573733029,0.8169802733334424,0.7155141579218912,0.7150259067357512,0.4481605351170569,0.777633289986996,727
robust_noaug,44,valid,position__vision__r0p30__random__medium,position,vision,0.3,random,medium,0.09334693720401956,51946,47097,0.0,1.0,0.0,1.0,0.29946887351778656,0.7005311264822134,0.646978021978022,0.619841520811269,0.5633510554332163,0.7617258145952623,0.6849077537752392,0.6666666666666666,0.4582210242587601,0.73463687150838,728
robust_noaug,44,test,position__vision__r0p30__random__medium,position,vision,0.3,random,medium,0.09283263065006374,50995,46261,0.0,1.0,0.0,1.0,0.29903354178510516,0.7009664582148948,0.6987620357634112,0.6542426182340875,0.6021744150468539,0.81647879123832,0.7159489275378023,0.7168831168831168,0.46357615894039733,0.7822685788787483,727
robust_noaug,44,valid,duration__vision__r0p30__random__short,duration,vision,0.3,random,short,0.09334693720401956,51946,47097,0.0,1.0,0.0,1.0,0.29946887351778656,0.7005311264822134,0.6414835164835165,0.6135727113990203,0.5633039321228452,0.7617124144142337,0.6849091142261399,0.6612466124661247,0.4486486486486487,0.7308228730822873,728
robust_noaug,44,test,duration__vision__r0p30__random__short,duration,vision,0.3,random,short,0.09283263065006374,50995,46261,0.0,1.0,0.0,1.0,0.29903354178510516,0.7009664582148948,0.7028885832187071,0.6590628247229656,0.601873978946814,0.8164535831440954,0.7159606981598529,0.7216494845360825,0.47019867549668876,0.7853403141361257,727
robust_noaug,44,valid,duration__vision__r0p30__random__medium,duration,vision,0.3,random,medium,0.09334693720401956,51946,47097,0.0,1.0,0.0,1.0,0.29946887351778656,0.7005311264822134,0.6456043956043956,0.6180348360777549,0.5631375475070224,0.7612917951193865,0.6853515357310844,0.6612466124661247,0.4582210242587601,0.73463687150838,728
robust_noaug,44,test,duration__vision__r0p30__random__medium,duration,vision,0.3,random,medium,0.09283263065006374,50995,46261,0.0,1.0,0.0,1.0,0.29903354178510516,0.7009664582148948,0.6987620357634112,0.6531330729097831,0.6019988574210601,0.8165617404966031,0.7158919341452846,0.7150259067357512,0.4615384615384615,0.7828348504551366,727
robust_noaug,44,valid,duration__vision__r0p30__random__long,duration,vision,0.3,random,long,0.09334693720401956,51946,47097,0.0,1.0,0.0,1.0,0.29946887351778656,0.7005311264822134,0.6428571428571429,0.6153067921881213,0.5628761140435197,0.7611958392642127,0.6854985802049086,0.6612466124661247,0.45283018867924524,0.7318435754189943,728
robust_noaug,44,test,duration__vision__r0p30__random__long,duration,vision,0.3,random,long,0.09283263065006374,50995,46261,0.0,1.0,0.0,1.0,0.29903354178510516,0.7009664582148948,0.7001375515818432,0.6536662257425898,0.6020687248357962,0.8161437053722013,0.7162556777440069,0.7202072538860104,0.4563758389261745,0.7844155844155845,727
robust_noaug,44,valid,ablation__complete__r0p00__none__none,ablation,,0.0,none,none,0.0,51946,51946,0.0,1.0,0.0,1.0,0.0,1.0,0.6428571428571429,0.6138154769376939,0.563256625505676,0.7613621039592269,0.6852597767480931,0.6612466124661247,0.44686648501362397,0.7333333333333332,728
robust_noaug,44,test,ablation__complete__r0p00__none__none,ablation,,0.0,none,none,0.0,50995,50995,0.0,1.0,0.0,1.0,0.0,1.0,0.7001375515818432,0.656171466488272,0.6018886499752533,0.8162010173601401,0.716167977036335,0.7150259067357512,0.47019867549668876,0.7832898172323759,727
robust_noaug,44,valid,ablation__text__r1p00__random__long,ablation,text,1.0,random,long,0.3586031648250106,51946,33318,1.0,0.0,0.0,1.0,0.0,1.0,0.39697802197802196,0.39158087288182025,0.7931310726703237,1.0475800190964275,0.19698857587825214,0.3439153439153439,0.39700374531835214,0.43382352941176466,728
robust_noaug,44,test,ablation__text__r1p00__random__long,ablation,text,1.0,random,long,0.35903519952936563,50995,32686,1.0,0.0,0.0,1.0,0.0,1.0,0.4126547455295736,0.39396446414157,0.8935720814389408,1.1423441483991972,0.24256871316587678,0.31466666666666665,0.3412526997840173,0.525974025974026,727
robust_noaug,44,valid,ablation__audio__r1p00__random__long,ablation,audio,1.0,random,long,0.3296885226966465,51946,34820,0.0,1.0,1.0,0.0,0.0,1.0,0.635989010989011,0.6063931385138416,0.5638628812957105,0.7617273859801273,0.6840467045337815,0.6465753424657533,0.4420485175202156,0.7305555555555556,728
robust_noaug,44,test,ablation__audio__r1p00__random__long,ablation,audio,1.0,random,long,0.33052260025492697,50995,34140,0.0,1.0,1.0,0.0,0.0,1.0,0.6918844566712518,0.6436146847364976,0.6026554368128885,0.8159355231715791,0.714801464113983,0.7172774869109948,0.43478260869565216,0.7787839586028461,727
robust_noaug,44,valid,ablation__vision__r1p00__random__long,ablation,vision,1.0,random,long,0.3117083124783429,51946,35754,0.0,1.0,0.0,1.0,1.0,0.0,0.6373626373626373,0.6088587361766807,0.571715214847495,0.7694340259484764,0.6760348403629903,0.6557377049180327,0.4420485175202156,0.728789986091794,728
robust_noaug,44,test,ablation__vision__r1p00__random__long,ablation,vision,1.0,random,long,0.3104422002157074,50995,35164,0.0,1.0,0.0,1.0,1.0,0.0,0.6946354883081155,0.6495745874485379,0.6072473323646487,0.8219822491471005,0.7087378324818784,0.7120418848167539,0.4584717607973422,0.7782101167315176,727
robust_noaug,44,valid,ablation__text+audio__r1p00__random__long,ablation,text+audio,1.0,random,long,0.6882916875216571,51946,16192,1.0,0.0,1.0,0.0,0.0,1.0,0.35714285714285715,0.30647562519413024,0.798109350436889,1.0518544409487092,0.22769268655810182,0.10788381742738591,0.4099037138927098,0.4016393442622951,728
robust_noaug,44,test,ablation__text+audio__r1p00__random__long,ablation,text+audio,1.0,random,long,0.6895577997842925,50995,15831,1.0,0.0,1.0,0.0,0.0,1.0,0.343878954607978,0.300128429295847,0.905464163823809,1.1535994059834243,0.22598685079429895,0.1111111111111111,0.3456,0.4436741767764298,727
robust_noaug,44,valid,ablation__text+vision__r1p00__random__long,ablation,text+vision,1.0,random,long,0.6703114773033535,51946,17126,1.0,0.0,0.0,1.0,1.0,0.0,0.3282967032967033,0.3092995612850026,0.7996467409507054,1.0631389447313497,0.07606810845829848,0.2175226586102719,0.3950233281493002,0.3153526970954357,728
robust_noaug,44,test,ablation__text+vision__r1p00__random__long,ablation,text+vision,1.0,random,long,0.669477399745073,50995,16855,1.0,0.0,0.0,1.0,1.0,0.0,0.3452544704264099,0.33309571062863674,0.90601859393144,1.1603927848908864,0.15734186829658314,0.2697368421052631,0.36908517350157727,0.3604651162790698,727
robust_noaug,44,valid,ablation__audio+vision__r1p00__random__long,ablation,audio+vision,1.0,random,long,0.6413968351749895,51946,18628,0.0,1.0,1.0,0.0,1.0,0.0,0.6332417582417582,0.6049448243354062,0.5730665207758627,0.7714546910017451,0.6736605549334225,0.6426592797783934,0.4421052631578947,0.7300699300699302,728
robust_noaug,44,test,ablation__audio+vision__r1p00__random__long,ablation,audio+vision,1.0,random,long,0.6409648004706344,50995,18309,0.0,1.0,1.0,0.0,1.0,0.0,0.6891334250343879,0.6417145746880816,0.6102414806431065,0.8231175390325999,0.7062944667083673,0.7055702917771882,0.4407894736842105,0.7787839586028461,727
robust_noaug,44,valid,ablation__text+audio+vision__r1p00__random__long,ablation,text+audio+vision,1.0,random,long,1.0,51946,0,1.0,0.0,1.0,0.0,1.0,0.0,0.25274725274725274,0.13450292397660818,0.8207682507869961,1.079873006878609,0.017424248703898217,0.0,0.40350877192982454,0.0,728
robust_noaug,44,test,ablation__text+audio+vision__r1p00__random__long,ablation,text+audio+vision,1.0,random,long,1.0,50995,0,1.0,0.0,1.0,0.0,1.0,0.0,0.2173314993122421,0.11902071563088512,0.9362606708129466,1.1862637151252562,-0.040431215885067796,0.0,0.35706214689265536,0.0,727
robust,42,valid,baseline__complete__r0p00__none__none,baseline,,0.0,none,none,0.0,51946,51946,0.0,1.0,0.0,1.0,0.0,1.0,0.6497252747252747,0.616816282948147,0.5626154725854337,0.7605004822949555,0.6907808006201407,0.6834170854271358,0.4397590361445783,0.7272727272727273,728
robust,42,test,baseline__complete__r0p00__none__none,baseline,,0.0,none,none,0.0,50995,50995,0.0,1.0,0.0,1.0,0.0,1.0,0.6808803301237965,0.6241737967862435,0.606322966572384,0.8298710267442307,0.6993569780353824,0.7055961070559611,0.3956834532374101,0.7712418300653595,727
robust,42,valid,rate__text__r0p10__random__medium,rate,text,0.1,random,medium,0.03613367728025257,51946,50069,0.10076229332188104,0.899237706678119,0.0,1.0,0.0,1.0,0.6236263736263736,0.5883320470853914,0.5840438114949963,0.7864299378971242,0.6619731784677749,0.6683544303797468,0.39156626506024106,0.7050754458161865,728
robust,42,test,rate__text__r0p10__random__medium,rate,text,0.1,random,medium,0.03614079811746249,50995,49152,0.10066087716423616,0.8993391228357638,0.0,1.0,0.0,1.0,0.6657496561210454,0.604859073797529,0.6386336260468813,0.8656291211661782,0.6659990688252051,0.6864197530864198,0.3717472118959108,0.7564102564102564,727
robust,42,valid,rate__text__r0p20__random__medium,rate,text,0.2,random,medium,0.07190159011280946,51946,48211,0.20050461670603392,0.7994953832939661,0.0,1.0,0.0,1.0,0.6318681318681318,0.6003669953946197,0.5941000826411195,0.801372376246216,0.6449671826792712,0.6919191919191918,0.40476190476190477,0.7044198895027625,728
robust,42,test,rate__text__r0p20__random__medium,rate,text,0.2,random,medium,0.07173252279635259,50995,47337,0.19979245179966137,0.8002075482003387,0.0,1.0,0.0,1.0,0.6808803301237965,0.6227091192357457,0.6547841970979184,0.8835011352131875,0.6472272742023789,0.6884422110552765,0.40433212996389895,0.7753530166880616,727
robust,42,valid,rate__text__r0p30__random__medium,rate,text,0.3,random,medium,0.1071112308936203,51946,46382,0.29869014386944387,0.7013098561305562,0.0,1.0,0.0,1.0,0.6098901098901099,0.5847441855612345,0.6085701410947777,0.8149264096043132,0.6265171810438254,0.6356589147286822,0.43213296398891965,0.6864406779661016,728
robust,42,test,rate__text__r0p30__random__medium,rate,text,0.3,random,medium,0.10753995489753898,50995,45511,0.2995248238571194,0.7004751761428806,0.0,1.0,0.0,1.0,0.6740027510316369,0.6300334364562303,0.6644981620587316,0.9044752467374129,0.6249346074809587,0.6749379652605458,0.45890410958904104,0.7562582345191041,727
robust,42,valid,rate__text__r0p40__random__medium,rate,text,0.4,random,medium,0.14355292034035344,51946,44489,0.40031135924414857,0.5996886407558514,0.0,1.0,0.0,1.0,0.570054945054945,0.5439961223441907,0.6389258716327066,0.8769447292643836,0.5505259059261453,0.5873015873015873,0.39024390243902446,0.6544428772919605,728
robust,42,test,rate__text__r0p40__random__medium,rate,text,0.4,random,medium,0.14364153348367487,50995,43670,0.4000764651264406,0.5999235348735594,0.0,1.0,0.0,1.0,0.5983493810178817,0.549956634066117,0.7106802577698575,0.958526348403961,0.563773469037338,0.6074074074074075,0.33865814696485624,0.703804347826087,727
robust,42,valid,rate__audio__r0p10__random__medium,rate,audio,0.1,random,medium,0.03338081854233242,51946,50212,0.0,1.0,0.1012495620693682,0.8987504379306318,0.0,1.0,0.6483516483516484,0.6152706404595574,0.5625173248501576,0.7603453772542138,0.6908486063558614,0.6801007556675064,0.43843843843843844,0.7272727272727273,728
robust,42,test,rate__audio__r0p10__random__medium,rate,audio,0.1,random,medium,0.033218943033630745,50995,49301,0.0,1.0,0.10050430139424503,0.899495698605755,0.0,1.0,0.6822558459422283,0.6251846578053243,0.6063575521342077,0.8300382290991012,0.6991887908494033,0.7055961070559611,0.39711191335740076,0.772845953002611,727
robust,42,valid,rate__audio__r0p20__random__medium,rate,audio,0.2,random,medium,0.06622261579332384,51946,48506,0.0,1.0,0.20086418311339485,0.7991358168866052,0.0,1.0,0.6442307692307693,0.6120681855220654,0.5626688205283954,0.7605811393218908,0.6905841108879672,0.678391959798995,0.43582089552238806,0.7219917012448134,728
robust,42,test,rate__audio__r0p20__random__medium,rate,audio,0.2,random,medium,0.0666339837238945,50995,47597,0.0,1.0,0.2016018985464254,0.7983981014535746,0.0,1.0,0.6822558459422283,0.6264270359042524,0.6064502127478835,0.8297586562754775,0.699428414385025,0.7055961070559611,0.40143369175627236,0.7722513089005235,727
robust,42,valid,rate__audio__r0p30__random__medium,rate,audio,0.3,random,medium,0.09879490239864475,51946,46814,0.0,1.0,0.29966133364475067,0.7003386663552493,0.0,1.0,0.6497252747252747,0.6174474126031155,0.5621630873756258,0.7596268227423997,0.6913344975539492,0.681704260651629,0.4431137724550898,0.7275242047026279,728
robust,42,test,rate__audio__r0p30__random__medium,rate,audio,0.3,random,medium,0.09881360917737034,50995,45956,0.0,1.0,0.2989617324236132,0.7010382675763869,0.0,1.0,0.6822558459422283,0.6264270359042524,0.6059725106689962,0.8292117287354133,0.6997963961413204,0.7055961070559611,0.40143369175627236,0.7722513089005235,727
robust,42,valid,rate__audio__r0p40__random__medium,rate,audio,0.4,random,medium,0.13167520117044623,51946,45106,0.0,1.0,0.3993927361905874,0.6006072638094125,0.0,1.0,0.6442307692307693,0.6122054221453764,0.5623531932098238,0.7597610689096314,0.6911742875191094,0.6801007556675064,0.4345238095238095,0.7219917012448134,728
robust,42,test,rate__audio__r0p40__random__medium,rate,audio,0.4,random,medium,0.1321698205706442,50995,44255,0.0,1.0,0.3998813408484129,0.600118659151587,0.0,1.0,0.686382393397524,0.6299972948623326,0.6065049218961859,0.8297508231305023,0.6994206152636733,0.7087378640776699,0.4057971014492754,0.7754569190600522,727
robust,42,valid,rate__vision__r0p10__random__medium,rate,vision,0.1,random,medium,0.03141724098101875,51946,50314,0.0,1.0,0.0,1.0,0.1007905138339921,0.8992094861660079,0.6483516483516484,0.6152706404595574,0.5623978958861738,0.7603043910757467,0.690933107948732,0.6801007556675064,0.43843843843843844,0.7272727272727273,728
robust,42,test,rate__vision__r0p10__random__medium,rate,vision,0.1,random,medium,0.031179527404647515,50995,49405,0.0,1.0,0.0,1.0,0.1004358537047565,0.8995641462952435,0.6808803301237965,0.6241737967862435,0.6057778519938253,0.8294357858641082,0.6997109267978848,0.7055961070559611,0.3956834532374101,0.7712418300653595,727
robust,42,valid,rate__vision__r0p20__random__medium,rate,vision,0.2,random,medium,0.06269972663920224,51946,48689,0.0,1.0,0.0,1.0,0.20114871541501977,0.7988512845849802,0.646978021978022,0.6151116330391392,0.5622173701131532,0.7600871307951385,0.6911289907842472,0.6801007556675064,0.44047619047619047,0.7247579529737207,728
robust,42,test,rate__vision__r0p20__random__medium,rate,vision,0.2,random,medium,0.06255515246592804,50995,47805,0.0,1.0,0.0,1.0,0.20150337944539196,0.798496620554608,0.6822558459422283,0.6251846578053243,0.6059318752331657,0.8297034410091785,0.6994703242136093,0.7055961070559611,0.39711191335740076,0.772845953002611,727
robust,42,valid,rate__vision__r0p30__random__medium,rate,vision,0.3,random,medium,0.09334693720401956,51946,47097,0.0,1.0,0.0,1.0,0.29946887351778656,0.7005311264822134,0.6497252747252747,0.6181487480291917,0.5622257122368255,0.7597506957273659,0.6913232623783201,0.6818181818181818,0.44510385756676557,0.7275242047026279,728
robust,42,test,rate__vision__r0p30__random__medium,rate,vision,0.3,random,medium,0.09283263065006374,50995,46261,0.0,1.0,0.0,1.0,0.29903354178510516,0.7009664582148948,0.6808803301237965,0.6241737967862435,0.606217319598009,0.8295355970076991,0.6996202234550479,0.7055961070559611,0.3956834532374101,0.7712418300653595,727
robust,42,valid,rate__vision__r0p40__random__medium,rate,vision,0.4,random,medium,0.12447541677896277,51946,45480,0.0,1.0,0.0,1.0,0.39933300395256915,0.6006669960474308,0.6483516483516484,0.6168853717232804,0.5627153416530096,0.7612881677253657,0.6898681778792293,0.6801007556675064,0.44378698224852065,0.7267683772538142,728
robust,42,test,rate__vision__r0p40__random__medium,rate,vision,0.4,random,medium,0.12409059711736445,50995,44667,0.0,1.0,0.0,1.0,0.39972206430421325,0.6002779356957868,0.6836313617606602,0.6274433380160048,0.6066226630191097,0.8305141330014423,0.698714837465835,0.7055961070559611,0.40287769784172667,0.7738562091503268,727
robust,42,valid,rate__text+audio__r0p10__random__medium,rate,text+audio,0.1,random,medium,0.069514495822585,51946,48335,0.10076229332188104,0.899237706678119,0.1012495620693682,0.8987504379306318,0.0,1.0,0.635989010989011,0.6042185655653011,0.5775879209088468,0.7774504803249236,0.6703158993157019,0.678391959798995,0.4213649851632048,0.7128987517337032,728
robust,42,test,rate__text+audio__r0p10__random__medium,rate,text+audio,0.1,random,medium,0.06935974115109324,50995,47458,0.10066087716423616,0.8993391228357638,0.10050430139424503,0.899495698605755,0.0,1.0,0.657496561210454,0.6023509766440357,0.6473603960564757,0.8780664563057097,0.6542260116972277,0.6717948717948719,0.38461538461538464,0.7506426735218508,727
robust,42,valid,rate__text+audio__r0p20__random__medium,rate,text+audio,0.2,random,medium,0.13812420590613328,51946,44771,0.20050461670603392,0.7994953832939661,0.20086418311339485,0.7991358168866052,0.0,1.0,0.6167582417582418,0.5859916181189859,0.5850077799040374,0.7994335006182217,0.6443330309212736,0.654639175257732,0.40816326530612246,0.6951724137931035,728
robust,42,test,rate__text+audio__r0p20__random__medium,rate,text+audio,0.2,random,medium,0.1383665065202471,50995,43939,0.19979245179966137,0.8002075482003387,0.2016018985464254,0.7983981014535746,0.0,1.0,0.672627235213205,0.6255748175480905,0.6528247895867063,0.8850771546691003,0.6452478396002453,0.6786632390745502,0.4429065743944637,0.7551546391752577,727
robust,42,valid,rate__text+audio__r0p30__random__medium,rate,text+audio,0.3,random,medium,0.20590613329226504,51946,41250,0.29869014386944387,0.7013098561305562,0.29966133364475067,0.7003386663552493,0.0,1.0,0.5837912087912088,0.5481145597143122,0.6268563976749307,0.8587102696572395,0.5766617444992826,0.5608465608465608,0.39660056657223797,0.6868965517241379,728
robust,42,test,rate__text+audio__r0p30__random__medium,rate,text+audio,0.3,random,medium,0.20635356407490932,50995,40472,0.2995248238571194,0.7004751761428806,0.2989617324236132,0.7010382675763869,0.0,1.0,0.640990371389271,0.5829932145847813,0.6737198815610582,0.913851678280072,0.6152671975693396,0.6599999999999999,0.34843205574912894,0.7405475880052151,727
robust,42,valid,rate__text+audio__r0p40__random__medium,rate,text+audio,0.4,random,medium,0.2752281215107997,51946,37649,0.40031135924414857,0.5996886407558514,0.3993927361905874,0.6006072638094125,0.0,1.0,0.5782967032967034,0.5514496120992621,0.630521398271782,0.8544853192308558,0.5805685242011195,0.5958549222797928,0.3956043956043956,0.6628895184135978,728
robust,42,test,rate__text+audio__r0p40__random__medium,rate,text+audio,0.4,random,medium,0.27581135405431906,50995,36930,0.4000764651264406,0.5999235348735594,0.3998813408484129,0.600118659151587,0.0,1.0,0.6258596973865199,0.571788708528099,0.7056584187374646,0.9598477595574884,0.5618187189116836,0.6469135802469136,0.352112676056338,0.7163398692810456,727
robust,42,valid,rate__text+vision__r0p10__random__medium,rate,text+vision,0.1,random,medium,0.06755091826127133,51946,48437,0.10076229332188104,0.899237706678119,0.0,1.0,0.1007905138339921,0.8992094861660079,0.6263736263736264,0.5973867031438981,0.588829474556925,0.7907576547996269,0.6574441826601161,0.6616541353383459,0.4252873563218391,0.7052186177715092,728
robust,42,test,rate__text+vision__r0p10__random__medium,rate,text+vision,0.1,random,medium,0.06732032552211001,50995,47562,0.10066087716423616,0.8993391228357638,0.0,1.0,0.1004358537047565,0.8995641462952435,0.671251719394773,0.6148153182353638,0.6330878285914044,0.8543500029007591,0.6756724537469748,0.6896551724137931,0.39705882352941174,0.7577319587628867,727
robust,42,valid,rate__text+vision__r0p20__random__medium,rate,text+vision,0.2,random,medium,0.1346013167520117,51946,44954,0.20050461670603392,0.7994953832939661,0.0,1.0,0.20114871541501977,0.7988512845849802,0.6002747252747253,0.56648261232163,0.6040261948435147,0.8303520083201176,0.614017552490019,0.6564102564102563,0.3663663663663664,0.6766712141882674,728
robust,42,test,rate__text+vision__r0p20__random__medium,rate,text+vision,0.2,random,medium,0.1342876752622806,50995,44147,0.19979245179966137,0.8002075482003387,0.0,1.0,0.20150337944539196,0.798496620554608,0.6382393397524071,0.5813743769281499,0.6728941240031503,0.9040257518333911,0.626297843707956,0.6446700507614213,0.3611111111111111,0.7383419689119172,727
robust,42,valid,rate__text+vision__r0p30__random__medium,rate,text+vision,0.3,random,medium,0.20045816809763986,51946,41533,0.29869014386944387,0.7013098561305562,0.0,1.0,0.29946887351778656,0.7005311264822134,0.5961538461538461,0.5627542525501709,0.6136735310153729,0.8383165601490556,0.6008137886786534,0.6337662337662336,0.37317784256559766,0.6813186813186813,728
robust,42,test,rate__text+vision__r0p30__random__medium,rate,text+vision,0.3,random,medium,0.2003725855476027,50995,40777,0.2995248238571194,0.7004751761428806,0.0,1.0,0.29903354178510516,0.7009664582148948,0.6464924346629987,0.5919600845312377,0.670570560791203,0.9077060076299696,0.6211340461451884,0.6237623762376239,0.4056939501779359,0.7464239271781534,727
robust,42,valid,rate__text+vision__r0p40__random__medium,rate,text+vision,0.4,random,medium,0.26802833711931623,51946,38023,0.40031135924414857,0.5996886407558514,0.0,1.0,0.39933300395256915,0.6006669960474308,0.5769230769230769,0.5500081089747161,0.6396967499122883,0.8562813595218376,0.5793061809284968,0.6005221932114883,0.38378378378378375,0.6657183499288762,728
robust,42,test,rate__text+vision__r0p40__random__medium,rate,text+vision,0.4,random,medium,0.26773213060103934,50995,37342,0.4000764651264406,0.5999235348735594,0.0,1.0,0.39972206430421325,0.6002779356957868,0.640990371389271,0.5880037623931637,0.6991517646379123,0.9400948467043946,0.5841418800527323,0.6192893401015229,0.3986486486486487,0.7460732984293194,727
robust,42,valid,rate__audio+vision__r0p10__random__medium,rate,audio+vision,0.1,random,medium,0.06479805952335117,51946,48580,0.0,1.0,0.1012495620693682,0.8987504379306318,0.1007905138339921,0.8992094861660079,0.646978021978022,0.614146996068823,0.5627056828912368,0.7603163704190801,0.6908380700063002,0.6801007556675064,0.43582089552238806,0.7265193370165746,728
robust,42,test,rate__audio+vision__r0p10__random__medium,rate,audio+vision,0.1,random,medium,0.06439847043827826,50995,47711,0.0,1.0,0.10050430139424503,0.899495698605755,0.1004358537047565,0.8995641462952435,0.6822558459422283,0.6256972025001434,0.6066528082706106,0.830006295459792,0.699221345771867,0.7087378640776699,0.39711191335740076,0.7712418300653595,727
robust,42,valid,rate__audio+vision__r0p20__random__medium,rate,audio+vision,0.2,random,medium,0.1289223424325261,51946,45249,0.0,1.0,0.20086418311339485,0.7991358168866052,0.20114871541501977,0.7988512845849802,0.6442307692307693,0.6121089555943947,0.5621500854165509,0.7600590390886233,0.6909911169336431,0.6801007556675064,0.4332344213649852,0.7229916897506925,728
robust,42,test,rate__audio+vision__r0p20__random__medium,rate,audio+vision,0.2,random,medium,0.12918913618982253,50995,44407,0.0,1.0,0.2016018985464254,0.7983981014535746,0.20150337944539196,0.798496620554608,0.6822558459422283,0.6264270359042524,0.6065611267895368,0.8299883770287781,0.6991835814938024,0.7055961070559611,0.40143369175627236,0.7722513089005235,727
robust,42,valid,rate__audio+vision__r0p30__random__medium,rate,audio+vision,0.3,random,medium,0.19214183960266432,51946,41965,0.0,1.0,0.29966133364475067,0.7003386663552493,0.29946887351778656,0.7005311264822134,0.6497252747252747,0.6182283158750415,0.5623879927609648,0.7609066514236691,0.6901625589999294,0.6834170854271358,0.4424778761061947,0.728789986091794,728
robust,42,test,rate__audio+vision__r0p30__random__medium,rate,audio+vision,0.3,random,medium,0.19164623982743406,50995,41222,0.0,1.0,0.2989617324236132,0.7010382675763869,0.29903354178510516,0.7009664582148948,0.6822558459422283,0.6276478668469946,0.6058014845898301,0.8299983481247132,0.6991396803226985,0.7055961070559611,0.4056939501779359,0.7716535433070866,727
robust,42,valid,rate__audio+vision__r0p40__random__medium,rate,audio+vision,0.4,random,medium,0.256150617949409,51946,38640,0.0,1.0,0.3993927361905874,0.6006072638094125,0.39933300395256915,0.6006669960474308,0.6497252747252747,0.6183272818178114,0.5619563875082819,0.7612831999290683,0.6896350883876544,0.6834170854271358,0.44378698224852065,0.7277777777777776,728
robust,42,test,rate__audio+vision__r0p40__random__medium,rate,audio+vision,0.4,random,medium,0.2562604176880086,50995,37927,0.0,1.0,0.3998813408484129,0.600118659151587,0.39972206430421325,0.6002779356957868,0.686382393397524,0.632314630546685,0.6059971271310786,0.8309817926067934,0.6983517592846502,0.7073170731707316,0.41577060931899645,0.7738562091503268,727
robust,42,valid,rate__text+audio+vision__r0p10__random__medium,rate,text+audio+vision,0.1,random,medium,0.10093173680360375,51946,46703,0.10076229332188104,0.899237706678119,0.1012495620693682,0.8987504379306318,0.1007905138339921,0.8992094861660079,0.6291208791208791,0.6021884181701739,0.5851435458830015,0.7865065843944045,0.6611656789373841,0.6801007556675064,0.4289855072463768,0.6974789915966386,728
robust,42,test,rate__text+audio+vision__r0p10__random__medium,rate,text+audio+vision,0.1,random,medium,0.10053926855574076,50995,45868,0.10066087716423616,0.8993391228357638,0.10050430139424503,0.899495698605755,0.1004358537047565,0.8995641462952435,0.6588720770288858,0.6018493266016897,0.6644984905581096,0.905734404852368,0.6269187834327221,0.6584766584766584,0.3941605839416058,0.7529107373868046,727
robust,42,valid,rate__text+audio+vision__r0p20__random__medium,rate,text+audio+vision,0.2,random,medium,0.20082393254533554,51946,41514,0.20050461670603392,0.7994953832939661,0.20086418311339485,0.7991358168866052,0.20114871541501977,0.7988512845849802,0.6208791208791209,0.5944220103340734,0.5935721286447145,0.8055852564692377,0.6379540855029385,0.6424870466321243,0.441340782122905,0.6994382022471909,728
robust,42,test,rate__text+audio+vision__r0p20__random__medium,rate,text+audio+vision,0.2,random,medium,0.20092165898617512,50995,40749,0.19979245179966137,0.8002075482003387,0.2016018985464254,0.7983981014535746,0.20150337944539196,0.798496620554608,0.6602475928473177,0.6060178298626022,0.654608955627315,0.8952785489887364,0.6352506258284489,0.6582278481012658,0.4013840830449827,0.7584415584415584,727
robust,42,valid,rate__text+audio+vision__r0p30__random__medium,rate,text+audio+vision,0.3,random,medium,0.2992530704962846,51946,36401,0.29869014386944387,0.7013098561305562,0.29966133364475067,0.7003386663552493,0.29946887351778656,0.7005311264822134,0.5769230769230769,0.5539024146278032,0.6070712856592734,0.8164388795610988,0.6272546562372924,0.6373056994818653,0.37297297297297294,0.6514285714285715,728
robust,42,test,rate__text+audio+vision__r0p30__random__medium,rate,text+audio+vision,0.3,random,medium,0.29918619472497304,50995,35738,0.2995248238571194,0.7004751761428806,0.2989617324236132,0.7010382675763869,0.29903354178510516,0.7009664582148948,0.656121045392022,0.6044220209655565,0.6547698836576352,0.8821934551119406,0.6473504440004069,0.6599999999999999,0.3986486486486487,0.754617414248021,727
robust,42,valid,rate__text+audio+vision__r0p40__random__medium,rate,text+audio+vision,0.4,random,medium,0.39970353828976246,51946,31183,0.40031135924414857,0.5996886407558514,0.3993927361905874,0.6006072638094125,0.39933300395256915,0.6006669960474308,0.5686813186813187,0.5448995265917582,0.6181781543764173,0.8482393948380577,0.5868999386406438,0.599483204134367,0.3829787234042554,0.6522366522366522,728
robust,42,test,rate__text+audio+vision__r0p40__random__medium,rate,text+audio+vision,0.4,random,medium,0.3999019511716835,50995,30602,0.4000764651264406,0.5999235348735594,0.3998813408484129,0.600118659151587,0.39972206430421325,0.6002779356957868,0.6162310866574966,0.5694683613575129,0.6952041405428616,0.9408944679787415,0.5841427262970149,0.6397984886649873,0.3630363036303631,0.7055702917771883,727
robust,42,valid,position__text__r0p30__prefix__medium,position,text,0.3,prefix,medium,0.1071112308936203,51946,46382,0.29869014386944387,0.7013098561305562,0.0,1.0,0.0,1.0,0.6346153846153846,0.5933067005776437,0.5976592377953969,0.814979348397008,0.6283810922298031,0.6567164179104478,0.402555910543131,0.7206477732793524,728
robust,42,test,position__text__r0p30__prefix__medium,position,text,0.3,prefix,medium,0.10753995489753898,50995,45511,0.2995248238571194,0.7004751761428806,0.0,1.0,0.0,1.0,0.6740027510316369,0.6143896478198804,0.6344312845154101,0.8594583959550011,0.670262267301142,0.6971153846153846,0.3863636363636364,0.7596899224806202,727
robust,42,valid,position__text__r0p30__middle__medium,position,text,0.3,middle,medium,0.1071112308936203,51946,46382,0.29869014386944387,0.7013098561305562,0.0,1.0,0.0,1.0,0.6071428571428571,0.579601734653625,0.6057589450776883,0.8127802503227499,0.6319006721820788,0.6351706036745407,0.40871934604904636,0.6949152542372881,728
robust,42,test,position__text__r0p30__middle__medium,position,text,0.3,middle,medium,0.10753995489753898,50995,45511,0.2995248238571194,0.7004751761428806,0.0,1.0,0.0,1.0,0.6382393397524071,0.5887241972030002,0.6725756870044659,0.9078640606877363,0.6220606874717606,0.6334164588528678,0.39730639730639733,0.7354497354497355,727
robust,42,valid,position__text__r0p30__suffix__medium,position,text,0.3,suffix,medium,0.1071112308936203,51946,46382,0.29869014386944387,0.7013098561305562,0.0,1.0,0.0,1.0,0.5521978021978022,0.5221334591640124,0.6548102711938875,0.884290229843191,0.5319615202752904,0.5028901734104047,0.4213333333333333,0.6421768707482993,728
robust,42,test,position__text__r0p30__suffix__medium,position,text,0.3,suffix,medium,0.10753995489753898,50995,45511,0.2995248238571194,0.7004751761428806,0.0,1.0,0.0,1.0,0.6121045392022009,0.5569094899387488,0.7318571663783169,0.9853099065926776,0.5296037093238863,0.5626740947075209,0.3856209150326797,0.7224334600760456,727
robust,42,valid,position__text__r0p30__random__medium,position,text,0.3,random,medium,0.1071112308936203,51946,46382,0.29869014386944387,0.7013098561305562,0.0,1.0,0.0,1.0,0.6098901098901099,0.5796557996234356,0.6152110598843217,0.8424897257175341,0.5984291941777233,0.6294416243654822,0.4078212290502793,0.7017045454545454,728
robust,42,test,position__text__r0p30__random__medium,position,text,0.3,random,medium,0.10753995489753898,50995,45511,0.2995248238571194,0.7004751761428806,0.0,1.0,0.0,1.0,0.6533700137551581,0.6080533136349614,0.6931309796449571,0.9289915551296634,0.5976589878706104,0.6748768472906405,0.41355932203389834,0.7357237715803453,727
robust,42,valid,duration__text__r0p30__random__short,duration,text,0.3,random,short,0.1071112308936203,51946,46382,0.29869014386944387,0.7013098561305562,0.0,1.0,0.0,1.0,0.5769230769230769,0.545931949915669,0.6325106313221852,0.8560190192632758,0.5810979013619678,0.606516290726817,0.37209302325581395,0.6591865357643759,728
robust,42,test,duration__text__r0p30__random__short,duration,text,0.3,random,short,0.10753995489753898,50995,45511,0.2995248238571194,0.7004751761428806,0.0,1.0,0.0,1.0,0.624484181568088,0.5683555853612924,0.7164265776304156,0.9690150811639001,0.5497273955826557,0.5989583333333334,0.3741496598639456,0.7319587628865981,727
robust,42,valid,duration__text__r0p30__random__medium,duration,text,0.3,random,medium,0.1071112308936203,51946,46382,0.29869014386944387,0.7013098561305562,0.0,1.0,0.0,1.0,0.5865384615384616,0.5628281227893394,0.6215814362141907,0.8532787547593411,0.5839456371528163,0.6243386243386243,0.40217391304347827,0.6619718309859155,728
robust,42,test,duration__text__r0p30__random__medium,duration,text,0.3,random,medium,0.10753995489753898,50995,45511,0.2995248238571194,0.7004751761428806,0.0,1.0,0.0,1.0,0.640990371389271,0.5877644379289639,0.6823717248260954,0.9376994175227403,0.5896672536302067,0.6368159203980099,0.3942652329749104,0.7322121604139715,727
robust,42,valid,duration__text__r0p30__random__long,duration,text,0.3,random,long,0.1071112308936203,51946,46382,0.29869014386944387,0.7013098561305562,0.0,1.0,0.0,1.0,0.5906593406593407,0.5638919257099544,0.6057422376368297,0.8128585360488109,0.6320885339732865,0.64321608040201,0.37988826815642457,0.6685714285714286,728
robust,42,test,duration__text__r0p30__random__long,duration,text,0.3,random,long,0.10753995489753898,50995,45511,0.2995248238571194,0.7004751761428806,0.0,1.0,0.0,1.0,0.6519944979367263,0.6000034056429439,0.6918717451019538,0.9355188019673287,0.5936559030218519,0.6184538653366582,0.4246575342465754,0.7568988173455978,727
robust,42,valid,position__audio__r0p30__prefix__medium,position,audio,0.3,prefix,medium,0.09879490239864475,51946,46814,0.0,1.0,0.29966133364475067,0.7003386663552493,0.0,1.0,0.6442307692307693,0.6118347715321296,0.5624797739303455,0.7605462354435525,0.6904830685940236,0.6766917293233082,0.43582089552238806,0.7229916897506925,728
robust,42,test,position__audio__r0p30__prefix__medium,position,audio,0.3,prefix,medium,0.09881360917737034,50995,45956,0.0,1.0,0.2989617324236132,0.7010382675763869,0.0,1.0,0.6822558459422283,0.6251846578053243,0.6059599127735753,0.8289825182735224,0.6998512765954124,0.7055961070559611,0.39711191335740076,0.772845953002611,727
robust,42,valid,position__audio__r0p30__middle__medium,position,audio,0.3,middle,medium,0.09879490239864475,51946,46814,0.0,1.0,0.29966133364475067,0.7003386663552493,0.0,1.0,0.6497252747252747,0.6176833982996001,0.5627189760434104,0.7602374196834015,0.6908246689938197,0.6834170854271358,0.4431137724550898,0.7265193370165746,728
robust,42,test,position__audio__r0p30__middle__medium,position,audio,0.3,middle,medium,0.09881360917737034,50995,45956,0.0,1.0,0.2989617324236132,0.7010382675763869,0.0,1.0,0.6836313617606602,0.62795562360664,0.6062119377730862,0.8300064230534948,0.6992177214788569,0.7087378640776699,0.40287769784172667,0.7722513089005235,727
robust,42,valid,position__audio__r0p30__suffix__medium,position,audio,0.3,suffix,medium,0.09879490239864475,51946,46814,0.0,1.0,0.29966133364475067,0.7003386663552493,0.0,1.0,0.6497252747252747,0.6162245200330635,0.5615699906426656,0.7597334274404691,0.6910994463491388,0.6818181818181818,0.43582089552238806,0.7310344827586208,728
robust,42,test,position__audio__r0p30__suffix__medium,position,audio,0.3,suffix,medium,0.09881360917737034,50995,45956,0.0,1.0,0.2989617324236132,0.7010382675763869,0.0,1.0,0.6836313617606602,0.628667466004237,0.607144222997047,0.8306175266603834,0.6987944659625744,0.7055961070559611,0.40714285714285714,0.7732634338138926,727
robust,42,valid,position__audio__r0p30__random__medium,position,audio,0.3,random,medium,0.09879490239864475,51946,46814,0.0,1.0,0.29966133364475067,0.7003386663552493,0.0,1.0,0.6456043956043956,0.6129902694317012,0.562374844833707,0.7598249568805906,0.6912080387021157,0.678391959798995,0.43582089552238806,0.7247579529737207,728
robust,42,test,position__audio__r0p30__random__medium,position,audio,0.3,random,medium,0.09881360917737034,50995,45956,0.0,1.0,0.2989617324236132,0.7010382675763869,0.0,1.0,0.6850068775790922,0.6289754010639652,0.6060770885042713,0.8297329886382218,0.6994182405806247,0.7087378640776699,0.40433212996389895,0.7738562091503268,727
robust,42,valid,duration__audio__r0p30__random__short,duration,audio,0.3,random,short,0.09879490239864475,51946,46814,0.0,1.0,0.29966133364475067,0.7003386663552493,0.0,1.0,0.6497252747252747,0.6183004031113382,0.5622320370172958,0.760465343311022,0.6906204771500654,0.681704260651629,0.44642857142857145,0.7267683772538142,728
robust,42,test,duration__audio__r0p30__random__short,duration,audio,0.3,random,short,0.09881360917737034,50995,45956,0.0,1.0,0.2989617324236132,0.7010382675763869,0.0,1.0,0.6836313617606602,0.628667466004237,0.6064273003268439,0.8298709803726266,0.6992970185094131,0.7055961070559611,0.40714285714285714,0.7732634338138926,727
robust,42,valid,duration__audio__r0p30__random__medium,duration,audio,0.3,random,medium,0.09879490239864475,51946,46814,0.0,1.0,0.29966133364475067,0.7003386663552493,0.0,1.0,0.6497252747252747,0.6179121563966502,0.5627311340451322,0.7601821778745219,0.6908776012225778,0.6801007556675064,0.44510385756676557,0.7285318559556787,728
robust,42,test,duration__audio__r0p30__random__medium,duration,audio,0.3,random,medium,0.09881360917737034,50995,45956,0.0,1.0,0.2989617324236132,0.7010382675763869,0.0,1.0,0.6850068775790922,0.628461718693304,0.6068445868736345,0.8299254422530804,0.6992566602583467,0.7055961070559611,0.40433212996389895,0.7754569190600522,727
robust,42,valid,duration__audio__r0p30__random__long,duration,audio,0.3,random,long,0.09879490239864475,51946,46814,0.0,1.0,0.29966133364475067,0.7003386663552493,0.0,1.0,0.6442307692307693,0.6113323669693533,0.5625522190098559,0.760240691154538,0.6908976512177181,0.6801007556675064,0.43113772455089827,0.7227586206896552,728
robust,42,test,duration__audio__r0p30__random__long,duration,audio,0.3,random,long,0.09881360917737034,50995,45956,0.0,1.0,0.2989617324236132,0.7010382675763869,0.0,1.0,0.6822558459422283,0.6276478668469946,0.6064582228137916,0.8290704026696084,0.7000135730942256,0.7055961070559611,0.4056939501779359,0.7716535433070866,727
robust,42,valid,position__vision__r0p30__prefix__medium,position,vision,0.3,prefix,medium,0.09334693720401956,51946,47097,0.0,1.0,0.0,1.0,0.29946887351778656,0.7005311264822134,0.6483516483516484,0.6167547315398583,0.5625837193175147,0.7603713818234976,0.6908609551504739,0.678391959798995,0.44510385756676557,0.7267683772538142,728
robust,42,test,position__vision__r0p30__prefix__medium,position,vision,0.3,prefix,medium,0.09283263065006374,50995,46261,0.0,1.0,0.0,1.0,0.29903354178510516,0.7009664582148948,0.6808803301237965,0.6266302826727669,0.6059980843167501,0.8295739001409383,0.699400791590314,0.7055961070559611,0.40425531914893614,0.7700394218134033,727
robust,42,valid,position__vision__r0p30__middle__medium,position,vision,0.3,middle,medium,0.09334693720401956,51946,47097,0.0,1.0,0.0,1.0,0.29946887351778656,0.7005311264822134,0.6456043956043956,0.6133662991397797,0.5622758590462771,0.7604359516330571,0.6907244867908235,0.6818181818181818,0.4345238095238095,0.723756906077348,728
robust,42,test,position__vision__r0p30__middle__medium,position,vision,0.3,middle,medium,0.09283263065006374,50995,46261,0.0,1.0,0.0,1.0,0.29903354178510516,0.7009664582148948,0.6795048143053645,0.6233023370912544,0.6063632276011669,0.8298254326583584,0.6994052849323698,0.7055961070559611,0.3956834532374101,0.7686274509803921,727
robust,42,valid,position__vision__r0p30__suffix__medium,position,vision,0.3,suffix,medium,0.09334693720401956,51946,47097,0.0,1.0,0.0,1.0,0.29946887351778656,0.7005311264822134,0.6428571428571429,0.6126466432375787,0.5630971967513867,0.761607445226849,0.689870513031364,0.678391959798995,0.439882697947214,0.7196652719665271,728
robust,42,test,position__vision__r0p30__suffix__medium,position,vision,0.3,suffix,medium,0.09283263065006374,50995,46261,0.0,1.0,0.0,1.0,0.29903354178510516,0.7009664582148948,0.6850068775790922,0.6286983654081971,0.6064505030271665,0.8304677540077618,0.6987415079631297,0.7073170731707316,0.40433212996389895,0.7744458930899608,727
robust,42,valid,position__vision__r0p30__random__medium,position,vision,0.3,random,medium,0.09334693720401956,51946,47097,0.0,1.0,0.0,1.0,0.29946887351778656,0.7005311264822134,0.6456043956043956,0.6132261857557474,0.5630386547264796,0.761222986310158,0.689999506010845,0.6801007556675064,0.43582089552238806,0.723756906077348,728
robust,42,test,position__vision__r0p30__random__medium,position,vision,0.3,random,medium,0.09283263065006374,50995,46261,0.0,1.0,0.0,1.0,0.29903354178510516,0.7009664582148948,0.686382393397524,0.632314630546685,0.6065015229620706,0.8304599304778364,0.6988132015026384,0.7073170731707316,0.41577060931899645,0.7738562091503268,727
robust,42,valid,duration__vision__r0p30__random__short,duration,vision,0.3,random,short,0.09334693720401956,51946,47097,0.0,1.0,0.0,1.0,0.29946887351778656,0.7005311264822134,0.6497252747252747,0.6181487480291917,0.5624949349062313,0.7605853277895548,0.6906105520084882,0.6818181818181818,0.44510385756676557,0.7275242047026279,728
robust,42,test,duration__vision__r0p30__random__short,duration,vision,0.3,random,short,0.09283263065006374,50995,46261,0.0,1.0,0.0,1.0,0.29903354178510516,0.7009664582148948,0.6795048143053645,0.6231649492947583,0.6067672546829982,0.8304449295639015,0.6988650072872724,0.7055961070559611,0.3942652329749104,0.7696335078534032,727
robust,42,valid,duration__vision__r0p30__random__medium,duration,vision,0.3,random,medium,0.09334693720401956,51946,47097,0.0,1.0,0.0,1.0,0.29946887351778656,0.7005311264822134,0.6483516483516484,0.6151674554131553,0.562420182106607,0.7609268580583248,0.6903588891634036,0.6801007556675064,0.437125748502994,0.7282758620689656,728
robust,42,test,duration__vision__r0p30__random__medium,duration,vision,0.3,random,medium,0.09283263065006374,50995,46261,0.0,1.0,0.0,1.0,0.29903354178510516,0.7009664582148948,0.6808803301237965,0.6241737967862435,0.6063288475759584,0.8301886603796297,0.6990613342732485,0.7055961070559611,0.3956834532374101,0.7712418300653595,727
robust,42,valid,duration__vision__r0p30__random__long,duration,vision,0.3,random,long,0.09334693720401956,51946,47097,0.0,1.0,0.0,1.0,0.29946887351778656,0.7005311264822134,0.646978021978022,0.6151499257188581,0.5623527056611768,0.7602811836893703,0.6908867518969005,0.6818181818181818,0.43786982248520706,0.7257617728531854,728
robust,42,test,duration__vision__r0p30__random__long,duration,vision,0.3,random,long,0.09283263065006374,50995,46261,0.0,1.0,0.0,1.0,0.29903354178510516,0.7009664582148948,0.6808803301237965,0.6243143357861772,0.6071535940852114,0.8306188677353876,0.6986963511846056,0.7055961070559611,0.39711191335740076,0.7702349869451698,727
robust,42,valid,ablation__complete__r0p00__none__none,ablation,,0.0,none,none,0.0,51946,51946,0.0,1.0,0.0,1.0,0.0,1.0,0.6497252747252747,0.616816282948147,0.5626154725854337,0.7605004822949555,0.6907808006201407,0.6834170854271358,0.4397590361445783,0.7272727272727273,728
robust,42,test,ablation__complete__r0p00__none__none,ablation,,0.0,none,none,0.0,50995,50995,0.0,1.0,0.0,1.0,0.0,1.0,0.6808803301237965,0.6241737967862435,0.606322966572384,0.8298710267442307,0.6993569780353824,0.7055961070559611,0.3956834532374101,0.7712418300653595,727
robust,42,valid,ablation__text__r1p00__random__long,ablation,text,1.0,random,long,0.3586031648250106,51946,33318,1.0,0.0,0.0,1.0,0.0,1.0,0.42445054945054944,0.41515455586000655,0.7664584981924906,1.027082486737263,0.2139740968762994,0.36658932714617165,0.3813953488372093,0.49747899159663866,728
robust,42,test,ablation__text__r1p00__random__long,ablation,text,1.0,random,long,0.35903519952936563,50995,32686,1.0,0.0,0.0,1.0,0.0,1.0,0.4594222833562586,0.428080446328958,0.869679929509226,1.1286225379085988,0.23301477013219415,0.4019370460048426,0.32069970845481055,0.5616045845272206,727
robust,42,valid,ablation__audio__r1p00__random__long,ablation,audio,1.0,random,long,0.3296885226966465,51946,34820,0.0,1.0,1.0,0.0,0.0,1.0,0.6442307692307693,0.6123005911129752,0.563901314798456,0.7637282581793823,0.6901441711484474,0.6886075949367089,0.42729970326409494,0.7209944751381216,728
robust,42,test,ablation__audio__r1p00__random__long,ablation,audio,1.0,random,long,0.33052260025492697,50995,34140,0.0,1.0,1.0,0.0,0.0,1.0,0.6808803301237965,0.6267116625746718,0.6083309525941618,0.8332316718947952,0.6979339632060976,0.7024390243902439,0.41007194244604306,0.7676240208877285,727
robust,42,valid,ablation__vision__r1p00__random__long,ablation,vision,1.0,random,long,0.3117083124783429,51946,35754,0.0,1.0,0.0,1.0,1.0,0.0,0.6236263736263736,0.5896926875051168,0.5719747004012199,0.7752271765973916,0.679507613106848,0.6802030456852792,0.3834808259587021,0.7053941908713693,728
robust,42,test,ablation__vision__r1p00__random__long,ablation,vision,1.0,random,long,0.3104422002157074,50995,35164,0.0,1.0,0.0,1.0,1.0,0.0,0.687757909215956,0.6367915815704475,0.6129426285624504,0.8402168452626454,0.6910318585262849,0.7009803921568627,0.43205574912891986,0.7773386034255599,727
robust,42,valid,ablation__text+audio__r1p00__random__long,ablation,text+audio,1.0,random,long,0.6882916875216571,51946,16192,1.0,0.0,1.0,0.0,0.0,1.0,0.42445054945054944,0.3937530399300118,0.760651190459452,1.0189381596230973,0.24020675575987097,0.2576271186440678,0.3947858472998138,0.5288461538461539,728
robust,42,test,ablation__text+audio__r1p00__random__long,ablation,text+audio,1.0,random,long,0.6895577997842925,50995,15831,1.0,0.0,1.0,0.0,0.0,1.0,0.42916093535075656,0.3831902902730935,0.8648960209660427,1.1329741518959338,0.20828504863730307,0.2484076433121019,0.33256351039260973,0.5685997171145687,727
robust,42,valid,ablation__text+vision__r1p00__random__long,ablation,text+vision,1.0,random,long,0.6703114773033535,51946,17126,1.0,0.0,0.0,1.0,1.0,0.0,0.3543956043956044,0.331873720958228,0.7902057409583294,1.0593063914978467,0.04297346689849369,0.2051282051282051,0.375,0.4154929577464789,728
robust,42,test,ablation__text+vision__r1p00__random__long,ablation,text+vision,1.0,random,long,0.669477399745073,50995,16855,1.0,0.0,0.0,1.0,1.0,0.0,0.3810178817056396,0.36034484993543403,0.8970169035008144,1.1536055675283357,0.14933836301919887,0.2721518987341772,0.3352826510721248,0.4736000000000001,727
robust,42,valid,ablation__audio+vision__r1p00__random__long,ablation,audio+vision,1.0,random,long,0.6413968351749895,51946,18628,0.0,1.0,1.0,0.0,1.0,0.0,0.6277472527472527,0.5967252727950304,0.5746151864679612,0.7804706125824429,0.6781010135739841,0.6838046272493574,0.39999999999999997,0.7063711911357341,728
robust,42,test,ablation__audio+vision__r1p00__random__long,ablation,audio+vision,1.0,random,long,0.6409648004706344,50995,18309,0.0,1.0,1.0,0.0,1.0,0.0,0.6918844566712518,0.6431613598363558,0.6156617490474796,0.8456248248467104,0.6887002037327221,0.7012345679012346,0.4482758620689655,0.779973649538867,727
robust,42,valid,ablation__text+audio+vision__r1p00__random__long,ablation,text+audio+vision,1.0,random,long,1.0,51946,0,1.0,0.0,1.0,0.0,1.0,0.0,0.25274725274725274,0.13450292397660818,0.7709486253641464,1.0514203560768898,0.017424248703898217,0.0,0.40350877192982454,0.0,728
robust,42,test,ablation__text+audio+vision__r1p00__random__long,ablation,text+audio+vision,1.0,random,long,1.0,50995,0,1.0,0.0,1.0,0.0,1.0,0.0,0.2173314993122421,0.11902071563088512,0.8850276496163999,1.1629102448991713,-0.040431215885067776,0.0,0.35706214689265536,0.0,727
robust,43,valid,baseline__complete__r0p00__none__none,baseline,,0.0,none,none,0.0,51946,51946,0.0,1.0,0.0,1.0,0.0,1.0,0.6387362637362637,0.5991680596876386,0.580186848718018,0.7734624582988996,0.6771881606403676,0.6733668341708543,0.4025157232704402,0.7216216216216216,728
robust,43,test,baseline__complete__r0p00__none__none,baseline,,0.0,none,none,0.0,50995,50995,0.0,1.0,0.0,1.0,0.0,1.0,0.7001375515818432,0.6412589854888912,0.6153655065712935,0.8355423842775747,0.6952041818402349,0.6862745098039216,0.4461538461538462,0.7913486005089058,727
robust,43,valid,rate__text__r0p10__random__medium,rate,text,0.1,random,medium,0.03613367728025257,51946,50069,0.10076229332188104,0.899237706678119,0.0,1.0,0.0,1.0,0.6346153846153846,0.5952878038901623,0.5912651986953199,0.7831752686863164,0.6652212935135914,0.663265306122449,0.4,0.7225981055480379,728
robust,43,test,rate__text__r0p10__random__medium,rate,text,0.1,random,medium,0.03614079811746249,50995,49152,0.10066087716423616,0.8993391228357638,0.0,1.0,0.0,1.0,0.687757909215956,0.627864842549792,0.630448382291456,0.8531677687412825,0.6771563792577043,0.6748166259168704,0.4206642066420664,0.7881136950904393,727
robust,43,valid,rate__text__r0p20__random__medium,rate,text,0.2,random,medium,0.07190159011280946,51946,48211,0.20050461670603392,0.7994953832939661,0.0,1.0,0.0,1.0,0.603021978021978,0.5674132462652002,0.6147167586803355,0.8280162220915618,0.6137192765271196,0.6057441253263707,0.4035608308605341,0.6929347826086958,728
robust,43,test,rate__text__r0p20__random__medium,rate,text,0.2,random,medium,0.07173252279635259,50995,47337,0.19979245179966137,0.8002075482003387,0.0,1.0,0.0,1.0,0.6643741403026134,0.6029167103761361,0.6558690064751954,0.875606966792485,0.6553131381189854,0.6534653465346535,0.39543726235741444,0.7598475222363407,727
robust,43,valid,rate__text__r0p30__random__medium,rate,text,0.3,random,medium,0.1071112308936203,51946,46382,0.29869014386944387,0.7013098561305562,0.0,1.0,0.0,1.0,0.6057692307692307,0.5777905190605716,0.6320387642001631,0.8621657173937005,0.5757769897006885,0.6321243523316062,0.42074927953890495,0.6804979253112035,728
robust,43,test,rate__text__r0p30__random__medium,rate,text,0.3,random,medium,0.10753995489753898,50995,45511,0.2995248238571194,0.7004751761428806,0.0,1.0,0.0,1.0,0.6396148555708391,0.5860528022811723,0.6913259510550407,0.931205645261346,0.5977151009166264,0.6280193236714976,0.3942652329749104,0.735873850197109,727
robust,43,valid,rate__text__r0p40__random__medium,rate,text,0.4,random,medium,0.14355292034035344,51946,44489,0.40031135924414857,0.5996886407558514,0.0,1.0,0.0,1.0,0.592032967032967,0.5623171667227399,0.6372623447364626,0.8628021295747513,0.5725859135565394,0.6015424164524421,0.4056338028169014,0.6797752808988764,728
robust,43,test,rate__text__r0p40__random__medium,rate,text,0.4,random,medium,0.14364153348367487,50995,43670,0.4000764651264406,0.5999235348735594,0.0,1.0,0.0,1.0,0.624484181568088,0.5663667903675859,0.6943960815970434,0.9375765107817796,0.5873956294545809,0.6172839506172839,0.35335689045936397,0.7284595300261095,727
robust,43,valid,rate__audio__r0p10__random__medium,rate,audio,0.1,random,medium,0.03338081854233242,51946,50212,0.0,1.0,0.1012495620693682,0.8987504379306318,0.0,1.0,0.6387362637362637,0.5991680596876386,0.5799134798567988,0.7732095630846303,0.6773997502857927,0.6733668341708543,0.4025157232704402,0.7216216216216216,728
robust,43,test,rate__audio__r0p10__random__medium,rate,audio,0.1,random,medium,0.033218943033630745,50995,49301,0.0,1.0,0.10050430139424503,0.899495698605755,0.0,1.0,0.6987620357634112,0.6389240083088652,0.6155782935569547,0.8357327716040985,0.6950169399341414,0.6862745098039216,0.4401544401544401,0.7903430749682339,727
robust,43,valid,rate__audio__r0p20__random__medium,rate,audio,0.2,random,medium,0.06622261579332384,51946,48506,0.0,1.0,0.20086418311339485,0.7991358168866052,0.0,1.0,0.6387362637362637,0.6004015726314522,0.5801450198690233,0.7736837282442327,0.6769079369424925,0.6750629722921914,0.40625000000000006,0.7198917456021651,728
robust,43,test,rate__audio__r0p20__random__medium,rate,audio,0.2,random,medium,0.0666339837238945,50995,47597,0.0,1.0,0.2016018985464254,0.7983981014535746,0.0,1.0,0.6973865199449794,0.6365743794861825,0.6155812193984178,0.835761070715383,0.6949636418953324,0.6862745098039216,0.434108527131783,0.7893401015228427,727
robust,43,valid,rate__audio__r0p30__random__medium,rate,audio,0.3,random,medium,0.09879490239864475,51946,46814,0.0,1.0,0.29966133364475067,0.7003386663552493,0.0,1.0,0.6401098901098901,0.6023817114117688,0.5794810917852753,0.7729063394768382,0.6776641184273642,0.6750629722921914,0.411214953271028,0.7208672086720868,728
robust,43,test,rate__audio__r0p30__random__medium,rate,audio,0.3,random,medium,0.09881360917737034,50995,45956,0.0,1.0,0.2989617324236132,0.7010382675763869,0.0,1.0,0.6960110041265475,0.6367724218320464,0.6156701918747763,0.8357618906760436,0.6949141761869,0.6862745098039216,0.43678160919540227,0.7872611464968153,727
robust,43,valid,rate__audio__r0p40__random__medium,rate,audio,0.4,random,medium,0.13167520117044623,51946,45106,0.0,1.0,0.3993927361905874,0.6006072638094125,0.0,1.0,0.6428571428571429,0.6053618969768643,0.5797754804537233,0.7730046706739236,0.6773568199403106,0.6750629722921914,0.4174454828660436,0.7235772357723578,728
robust,43,test,rate__audio__r0p40__random__medium,rate,audio,0.4,random,medium,0.1321698205706442,50995,44255,0.0,1.0,0.3998813408484129,0.600118659151587,0.0,1.0,0.6932599724896836,0.6333688865154867,0.6154439792247102,0.8354126755287545,0.6951306201407463,0.6862745098039216,0.4291187739463601,0.7847133757961785,727
robust,43,valid,rate__vision__r0p10__random__medium,rate,vision,0.1,random,medium,0.03141724098101875,51946,50314,0.0,1.0,0.0,1.0,0.1007905138339921,0.8992094861660079,0.6401098901098901,0.6011628168968931,0.5803903883532877,0.7737607416479354,0.6768784770589108,0.6733668341708543,0.40752351097178685,0.7225981055480379,728
robust,43,test,rate__vision__r0p10__random__medium,rate,vision,0.1,random,medium,0.031179527404647515,50995,49405,0.0,1.0,0.0,1.0,0.1004358537047565,0.8995641462952435,0.7001375515818432,0.6412589854888912,0.6155634293309638,0.8356809810833838,0.6951099133626127,0.6862745098039216,0.4461538461538462,0.7913486005089058,727
robust,43,valid,rate__vision__r0p20__random__medium,rate,vision,0.2,random,medium,0.06269972663920224,51946,48689,0.0,1.0,0.0,1.0,0.20114871541501977,0.7988512845849802,0.6401098901098901,0.6014027016285333,0.5801313872254648,0.7733068387869029,0.6772229926644164,0.6750629722921914,0.40752351097178685,0.7216216216216216,728
robust,43,test,rate__vision__r0p20__random__medium,rate,vision,0.2,random,medium,0.06255515246592804,50995,47805,0.0,1.0,0.0,1.0,0.20150337944539196,0.798496620554608,0.7015130674002751,0.6423451095698648,0.6159763710068582,0.836196793589941,0.6947276249747495,0.6862745098039216,0.4478764478764478,0.7928843710292248,727
robust,43,valid,rate__vision__r0p30__random__medium,rate,vision,0.3,random,medium,0.09334693720401956,51946,47097,0.0,1.0,0.0,1.0,0.29946887351778656,0.7005311264822134,0.6387362637362637,0.598017055216658,0.5794416211243555,0.7727645400954797,0.6776640117805841,0.6716791979949875,0.4,0.7223719676549865,728
robust,43,test,rate__vision__r0p30__random__medium,rate,vision,0.3,random,medium,0.09283263065006374,50995,46261,0.0,1.0,0.0,1.0,0.29903354178510516,0.7009664582148948,0.6973865199449794,0.6365743794861825,0.6159723052983025,0.8366430922970207,0.694324251895898,0.6862745098039216,0.434108527131783,0.7893401015228427,727
robust,43,valid,rate__vision__r0p40__random__medium,rate,vision,0.4,random,medium,0.12447541677896277,51946,45480,0.0,1.0,0.0,1.0,0.39933300395256915,0.6006669960474308,0.6387362637362637,0.5991680596876386,0.580261267770266,0.7740514408753316,0.6764329062224734,0.6733668341708543,0.4025157232704402,0.7216216216216216,728
robust,43,test,rate__vision__r0p40__random__medium,rate,vision,0.4,random,medium,0.12409059711736445,50995,44667,0.0,1.0,0.0,1.0,0.39972206430421325,0.6002779356957868,0.6973865199449794,0.6378467065040931,0.6161294576226435,0.8367097532376537,0.6942819681990763,0.6862745098039216,0.4384615384615385,0.7888040712468194,727
robust,43,valid,rate__text+audio__r0p10__random__medium,rate,text+audio,0.1,random,medium,0.069514495822585,51946,48335,0.10076229332188104,0.899237706678119,0.1012495620693682,0.8987504379306318,0.0,1.0,0.6346153846153846,0.6005074798798238,0.5878269673698674,0.7885447280864448,0.6592698882963246,0.6716791979949875,0.422360248447205,0.7074829931972789,728
robust,43,test,rate__text+audio__r0p10__random__medium,rate,text+audio,0.1,random,medium,0.06935974115109324,50995,47458,0.10066087716423616,0.8993391228357638,0.10050430139424503,0.899495698605755,0.0,1.0,0.6740027510316369,0.6137475396363757,0.638839170249612,0.8749241967530882,0.6580848789617586,0.6567164179104477,0.4135338345864662,0.7709923664122137,727
robust,43,valid,rate__text+audio__r0p20__random__medium,rate,text+audio,0.2,random,medium,0.13812420590613328,51946,44771,0.20050461670603392,0.7994953832939661,0.20086418311339485,0.7991358168866052,0.0,1.0,0.6442307692307693,0.6097939197266921,0.5906065879312886,0.8007310187784626,0.644462872732762,0.670076726342711,0.43962848297213625,0.7196765498652292,728
robust,43,test,rate__text+audio__r0p20__random__medium,rate,text+audio,0.2,random,medium,0.1383665065202471,50995,43939,0.19979245179966137,0.8002075482003387,0.2016018985464254,0.7983981014535746,0.0,1.0,0.656121045392022,0.6011688764191742,0.6693256006613272,0.9154823823848443,0.616589779819544,0.6700251889168765,0.3898916967509025,0.7435897435897436,727
robust,43,valid,rate__text+audio__r0p30__random__medium,rate,text+audio,0.3,random,medium,0.20590613329226504,51946,41250,0.29869014386944387,0.7013098561305562,0.29966133364475067,0.7003386663552493,0.0,1.0,0.6346153846153846,0.6074550849209729,0.5897134258821197,0.792080848998973,0.6521796001415975,0.680628272251309,0.4355300859598854,0.7062068965517241,728
robust,43,test,rate__text+audio__r0p30__random__medium,rate,text+audio,0.3,random,medium,0.20635356407490932,50995,40472,0.2995248238571194,0.7004751761428806,0.2989617324236132,0.7010382675763869,0.0,1.0,0.6464924346629987,0.5853670258144678,0.6698645172510014,0.9171936385402646,0.6136985547036093,0.6381909547738693,0.36823104693140796,0.7496790757381259,727
robust,43,valid,rate__text+audio__r0p40__random__medium,rate,text+audio,0.4,random,medium,0.2752281215107997,51946,37649,0.40031135924414857,0.5996886407558514,0.3993927361905874,0.6006072638094125,0.0,1.0,0.5796703296703297,0.5543863186701022,0.657872429022893,0.9002831665689869,0.5258710778560622,0.5979899497487438,0.40896358543417366,0.6562054208273894,728
robust,43,test,rate__text+audio__r0p40__random__medium,rate,text+audio,0.4,random,medium,0.27581135405431906,50995,36930,0.4000764651264406,0.5999235348735594,0.3998813408484129,0.600118659151587,0.0,1.0,0.6492434662998624,0.6035823179753558,0.6857763768610592,0.9268266325868519,0.6005313290415499,0.6365914786967419,0.43046357615894043,0.743691899070385,727
robust,43,valid,rate__text+vision__r0p10__random__medium,rate,text+vision,0.1,random,medium,0.06755091826127133,51946,48437,0.10076229332188104,0.899237706678119,0.0,1.0,0.1007905138339921,0.8992094861660079,0.6222527472527473,0.5861208245484621,0.5980896869812489,0.8028703620122186,0.6436501458576971,0.6483790523690773,0.4049079754601227,0.7050754458161865,728
robust,43,test,rate__text+vision__r0p10__random__medium,rate,text+vision,0.1,random,medium,0.06732032552211001,50995,47562,0.10066087716423616,0.8993391228357638,0.0,1.0,0.1004358537047565,0.8995641462952435,0.6795048143053645,0.6108984578254231,0.6334898840620642,0.8541275922961228,0.6766374500517226,0.6749379652605458,0.37547892720306514,0.7822784810126581,727
robust,43,valid,rate__text+vision__r0p20__random__medium,rate,text+vision,0.2,random,medium,0.1346013167520117,51946,44954,0.20050461670603392,0.7994953832939661,0.0,1.0,0.20114871541501977,0.7988512845849802,0.603021978021978,0.5692544234718823,0.6024142077760669,0.8092014754508688,0.6370220895073925,0.6463104325699746,0.38297872340425526,0.6784741144414169,728
robust,43,test,rate__text+vision__r0p20__random__medium,rate,text+vision,0.2,random,medium,0.1342876752622806,50995,44147,0.19979245179966137,0.8002075482003387,0.0,1.0,0.20150337944539196,0.798496620554608,0.6698762035763411,0.609240152774989,0.659035619724916,0.901590153970175,0.6303900534158798,0.6633416458852868,0.3941605839416058,0.7702182284980745,727
robust,43,valid,rate__text+vision__r0p30__random__medium,rate,text+vision,0.3,random,medium,0.20045816809763986,51946,41533,0.29869014386944387,0.7013098561305562,0.0,1.0,0.29946887351778656,0.7005311264822134,0.6126373626373627,0.5826192228560072,0.621452381972551,0.8502705518820671,0.5893781838812324,0.6291560102301791,0.4192634560906516,0.6994382022471909,728
robust,43,test,rate__text+vision__r0p30__random__medium,rate,text+vision,0.3,random,medium,0.2003725855476027,50995,40777,0.2995248238571194,0.7004751761428806,0.0,1.0,0.29903354178510516,0.7009664582148948,0.6396148555708391,0.5932873287132564,0.7082701095570765,0.9653659845533744,0.5628180727084692,0.624078624078624,0.4246575342465754,0.7311258278145696,727
robust,43,valid,rate__text+vision__r0p40__random__medium,rate,text+vision,0.4,random,medium,0.26802833711931623,51946,38023,0.40031135924414857,0.5996886407558514,0.0,1.0,0.39933300395256915,0.6006669960474308,0.5728021978021978,0.5433426051073109,0.6642151330034811,0.8942232231234793,0.5315317124275151,0.5833333333333333,0.38655462184873945,0.6601398601398601,728
robust,43,test,rate__text+vision__r0p40__random__medium,rate,text+vision,0.4,random,medium,0.26773213060103934,50995,37342,0.4000764651264406,0.5999235348735594,0.0,1.0,0.39972206430421325,0.6002779356957868,0.6107290233837689,0.5573652265251362,0.7355513095245934,0.9909756693946336,0.5306713144518185,0.5699745547073791,0.37748344370860926,0.7246376811594203,727
robust,43,valid,rate__audio+vision__r0p10__random__medium,rate,audio+vision,0.1,random,medium,0.06479805952335117,51946,48580,0.0,1.0,0.1012495620693682,0.8987504379306318,0.1007905138339921,0.8992094861660079,0.6401098901098901,0.6011628168968931,0.5800693264323195,0.7732498875983165,0.6773359956215305,0.6733668341708543,0.40752351097178685,0.7225981055480379,728
robust,43,test,rate__audio+vision__r0p10__random__medium,rate,audio+vision,0.1,random,medium,0.06439847043827826,50995,47711,0.0,1.0,0.10050430139424503,0.899495698605755,0.1004358537047565,0.8995641462952435,0.6987620357634112,0.6389240083088652,0.6155045671155356,0.835528877869617,0.6952229556870129,0.6862745098039216,0.4401544401544401,0.7903430749682339,727
robust,43,valid,rate__audio+vision__r0p20__random__medium,rate,audio+vision,0.2,random,medium,0.1289223424325261,51946,45249,0.0,1.0,0.20086418311339485,0.7991358168866052,0.20114871541501977,0.7988512845849802,0.6401098901098901,0.6004068096353895,0.5804693622483903,0.773704195357691,0.6768592757344815,0.6750629722921914,0.40378548895899047,0.7223719676549865,728
robust,43,test,rate__audio+vision__r0p20__random__medium,rate,audio+vision,0.2,random,medium,0.12918913618982253,50995,44407,0.0,1.0,0.2016018985464254,0.7983981014535746,0.20150337944539196,0.798496620554608,0.6973865199449794,0.6378467065040931,0.615600086092703,0.8355984941564226,0.6951279920122839,0.6862745098039216,0.4384615384615385,0.7888040712468194,727
robust,43,valid,rate__audio+vision__r0p30__random__medium,rate,audio+vision,0.3,random,medium,0.19214183960266432,51946,41965,0.0,1.0,0.29966133364475067,0.7003386663552493,0.29946887351778656,0.7005311264822134,0.6428571428571429,0.6055501071519379,0.5806037951363149,0.7735749232050335,0.6768068640875788,0.6766917293233082,0.4161490683229814,0.7238095238095239,728
robust,43,test,rate__audio+vision__r0p30__random__medium,rate,audio+vision,0.3,random,medium,0.19164623982743406,50995,41222,0.0,1.0,0.2989617324236132,0.7010382675763869,0.29903354178510516,0.7009664582148948,0.6987620357634112,0.640175957148606,0.6154892511378867,0.8359868030315897,0.6947753746720964,0.6862745098039216,0.4444444444444445,0.7898089171974522,727
robust,43,valid,rate__audio+vision__r0p40__random__medium,rate,audio+vision,0.4,random,medium,0.256150617949409,51946,38640,0.0,1.0,0.3993927361905874,0.6006072638094125,0.39933300395256915,0.6006669960474308,0.6442307692307693,0.6054010652851513,0.579694121751095,0.7735342605140454,0.6766588421458517,0.6750629722921914,0.4150943396226415,0.7260458839406208,728
robust,43,test,rate__audio+vision__r0p40__random__medium,rate,audio+vision,0.4,random,medium,0.2562604176880086,50995,37927,0.0,1.0,0.3998813408484129,0.600118659151587,0.39972206430421325,0.6002779356957868,0.6960110041265475,0.6352826039399906,0.6153521931933897,0.8360766579606858,0.694608757140974,0.6862745098039216,0.4307692307692308,0.7888040712468194,727
robust,43,valid,rate__text+audio+vision__r0p10__random__medium,rate,text+audio+vision,0.1,random,medium,0.10093173680360375,51946,46703,0.10076229332188104,0.899237706678119,0.1012495620693682,0.8987504379306318,0.1007905138339921,0.8992094861660079,0.6222527472527473,0.5847492639069736,0.5990314620526528,0.8013677678112712,0.6450639007847436,0.6377551020408163,0.40240240240240244,0.7140902872777019,728
robust,43,test,rate__text+audio+vision__r0p10__random__medium,rate,text+audio+vision,0.1,random,medium,0.10053926855574076,50995,45868,0.10066087716423616,0.8993391228357638,0.10050430139424503,0.899495698605755,0.1004358537047565,0.8995641462952435,0.6822558459422283,0.6250604686318972,0.6398173738783418,0.861729876952264,0.6702666492099598,0.6799999999999999,0.4222222222222222,0.7729591836734694,727
robust,43,valid,rate__text+audio+vision__r0p20__random__medium,rate,text+audio+vision,0.2,random,medium,0.20082393254533554,51946,41514,0.20050461670603392,0.7994953832939661,0.20086418311339485,0.7991358168866052,0.20114871541501977,0.7988512845849802,0.6057692307692307,0.5680332459204213,0.6050006204213088,0.8041215974686693,0.6430351965746113,0.6481012658227848,0.364741641337386,0.691256830601093,728
robust,43,test,rate__text+audio+vision__r0p20__random__medium,rate,text+audio+vision,0.2,random,medium,0.20092165898617512,50995,40749,0.19979245179966137,0.8002075482003387,0.2016018985464254,0.7983981014535746,0.20150337944539196,0.798496620554608,0.6753782668500687,0.6097135110277877,0.6597663389244712,0.8838845414487293,0.6472048093308648,0.6715328467153284,0.3816793893129771,0.7759282970550576,727
robust,43,valid,rate__text+audio+vision__r0p30__random__medium,rate,text+audio+vision,0.3,random,medium,0.2992530704962846,51946,36401,0.29869014386944387,0.7013098561305562,0.29966133364475067,0.7003386663552493,0.29946887351778656,0.7005311264822134,0.6085164835164835,0.5767836860777279,0.6261442618158001,0.8515621923167859,0.5880024652421,0.6391752577319587,0.3976945244956772,0.6934812760055479,728
robust,43,test,rate__text+audio+vision__r0p30__random__medium,rate,text+audio+vision,0.3,random,medium,0.29918619472497304,50995,35738,0.2995248238571194,0.7004751761428806,0.2989617324236132,0.7010382675763869,0.29903354178510516,0.7009664582148948,0.6616231086657497,0.609152662963616,0.6820170881413692,0.9289068469027328,0.5999181002275634,0.6363636363636365,0.4290657439446367,0.7620286085825748,727
robust,43,valid,rate__text+audio+vision__r0p40__random__medium,rate,text+audio+vision,0.4,random,medium,0.39970353828976246,51946,31183,0.40031135924414857,0.5996886407558514,0.3993927361905874,0.6006072638094125,0.39933300395256915,0.6006669960474308,0.5865384615384616,0.5589306757018297,0.6354919086686325,0.8537726735403652,0.5778147376454313,0.6015831134564643,0.40668523676880225,0.6685236768802229,728
robust,43,test,rate__text+audio+vision__r0p40__random__medium,rate,text+audio+vision,0.4,random,medium,0.3999019511716835,50995,30602,0.4000764651264406,0.5999235348735594,0.3998813408484129,0.600118659151587,0.39972206430421325,0.6002779356957868,0.624484181568088,0.5770667620457488,0.7117162890542693,0.9687109185008966,0.5532370169437194,0.6433915211970075,0.3733333333333333,0.7144754316069057,727
robust,43,valid,position__text__r0p30__prefix__medium,position,text,0.3,prefix,medium,0.1071112308936203,51946,46382,0.29869014386944387,0.7013098561305562,0.0,1.0,0.0,1.0,0.6195054945054945,0.5750461420169931,0.613332386131163,0.8217666568537844,0.6178985276110522,0.6278481012658227,0.38338658146964855,0.713903743315508,728
robust,43,test,position__text__r0p30__prefix__medium,position,text,0.3,prefix,medium,0.10753995489753898,50995,45511,0.2995248238571194,0.7004751761428806,0.0,1.0,0.0,1.0,0.672627235213205,0.5959936190837719,0.649878304607992,0.8783134046507866,0.6517337167251068,0.6508313539192399,0.35684647302904565,0.7803030303030303,727
robust,43,valid,position__text__r0p30__middle__medium,position,text,0.3,middle,medium,0.1071112308936203,51946,46382,0.29869014386944387,0.7013098561305562,0.0,1.0,0.0,1.0,0.6236263736263736,0.5944216931383357,0.621213703045294,0.8333878856577147,0.6116048248780979,0.6318537859007833,0.44699140401146126,0.7044198895027625,728
robust,43,test,position__text__r0p30__middle__medium,position,text,0.3,middle,medium,0.10753995489753898,50995,45511,0.2995248238571194,0.7004751761428806,0.0,1.0,0.0,1.0,0.6519944979367263,0.598969477630846,0.6743098417555777,0.9101996290329872,0.6215843665864395,0.6374695863746959,0.40845070422535207,0.75098814229249,727
robust,43,valid,position__text__r0p30__suffix__medium,position,text,0.3,suffix,medium,0.1071112308936203,51946,46382,0.29869014386944387,0.7013098561305562,0.0,1.0,0.0,1.0,0.5851648351648352,0.5467343660920326,0.6352493399933267,0.8494411583292075,0.58160858600634,0.5730659025787965,0.38285714285714284,0.6842800528401586,728
robust,43,test,position__text__r0p30__suffix__medium,position,text,0.3,suffix,medium,0.10753995489753898,50995,45511,0.2995248238571194,0.7004751761428806,0.0,1.0,0.0,1.0,0.6368638239339752,0.5794953177134287,0.6956428598607423,0.9456277983417928,0.5821496542867263,0.6178861788617886,0.391304347826087,0.7292954264524103,727
robust,43,valid,position__text__r0p30__random__medium,position,text,0.3,random,medium,0.1071112308936203,51946,46382,0.29869014386944387,0.7013098561305562,0.0,1.0,0.0,1.0,0.6112637362637363,0.5819937597084464,0.6309478954197123,0.8632517775300694,0.5787802182574605,0.6448362720403022,0.41399416909620995,0.6871508379888269,728
robust,43,test,position__text__r0p30__random__medium,position,text,0.3,random,medium,0.10753995489753898,50995,45511,0.2995248238571194,0.7004751761428806,0.0,1.0,0.0,1.0,0.6313617606602476,0.5669078368646407,0.6907802219240012,0.926541594685381,0.6027884949296894,0.6188118811881188,0.3393501805054151,0.7425614489003882,727
robust,43,valid,duration__text__r0p30__random__short,duration,text,0.3,random,short,0.1071112308936203,51946,46382,0.29869014386944387,0.7013098561305562,0.0,1.0,0.0,1.0,0.5837912087912088,0.5428569696417275,0.6172156706094168,0.8489864811846531,0.5851180113988314,0.5916230366492147,0.3522388059701492,0.6847090663058186,728
robust,43,test,duration__text__r0p30__random__short,duration,text,0.3,random,short,0.10753995489753898,50995,45511,0.2995248238571194,0.7004751761428806,0.0,1.0,0.0,1.0,0.6451169188445667,0.5907427166484408,0.6887060104365854,0.9365806440762627,0.5898217623558154,0.6,0.4250871080139373,0.7471410419313851,727
robust,43,valid,duration__text__r0p30__random__medium,duration,text,0.3,random,medium,0.1071112308936203,51946,46382,0.29869014386944387,0.7013098561305562,0.0,1.0,0.0,1.0,0.6167582417582418,0.5843697752774615,0.6264547466551169,0.843686288768232,0.5968836540373669,0.6547314578005116,0.4023668639053254,0.6960110041265475,728
robust,43,test,duration__text__r0p30__random__medium,duration,text,0.3,random,medium,0.10753995489753898,50995,45511,0.2995248238571194,0.7004751761428806,0.0,1.0,0.0,1.0,0.6478679504814305,0.5889314664928638,0.6928934667367063,0.9448484902298904,0.5849928544941604,0.6363636363636365,0.38267148014440433,0.7477592829705506,727
robust,43,valid,duration__text__r0p30__random__long,duration,text,0.3,random,long,0.1071112308936203,51946,46382,0.29869014386944387,0.7013098561305562,0.0,1.0,0.0,1.0,0.603021978021978,0.5743057247722994,0.6211142990185501,0.843111829068725,0.6008653547770089,0.6318537859007833,0.4067796610169492,0.6842837273991654,728
robust,43,test,duration__text__r0p30__random__long,duration,text,0.3,random,long,0.10753995489753898,50995,45511,0.2995248238571194,0.7004751761428806,0.0,1.0,0.0,1.0,0.672627235213205,0.6293547353581955,0.6645989492048793,0.906674847738879,0.6258171834822535,0.655,0.47750865051903113,0.7555555555555555,727
robust,43,valid,position__audio__r0p30__prefix__medium,position,audio,0.3,prefix,medium,0.09879490239864475,51946,46814,0.0,1.0,0.29966133364475067,0.7003386663552493,0.0,1.0,0.6387362637362637,0.5996997327319712,0.5795993670324826,0.7732412714313661,0.6772150659398916,0.6766917293233082,0.4025157232704402,0.7198917456021651,728
robust,43,test,position__audio__r0p30__prefix__medium,position,audio,0.3,prefix,medium,0.09881360917737034,50995,45956,0.0,1.0,0.2989617324236132,0.7010382675763869,0.0,1.0,0.7015130674002751,0.6438981803414129,0.6143833712419748,0.8347960089803915,0.6955974600645508,0.6894865525672371,0.45038167938931295,0.7918263090676884,727
robust,43,valid,position__audio__r0p30__middle__medium,position,audio,0.3,middle,medium,0.09879490239864475,51946,46814,0.0,1.0,0.29966133364475067,0.7003386663552493,0.0,1.0,0.6401098901098901,0.6023817114117688,0.5805111626997221,0.7739725628695635,0.676657110142568,0.6750629722921914,0.411214953271028,0.7208672086720868,728
robust,43,test,position__audio__r0p30__middle__medium,position,audio,0.3,middle,medium,0.09881360917737034,50995,45956,0.0,1.0,0.2989617324236132,0.7010382675763869,0.0,1.0,0.6960110041265475,0.6351649602158047,0.6159731817253682,0.8361899306283744,0.6946033503999013,0.683046683046683,0.434108527131783,0.7883396704689479,727
robust,43,valid,position__audio__r0p30__suffix__medium,position,audio,0.3,suffix,medium,0.09879490239864475,51946,46814,0.0,1.0,0.29966133364475067,0.7003386663552493,0.0,1.0,0.6387362637362637,0.599408822947328,0.579556110775569,0.772629033163173,0.6776446729703857,0.6750629722921914,0.4025157232704402,0.7206477732793524,728
robust,43,test,position__audio__r0p30__suffix__medium,position,audio,0.3,suffix,medium,0.09881360917737034,50995,45956,0.0,1.0,0.2989617324236132,0.7010382675763869,0.0,1.0,0.6973865199449794,0.6390959691764747,0.6157299698249756,0.8357046835888509,0.6948539099929764,0.6862745098039216,0.4427480916030535,0.788265306122449,727
robust,43,valid,position__audio__r0p30__random__medium,position,audio,0.3,random,medium,0.09879490239864475,51946,46814,0.0,1.0,0.29966133364475067,0.7003386663552493,0.0,1.0,0.6401098901098901,0.6023817114117688,0.5794549426115067,0.7731115439720904,0.6773906785483069,0.6750629722921914,0.411214953271028,0.7208672086720868,728
robust,43,test,position__audio__r0p30__random__medium,position,audio,0.3,random,medium,0.09881360917737034,50995,45956,0.0,1.0,0.2989617324236132,0.7010382675763869,0.0,1.0,0.7001375515818432,0.6412589854888912,0.6156577240045412,0.835732352531245,0.6949621352736115,0.6862745098039216,0.4461538461538462,0.7913486005089058,727
robust,43,valid,duration__audio__r0p30__random__short,duration,audio,0.3,random,short,0.09879490239864475,51946,46814,0.0,1.0,0.29966133364475067,0.7003386663552493,0.0,1.0,0.6387362637362637,0.599408822947328,0.5802093986345066,0.7732310229805028,0.6773132877192723,0.6750629722921914,0.4025157232704402,0.7206477732793524,728
robust,43,test,duration__audio__r0p30__random__short,duration,audio,0.3,random,short,0.09881360917737034,50995,45956,0.0,1.0,0.2989617324236132,0.7010382675763869,0.0,1.0,0.6973865199449794,0.6378467065040931,0.6153600299128804,0.8356972938856353,0.695006589681877,0.6862745098039216,0.4384615384615385,0.7888040712468194,727
robust,43,valid,duration__audio__r0p30__random__medium,duration,audio,0.3,random,medium,0.09879490239864475,51946,46814,0.0,1.0,0.29966133364475067,0.7003386663552493,0.0,1.0,0.6401098901098901,0.6023817114117688,0.5801806509760874,0.7734771069733714,0.6770446580093973,0.6750629722921914,0.411214953271028,0.7208672086720868,728
robust,43,test,duration__audio__r0p30__random__medium,duration,audio,0.3,random,medium,0.09881360917737034,50995,45956,0.0,1.0,0.2989617324236132,0.7010382675763869,0.0,1.0,0.7015130674002751,0.6436648762561522,0.6159097136932193,0.8358970492867578,0.6947249627665283,0.6894865525672371,0.44866920152091255,0.7928388746803068,727
robust,43,valid,duration__audio__r0p30__random__long,duration,audio,0.3,random,long,0.09879490239864475,51946,46814,0.0,1.0,0.29966133364475067,0.7003386663552493,0.0,1.0,0.6414835164835165,0.6032526810557227,0.5793055051088252,0.7727231958600974,0.6776493209515221,0.6733668341708543,0.41379310344827586,0.7225981055480379,728
robust,43,test,duration__audio__r0p30__random__long,duration,audio,0.3,random,long,0.09881360917737034,50995,45956,0.0,1.0,0.2989617324236132,0.7010382675763869,0.0,1.0,0.6987620357634112,0.640175957148606,0.6146531700114355,0.8347785031069009,0.6957244197851714,0.6862745098039216,0.4444444444444445,0.7898089171974522,727
robust,43,valid,position__vision__r0p30__prefix__medium,position,vision,0.3,prefix,medium,0.09334693720401956,51946,47097,0.0,1.0,0.0,1.0,0.29946887351778656,0.7005311264822134,0.6428571428571429,0.6034083316536366,0.579980742580329,0.7734412771990385,0.6771008882279569,0.6750629722921914,0.4100946372239748,0.7250673854447438,728
robust,43,test,position__vision__r0p30__prefix__medium,position,vision,0.3,prefix,medium,0.09283263065006374,50995,46261,0.0,1.0,0.0,1.0,0.29903354178510516,0.7009664582148948,0.6987620357634112,0.640175957148606,0.6147369940930457,0.8349032759883971,0.6956351994865567,0.6862745098039216,0.4444444444444445,0.7898089171974522,727
robust,43,valid,position__vision__r0p30__middle__medium,position,vision,0.3,middle,medium,0.09334693720401956,51946,47097,0.0,1.0,0.0,1.0,0.29946887351778656,0.7005311264822134,0.6401098901098901,0.6014027016285333,0.5803574130814113,0.7734639890270393,0.6770801181560165,0.6750629722921914,0.40752351097178685,0.7216216216216216,728
robust,43,test,position__vision__r0p30__middle__medium,position,vision,0.3,middle,medium,0.09283263065006374,50995,46261,0.0,1.0,0.0,1.0,0.29903354178510516,0.7009664582148948,0.7015130674002751,0.6423451095698648,0.6160242795032107,0.8366465151466197,0.694421045769582,0.6862745098039216,0.4478764478764478,0.7928843710292248,727
robust,43,valid,position__vision__r0p30__suffix__medium,position,vision,0.3,suffix,medium,0.09334693720401956,51946,47097,0.0,1.0,0.0,1.0,0.29946887351778656,0.7005311264822134,0.6387362637362637,0.6000233058796204,0.5807386560590713,0.7737014849285032,0.6768130258378634,0.6716791979949875,0.40752351097178685,0.7208672086720868,728
robust,43,test,position__vision__r0p30__suffix__medium,position,vision,0.3,suffix,medium,0.09283263065006374,50995,46261,0.0,1.0,0.0,1.0,0.29903354178510516,0.7009664582148948,0.6960110041265475,0.636547830778322,0.6161517999615351,0.8360968046296107,0.6947474052654959,0.6845965770171148,0.43678160919540227,0.788265306122449,727
robust,43,valid,position__vision__r0p30__random__medium,position,vision,0.3,random,medium,0.09334693720401956,51946,47097,0.0,1.0,0.0,1.0,0.29946887351778656,0.7005311264822134,0.6428571428571429,0.6043934666882639,0.5796805969234761,0.7733773772142862,0.6771553277312898,0.6750629722921914,0.41379310344827586,0.7243243243243244,728
robust,43,test,position__vision__r0p30__random__medium,position,vision,0.3,random,medium,0.09283263065006374,50995,46261,0.0,1.0,0.0,1.0,0.29903354178510516,0.7009664582148948,0.7015130674002751,0.642332968381253,0.6152291254587523,0.8358241641066642,0.6950076297204205,0.6879606879606879,0.4461538461538462,0.7928843710292248,727
robust,43,valid,duration__vision__r0p30__random__short,duration,vision,0.3,random,short,0.09334693720401956,51946,47097,0.0,1.0,0.0,1.0,0.29946887351778656,0.7005311264822134,0.6401098901098901,0.6012644957463389,0.5806431628349186,0.7735952458774693,0.6769509879846719,0.6733668341708543,0.40880503144654085,0.7216216216216216,728
robust,43,test,duration__vision__r0p30__random__short,duration,vision,0.3,random,short,0.09283263065006374,50995,46261,0.0,1.0,0.0,1.0,0.29903354178510516,0.7009664582148948,0.6960110041265475,0.6355029070478656,0.6154932533115395,0.8361635646374405,0.6947795038450513,0.6862745098039216,0.43243243243243246,0.7878017789072427,727
robust,43,valid,duration__vision__r0p30__random__medium,duration,vision,0.3,random,medium,0.09334693720401956,51946,47097,0.0,1.0,0.0,1.0,0.29946887351778656,0.7005311264822134,0.6401098901098901,0.6012644957463389,0.5803565473786996,0.7736052248751613,0.6769631565253534,0.6733668341708543,0.40880503144654085,0.7216216216216216,728
robust,43,test,duration__vision__r0p30__random__medium,duration,vision,0.3,random,medium,0.09283263065006374,50995,46261,0.0,1.0,0.0,1.0,0.29903354178510516,0.7009664582148948,0.7001375515818432,0.6412589854888912,0.615392395616746,0.8357730566129965,0.6950649598312675,0.6862745098039216,0.4461538461538462,0.7913486005089058,727
robust,43,valid,duration__vision__r0p30__random__long,duration,vision,0.3,random,long,0.09334693720401956,51946,47097,0.0,1.0,0.0,1.0,0.29946887351778656,0.7005311264822134,0.6387362637362637,0.5991680596876386,0.5806738525746739,0.7738225490123687,0.6767206723384502,0.6733668341708543,0.4025157232704402,0.7216216216216216,728
robust,43,test,duration__vision__r0p30__random__long,duration,vision,0.3,random,long,0.09283263065006374,50995,46261,0.0,1.0,0.0,1.0,0.29903354178510516,0.7009664582148948,0.6987620357634112,0.640175957148606,0.6153755617652094,0.8361916499184686,0.6947190412860846,0.6862745098039216,0.4444444444444445,0.7898089171974522,727
robust,43,valid,ablation__complete__r0p00__none__none,ablation,,0.0,none,none,0.0,51946,51946,0.0,1.0,0.0,1.0,0.0,1.0,0.6387362637362637,0.5991680596876386,0.580186848718018,0.7734624582988996,0.6771881606403676,0.6733668341708543,0.4025157232704402,0.7216216216216216,728
robust,43,test,ablation__complete__r0p00__none__none,ablation,,0.0,none,none,0.0,50995,50995,0.0,1.0,0.0,1.0,0.0,1.0,0.7001375515818432,0.6412589854888912,0.6153655065712935,0.8355423842775747,0.6952041818402349,0.6862745098039216,0.4461538461538462,0.7913486005089058,727
robust,43,valid,ablation__text__r1p00__random__long,ablation,text,1.0,random,long,0.3586031648250106,51946,33318,1.0,0.0,0.0,1.0,0.0,1.0,0.42445054945054944,0.41272476098404476,0.7708475025125093,1.0269039612667925,0.2490019966128955,0.3485254691689008,0.3828920570264766,0.5067567567567568,728
robust,43,test,ablation__text__r1p00__random__long,ablation,text,1.0,random,long,0.35903519952936563,50995,32686,1.0,0.0,0.0,1.0,0.0,1.0,0.4442916093535076,0.4080451525504228,0.8751431851631141,1.1332010355064295,0.23554373754911706,0.30057803468208094,0.3578431372549019,0.5657142857142857,727
robust,43,valid,ablation__audio__r1p00__random__long,ablation,audio,1.0,random,long,0.3296885226966465,51946,34820,0.0,1.0,1.0,0.0,0.0,1.0,0.6414835164835165,0.6042499134544214,0.5814137138876614,0.7760090073528689,0.6757868286490438,0.6750629722921914,0.41486068111455104,0.7228260869565217,728
robust,43,test,ablation__audio__r1p00__random__long,ablation,audio,1.0,random,long,0.33052260025492697,50995,34140,0.0,1.0,1.0,0.0,0.0,1.0,0.6960110041265475,0.6373530806247943,0.61744486798303,0.8398633795059423,0.691805684431756,0.6848635235732009,0.43939393939393934,0.7878017789072427,727
robust,43,valid,ablation__vision__r1p00__random__long,ablation,vision,1.0,random,long,0.3117083124783429,51946,35754,0.0,1.0,0.0,1.0,1.0,0.0,0.6387362637362637,0.5976760451857155,0.5889296997875835,0.7838495475246825,0.6700957877216877,0.6750629722921914,0.3987138263665595,0.7192513368983958,728
robust,43,test,ablation__vision__r1p00__random__long,ablation,vision,1.0,random,long,0.3104422002157074,50995,35164,0.0,1.0,0.0,1.0,1.0,0.0,0.687757909215956,0.6262704614229015,0.6240229961837667,0.8441289084968936,0.6896646712829659,0.6864197530864198,0.4122137404580153,0.7801778907242695,727
robust,43,valid,ablation__text+audio__r1p00__random__long,ablation,text+audio,1.0,random,long,0.6882916875216571,51946,16192,1.0,0.0,1.0,0.0,0.0,1.0,0.3708791208791209,0.31921530361837297,0.7704255880972186,1.0293787833039578,0.2532726405102947,0.1087866108786611,0.406480117820324,0.44237918215613387,728
robust,43,test,ablation__text+audio__r1p00__random__long,ablation,text+audio,1.0,random,long,0.6895577997842925,50995,15831,1.0,0.0,1.0,0.0,0.0,1.0,0.3988995873452545,0.34010456805055517,0.8755996938349047,1.1385912161207776,0.22038613317985428,0.12552301255230125,0.3661971830985915,0.5285935085007727,727
robust,43,valid,ablation__text+vision__r1p00__random__long,ablation,text+vision,1.0,random,long,0.6703114773033535,51946,17126,1.0,0.0,0.0,1.0,1.0,0.0,0.3489010989010989,0.27747608280567576,0.7771619642844199,1.045984244775896,0.09034442587831457,0.0179372197309417,0.3539232053422371,0.4605678233438486,728
robust,43,test,ablation__text+vision__r1p00__random__long,ablation,text+vision,1.0,random,long,0.669477399745073,50995,16855,1.0,0.0,0.0,1.0,1.0,0.0,0.3796423658872077,0.31215122113325705,0.8820404157226974,1.1482141153458023,0.16173494179173956,0.07792207792207792,0.3495495495495496,0.5089820359281437,727
robust,43,valid,ablation__audio+vision__r1p00__random__long,ablation,audio+vision,1.0,random,long,0.6413968351749895,51946,18628,0.0,1.0,1.0,0.0,1.0,0.0,0.6414835164835165,0.6043856557696605,0.5913408513047865,0.7874127096676863,0.6682052458583697,0.6734177215189874,0.4200626959247649,0.7196765498652292,728
robust,43,test,ablation__audio+vision__r1p00__random__long,ablation,audio+vision,1.0,random,long,0.6409648004706344,50995,18309,0.0,1.0,1.0,0.0,1.0,0.0,0.6905089408528198,0.6330021014520274,0.6267407015913987,0.8497330850791163,0.6856114176216448,0.6849999999999999,0.43283582089552236,0.7811704834605597,727
robust,43,valid,ablation__text+audio+vision__r1p00__random__long,ablation,text+audio+vision,1.0,random,long,1.0,51946,0,1.0,0.0,1.0,0.0,1.0,0.0,0.25274725274725274,0.13450292397660818,0.772677964459245,1.0486169674818913,-0.017424248703898165,0.0,0.40350877192982454,0.0,728
robust,43,test,ablation__text+audio+vision__r1p00__random__long,ablation,text+audio+vision,1.0,random,long,1.0,50995,0,1.0,0.0,1.0,0.0,1.0,0.0,0.2173314993122421,0.11902071563088512,0.8851275558044117,1.1607876904122152,0.040431215885067866,0.0,0.35706214689265536,0.0,727
robust,44,valid,baseline__complete__r0p00__none__none,baseline,,0.0,none,none,0.0,51946,51946,0.0,1.0,0.0,1.0,0.0,1.0,0.6456043956043956,0.6253668089249834,0.5596794586956173,0.7568939872141074,0.6910387124441693,0.6804123711340206,0.47028423772609823,0.7254038179148311,728
robust,44,test,baseline__complete__r0p00__none__none,baseline,,0.0,none,none,0.0,50995,50995,0.0,1.0,0.0,1.0,0.0,1.0,0.6987620357634112,0.6656415366050316,0.6012055638029741,0.8305041203904334,0.6989401375313576,0.7192118226600985,0.5046728971962617,0.7730398899587344,727
robust,44,valid,rate__text__r0p10__random__medium,rate,text,0.1,random,medium,0.03613367728025257,51946,50069,0.10076229332188104,0.899237706678119,0.0,1.0,0.0,1.0,0.6263736263736264,0.6091692284823004,0.5717474083482686,0.771484211662632,0.6753201156037897,0.6770833333333335,0.44611528822055135,0.7043090638930164,728
robust,44,test,rate__text__r0p10__random__medium,rate,text,0.1,random,medium,0.03614079811746249,50995,49152,0.10066087716423616,0.8993391228357638,0.0,1.0,0.0,1.0,0.6698762035763411,0.630786960433897,0.6399170114073334,0.8812491938544145,0.6520454789256935,0.6765432098765433,0.4548286604361371,0.760989010989011,727
robust,44,valid,rate__text__r0p20__random__medium,rate,text,0.2,random,medium,0.07190159011280946,51946,48211,0.20050461670603392,0.7994953832939661,0.0,1.0,0.0,1.0,0.6195054945054945,0.604402587355041,0.6131798449704158,0.8411320432849669,0.6004600462983191,0.6368421052631579,0.4805825242718446,0.6957831325301206,728
robust,44,test,rate__text__r0p20__random__medium,rate,text,0.2,random,medium,0.07173252279635259,50995,47337,0.19979245179966137,0.8002075482003387,0.0,1.0,0.0,1.0,0.6437414030261348,0.6104663257889064,0.6622250656785631,0.9044285428032125,0.6276579019796494,0.640198511166253,0.45833333333333337,0.7328671328671328,727
robust,44,valid,rate__text__r0p30__random__medium,rate,text,0.3,random,medium,0.1071112308936203,51946,46382,0.29869014386944387,0.7013098561305562,0.0,1.0,0.0,1.0,0.6016483516483516,0.5875278767971036,0.630149287291915,0.850397214212091,0.5878630563160125,0.6285714285714286,0.46534653465346537,0.6686656671664168,728
robust,44,test,rate__text__r0p30__random__medium,rate,text,0.3,random,medium,0.10753995489753898,50995,45511,0.2995248238571194,0.7004751761428806,0.0,1.0,0.0,1.0,0.6299862448418156,0.5980717475372205,0.6812564263291954,0.937355910507921,0.5926914927065846,0.6106870229007634,0.46607669616519176,0.7174515235457063,727
robust,44,valid,rate__text__r0p40__random__medium,rate,text,0.4,random,medium,0.14355292034035344,51946,44489,0.40031135924414857,0.5996886407558514,0.0,1.0,0.0,1.0,0.5576923076923077,0.5436158205554357,0.6398438490609956,0.8691951591406725,0.5625364059615899,0.5608465608465608,0.4329411764705882,0.6370597243491578,728
robust,44,test,rate__text__r0p40__random__medium,rate,text,0.4,random,medium,0.14364153348367487,50995,43670,0.4000764651264406,0.5999235348735594,0.0,1.0,0.0,1.0,0.5983493810178817,0.5674505496540408,0.7057893244726416,0.9664469443979261,0.555405919186222,0.6074074074074075,0.4034090909090909,0.6915351506456241,727
robust,44,valid,rate__audio__r0p10__random__medium,rate,audio,0.1,random,medium,0.03338081854233242,51946,50212,0.0,1.0,0.1012495620693682,0.8987504379306318,0.0,1.0,0.6456043956043956,0.6255983187716121,0.559668556669379,0.7567797837620615,0.6911275677410724,0.6821705426356589,0.47028423772609823,0.7243401759530792,728
robust,44,test,rate__audio__r0p10__random__medium,rate,audio,0.1,random,medium,0.033218943033630745,50995,49301,0.0,1.0,0.10050430139424503,0.899495698605755,0.0,1.0,0.6987620357634112,0.6656415366050316,0.6012237894321898,0.8305263871406726,0.6989079505556841,0.7192118226600985,0.5046728971962617,0.7730398899587344,727
robust,44,valid,rate__audio__r0p20__random__medium,rate,audio,0.2,random,medium,0.06622261579332384,51946,48506,0.0,1.0,0.20086418311339485,0.7991358168866052,0.0,1.0,0.6456043956043956,0.625502484926136,0.5596292190315141,0.7567548272598866,0.6911369259294858,0.6821705426356589,0.467866323907455,0.7264705882352942,728
robust,44,test,rate__audio__r0p20__random__medium,rate,audio,0.2,random,medium,0.0666339837238945,50995,47597,0.0,1.0,0.2016018985464254,0.7983981014535746,0.0,1.0,0.6973865199449794,0.6645557583270546,0.6014692809899047,0.8307558335705924,0.6986742671926675,0.7192118226600985,0.5031055900621119,0.7713498622589532,727
robust,44,valid,rate__audio__r0p30__random__medium,rate,audio,0.3,random,medium,0.09879490239864475,51946,46814,0.0,1.0,0.29966133364475067,0.7003386663552493,0.0,1.0,0.6510989010989011,0.6315692778411551,0.5589183869075726,0.7564929713758429,0.6913483682654715,0.6821705426356589,0.4820512820512821,0.7304860088365244,728
robust,44,test,rate__audio__r0p30__random__medium,rate,audio,0.3,random,medium,0.09881360917737034,50995,45956,0.0,1.0,0.2989617324236132,0.7010382675763869,0.0,1.0,0.6960110041265475,0.6629824108637006,0.6008370427063767,0.8300515287091801,0.699223298687869,0.7160493827160495,0.5015479876160991,0.7713498622589532,727
robust,44,valid,rate__audio__r0p40__random__medium,rate,audio,0.4,random,medium,0.13167520117044623,51946,45106,0.0,1.0,0.3993927361905874,0.6006072638094125,0.0,1.0,0.6456043956043956,0.6264532978036997,0.5602164265244257,0.7573990905513353,0.6904364368897572,0.6753246753246753,0.47837150127226463,0.7256637168141592,728
robust,44,test,rate__audio__r0p40__random__medium,rate,audio,0.4,random,medium,0.1321698205706442,50995,44255,0.0,1.0,0.3998813408484129,0.600118659151587,0.0,1.0,0.6987620357634112,0.6651491848791954,0.6012360192399774,0.8302163975015147,0.6990760117067769,0.7160493827160495,0.5046728971962617,0.7747252747252749,727
robust,44,valid,rate__vision__r0p10__random__medium,rate,vision,0.1,random,medium,0.03141724098101875,51946,50314,0.0,1.0,0.0,1.0,0.1007905138339921,0.8992094861660079,0.6483516483516484,0.6282460074122032,0.5595165038286902,0.7567855416514407,0.6911356299814033,0.6821705426356589,0.4742268041237114,0.7283406754772394,728
robust,44,test,rate__vision__r0p10__random__medium,rate,vision,0.1,random,medium,0.031179527404647515,50995,49405,0.0,1.0,0.0,1.0,0.1004358537047565,0.8995641462952435,0.7001375515818432,0.666729032461791,0.6010821765516737,0.8306016192730936,0.6988805291807696,0.7192118226600985,0.50625,0.7747252747252749,727
robust,44,valid,rate__vision__r0p20__random__medium,rate,vision,0.2,random,medium,0.06269972663920224,51946,48689,0.0,1.0,0.0,1.0,0.20114871541501977,0.7988512845849802,0.6510989010989011,0.6311748485751804,0.5596943103048213,0.7568844093281185,0.6910242484549984,0.6839378238341969,0.47938144329896903,0.7302052785923753,728
robust,44,test,rate__vision__r0p20__random__medium,rate,vision,0.2,random,medium,0.06255515246592804,50995,47805,0.0,1.0,0.0,1.0,0.20150337944539196,0.798496620554608,0.7001375515818432,0.666729032461791,0.601501791957033,0.8308870562778845,0.6986477881523258,0.7192118226600985,0.50625,0.7747252747252749,727
robust,44,valid,rate__vision__r0p30__random__medium,rate,vision,0.3,random,medium,0.09334693720401956,51946,47097,0.0,1.0,0.0,1.0,0.29946887351778656,0.7005311264822134,0.6497252747252747,0.630142533189502,0.5598643726392926,0.7570511234834161,0.6908758545935479,0.6839378238341969,0.4781491002570694,0.7283406754772394,728
robust,44,test,rate__vision__r0p30__random__medium,rate,vision,0.3,random,medium,0.09283263065006374,50995,46261,0.0,1.0,0.0,1.0,0.29903354178510516,0.7009664582148948,0.7001375515818432,0.666729032461791,0.6013934964280796,0.8308605491701021,0.6986436668531031,0.7192118226600985,0.50625,0.7747252747252749,727
robust,44,valid,rate__vision__r0p40__random__medium,rate,vision,0.4,random,medium,0.12447541677896277,51946,45480,0.0,1.0,0.0,1.0,0.39933300395256915,0.6006669960474308,0.6483516483516484,0.628544856677849,0.5596775220896394,0.7571741321806514,0.6907329100069108,0.6805194805194805,0.4757033248081841,0.7294117647058822,728
robust,44,test,rate__vision__r0p40__random__medium,rate,vision,0.4,random,medium,0.12409059711736445,50995,44667,0.0,1.0,0.0,1.0,0.39972206430421325,0.6002779356957868,0.6973865199449794,0.663900684509247,0.6021874102813792,0.8312118011759205,0.6983784846191412,0.7160493827160495,0.5015479876160991,0.7741046831955923,727
robust,44,valid,rate__text+audio__r0p10__random__medium,rate,text+audio,0.1,random,medium,0.069514495822585,51946,48335,0.10076229332188104,0.899237706678119,0.1012495620693682,0.8987504379306318,0.0,1.0,0.6318681318681318,0.6142211243772531,0.5725380975681429,0.7688765078377984,0.6772333987261494,0.6472148541114058,0.4768856447688565,0.718562874251497,728
robust,44,test,rate__text+audio__r0p10__random__medium,rate,text+audio,0.1,random,medium,0.06935974115109324,50995,47458,0.10066087716423616,0.8993391228357638,0.10050430139424503,0.899495698605755,0.0,1.0,0.6822558459422283,0.6486459438144191,0.6245673042011064,0.8588608455167419,0.6718872662804648,0.7058823529411765,0.48,0.7600554785020804,727
robust,44,valid,rate__text+audio__r0p20__random__medium,rate,text+audio,0.2,random,medium,0.13812420590613328,51946,44771,0.20050461670603392,0.7994953832939661,0.20086418311339485,0.7991358168866052,0.0,1.0,0.6304945054945055,0.6122504868165165,0.5844200405159167,0.797946794644893,0.6468778450183799,0.6494845360824741,0.48329048843187666,0.7039764359351989,728
robust,44,test,rate__text+audio__r0p20__random__medium,rate,text+audio,0.2,random,medium,0.1383665065202471,50995,43939,0.19979245179966137,0.8002075482003387,0.2016018985464254,0.7983981014535746,0.0,1.0,0.6506189821182944,0.6148773210654399,0.6469525943473083,0.8861289227172724,0.6445889698324999,0.6782178217821783,0.4303030303030303,0.7361111111111112,727
robust,44,valid,rate__text+audio__r0p30__random__medium,rate,text+audio,0.3,random,medium,0.20590613329226504,51946,41250,0.29869014386944387,0.7013098561305562,0.29966133364475067,0.7003386663552493,0.0,1.0,0.5810439560439561,0.5668500140735545,0.6197091730511082,0.8405430843846238,0.5972486356212391,0.592,0.4439252336448598,0.6646248085758039,728
robust,44,test,rate__text+audio__r0p30__random__medium,rate,text+audio,0.3,random,medium,0.20635356407490932,50995,40472,0.2995248238571194,0.7004751761428806,0.2989617324236132,0.7010382675763869,0.0,1.0,0.640990371389271,0.6130152333542164,0.6745228482207906,0.9204045602106877,0.6093596404991569,0.6597402597402597,0.45762711864406774,0.7216783216783217,727
robust,44,valid,rate__text+audio__r0p40__random__medium,rate,text+audio,0.4,random,medium,0.2752281215107997,51946,37649,0.40031135924414857,0.5996886407558514,0.3993927361905874,0.6006072638094125,0.0,1.0,0.5521978021978022,0.536123451017068,0.636319264861663,0.8683426992185599,0.560012153399902,0.5384615384615384,0.4285714285714286,0.6413373860182371,728
robust,44,test,rate__text+audio__r0p40__random__medium,rate,text+audio,0.4,random,medium,0.27581135405431906,50995,36930,0.4000764651264406,0.5999235348735594,0.3998813408484129,0.600118659151587,0.0,1.0,0.5873452544704264,0.5556099066425472,0.7237542122192527,0.9887789122938119,0.5277508744267545,0.5751295336787566,0.4033149171270718,0.6883852691218131,727
robust,44,valid,rate__text+vision__r0p10__random__medium,rate,text+vision,0.1,random,medium,0.06755091826127133,51946,48437,0.10076229332188104,0.899237706678119,0.0,1.0,0.1007905138339921,0.8992094861660079,0.6304945054945055,0.613153015636359,0.588469215704558,0.8157841194716744,0.6304948594023341,0.6561679790026246,0.47619047619047616,0.7071005917159763,728
robust,44,test,rate__text+vision__r0p10__random__medium,rate,text+vision,0.1,random,medium,0.06732032552211001,50995,47562,0.10066087716423616,0.8993391228357638,0.0,1.0,0.1004358537047565,0.8995641462952435,0.6657496561210454,0.6302933459027581,0.6226436666698494,0.8600008927225227,0.6716887027355503,0.6870229007633588,0.4531722054380664,0.7506849315068492,727
robust,44,valid,rate__text+vision__r0p20__random__medium,rate,text+vision,0.2,random,medium,0.1346013167520117,51946,44954,0.20050461670603392,0.7994953832939661,0.0,1.0,0.20114871541501977,0.7988512845849802,0.6222527472527473,0.6066795884096516,0.5774479699730464,0.7819776849637724,0.6626355330903715,0.654639175257732,0.4759493670886077,0.6894502228826151,728
robust,44,test,rate__text+vision__r0p20__random__medium,rate,text+vision,0.2,random,medium,0.1342876752622806,50995,44147,0.19979245179966137,0.8002075482003387,0.0,1.0,0.20150337944539196,0.798496620554608,0.6616231086657497,0.630072225068931,0.6636473287481103,0.9080360959162898,0.6235202918055175,0.6566416040100251,0.4880952380952381,0.7454798331015298,727
robust,44,valid,rate__text+vision__r0p30__random__medium,rate,text+vision,0.3,random,medium,0.20045816809763986,51946,41533,0.29869014386944387,0.7013098561305562,0.0,1.0,0.29946887351778656,0.7005311264822134,0.592032967032967,0.5761367543628354,0.6163683891536893,0.8311690771570026,0.6092842361416133,0.6178010471204188,0.4368932038834951,0.6737160120845922,728
robust,44,test,rate__text+vision__r0p30__random__medium,rate,text+vision,0.3,random,medium,0.2003725855476027,50995,40777,0.2995248238571194,0.7004751761428806,0.0,1.0,0.29903354178510516,0.7009664582148948,0.6588720770288858,0.6271533747519117,0.6691326150668085,0.9179029482539591,0.6118049979240375,0.6615776081424937,0.4764705882352941,0.7434119278779474,727
robust,44,valid,rate__text+vision__r0p40__random__medium,rate,text+vision,0.4,random,medium,0.26802833711931623,51946,38023,0.40031135924414857,0.5996886407558514,0.0,1.0,0.39933300395256915,0.6006669960474308,0.5906593406593407,0.5773195905524763,0.6318240478726943,0.861937740357402,0.5722349805940158,0.5974025974025974,0.4647887323943662,0.6697674418604651,728
robust,44,test,rate__text+vision__r0p40__random__medium,rate,text+vision,0.4,random,medium,0.26773213060103934,50995,37342,0.4000764651264406,0.5999235348735594,0.0,1.0,0.39972206430421325,0.6002779356957868,0.6176066024759285,0.5885031555590955,0.6983017919090624,0.9427461443021345,0.5821983078892667,0.6157760814249365,0.44134078212290506,0.7083926031294452,727
robust,44,valid,rate__audio+vision__r0p10__random__medium,rate,audio+vision,0.1,random,medium,0.06479805952335117,51946,48580,0.0,1.0,0.1012495620693682,0.8987504379306318,0.1007905138339921,0.8992094861660079,0.6497252747252747,0.6299642204706224,0.5597656654209349,0.7571195736870919,0.6908224627414064,0.6821705426356589,0.47938144329896903,0.7283406754772394,728
robust,44,test,rate__audio+vision__r0p10__random__medium,rate,audio+vision,0.1,random,medium,0.06439847043827826,50995,47711,0.0,1.0,0.10050430139424503,0.899495698605755,0.1004358537047565,0.8995641462952435,0.7001375515818432,0.666729032461791,0.6013487059177198,0.8307249694245988,0.6987409893757408,0.7192118226600985,0.50625,0.7747252747252749,727
robust,44,valid,rate__audio+vision__r0p20__random__medium,rate,audio+vision,0.2,random,medium,0.1289223424325261,51946,45249,0.0,1.0,0.20086418311339485,0.7991358168866052,0.20114871541501977,0.7988512845849802,0.6497252747252747,0.6307655796309416,0.5599696327967999,0.7571802130397322,0.6907076522444767,0.6839378238341969,0.4808184143222507,0.7275405007363771,728
robust,44,test,rate__audio+vision__r0p20__random__medium,rate,audio+vision,0.2,random,medium,0.12918913618982253,50995,44407,0.0,1.0,0.2016018985464254,0.7983981014535746,0.20150337944539196,0.798496620554608,0.6973865199449794,0.6645557583270546,0.6011814907387903,0.8301005611436736,0.6992579340053855,0.7192118226600985,0.5031055900621119,0.7713498622589532,727
robust,44,valid,rate__audio+vision__r0p30__random__medium,rate,audio+vision,0.3,random,medium,0.19214183960266432,51946,41965,0.0,1.0,0.29966133364475067,0.7003386663552493,0.29946887351778656,0.7005311264822134,0.6456043956043956,0.6259060567430611,0.5599495079419524,0.7572485822506622,0.6906133032921435,0.6805194805194805,0.4717948717948718,0.7254038179148311,728
robust,44,test,rate__audio+vision__r0p30__random__medium,rate,audio+vision,0.3,random,medium,0.19164623982743406,50995,41222,0.0,1.0,0.2989617324236132,0.7010382675763869,0.29903354178510516,0.7009664582148948,0.6987620357634112,0.6651491848791954,0.6006948224959339,0.8303476505132579,0.6990431455517483,0.7160493827160495,0.5046728971962617,0.7747252747252749,727
robust,44,valid,rate__audio+vision__r0p40__random__medium,rate,audio+vision,0.4,random,medium,0.256150617949409,51946,38640,0.0,1.0,0.3993927361905874,0.6006072638094125,0.39933300395256915,0.6006669960474308,0.646978021978022,0.626460104298547,0.5604856370047635,0.7572083794351122,0.6906397638723288,0.6770833333333335,0.4742268041237114,0.7280701754385964,728
robust,44,test,rate__audio+vision__r0p40__random__medium,rate,audio+vision,0.4,random,medium,0.2562604176880086,50995,37927,0.0,1.0,0.3998813408484129,0.600118659151587,0.39972206430421325,0.6002779356957868,0.6918844566712518,0.6590086754033494,0.6013480221706621,0.8304117318988219,0.6988793763645688,0.7178217821782178,0.4923076923076923,0.7668965517241381,727
robust,44,valid,rate__text+audio+vision__r0p10__random__medium,rate,text+audio+vision,0.1,random,medium,0.10093173680360375,51946,46703,0.10076229332188104,0.899237706678119,0.1012495620693682,0.8987504379306318,0.1007905138339921,0.8992094861660079,0.6222527472527473,0.6013062819240651,0.5768138176561999,0.7820412837010049,0.6639227479991492,0.6408268733850129,0.45408163265306123,0.7090103397341211,728
robust,44,test,rate__text+audio+vision__r0p10__random__medium,rate,text+audio+vision,0.1,random,medium,0.10053926855574076,50995,45868,0.10066087716423616,0.8993391228357638,0.10050430139424503,0.899495698605755,0.1004358537047565,0.8995641462952435,0.6767537826685007,0.6439219513910871,0.6238066161299916,0.8593851623036993,0.6716662747414572,0.6849999999999999,0.4923076923076923,0.7544581618655694,727
robust,44,valid,rate__text+audio+vision__r0p20__random__medium,rate,text+audio+vision,0.2,random,medium,0.20082393254533554,51946,41514,0.20050461670603392,0.7994953832939661,0.20086418311339485,0.7991358168866052,0.20114871541501977,0.7988512845849802,0.6057692307692307,0.5896670807295358,0.5914156296582135,0.8068061805399427,0.6378057443035889,0.6296296296296297,0.4547677261613692,0.6846038863976083,728
robust,44,test,rate__text+audio+vision__r0p20__random__medium,rate,text+audio+vision,0.2,random,medium,0.20092165898617512,50995,40749,0.19979245179966137,0.8002075482003387,0.2016018985464254,0.7983981014535746,0.20150337944539196,0.798496620554608,0.6382393397524071,0.6073143059777976,0.664635531448002,0.9027852835570884,0.6300856998653663,0.6342710997442456,0.46242774566473993,0.7252440725244073,727
robust,44,valid,rate__text+audio+vision__r0p30__random__medium,rate,text+audio+vision,0.3,random,medium,0.2992530704962846,51946,36401,0.29869014386944387,0.7013098561305562,0.29966133364475067,0.7003386663552493,0.29946887351778656,0.7005311264822134,0.5961538461538461,0.5846922825181763,0.6118650932560911,0.833796578168597,0.6054334993934002,0.6288659793814432,0.45647058823529413,0.6687402799377916,728
robust,44,test,rate__text+audio+vision__r0p30__random__medium,rate,text+audio+vision,0.3,random,medium,0.29918619472497304,50995,35738,0.2995248238571194,0.7004751761428806,0.2989617324236132,0.7010382675763869,0.29903354178510516,0.7009664582148948,0.6313617606602476,0.6033195739062239,0.6832452139944002,0.934749655991945,0.5929244711112273,0.6126582278481012,0.47752808988764045,0.7197724039829303,727
robust,44,valid,rate__text+audio+vision__r0p40__random__medium,rate,text+audio+vision,0.4,random,medium,0.39970353828976246,51946,31183,0.40031135924414857,0.5996886407558514,0.3993927361905874,0.6006072638094125,0.39933300395256915,0.6006669960474308,0.5879120879120879,0.5705183583823671,0.6331130257183379,0.8710643106177364,0.5584603767582097,0.6016713091922007,0.43436754176610975,0.6755162241887905,728
robust,44,test,rate__text+audio+vision__r0p40__random__medium,rate,text+audio+vision,0.4,random,medium,0.3999019511716835,50995,30602,0.4000764651264406,0.5999235348735594,0.3998813408484129,0.600118659151587,0.39972206430421325,0.6002779356957868,0.6382393397524071,0.6111249780440229,0.6779826519500971,0.922639496497524,0.6043354225526586,0.6666666666666666,0.44817927170868355,0.7185289957567186,727
robust,44,valid,position__text__r0p30__prefix__medium,position,text,0.3,prefix,medium,0.1071112308936203,51946,46382,0.29869014386944387,0.7013098561305562,0.0,1.0,0.0,1.0,0.6332417582417582,0.6120681709712708,0.6002042166489575,0.8180171315948688,0.6237489773365973,0.6598465473145781,0.4680851063829787,0.7082728592162554,728
robust,44,test,position__text__r0p30__prefix__medium,position,text,0.3,prefix,medium,0.10753995489753898,50995,45511,0.2995248238571194,0.7004751761428806,0.0,1.0,0.0,1.0,0.6685006877579092,0.626929671734796,0.6346770456801214,0.8713938055001468,0.6586471034637513,0.6857142857142857,0.44370860927152317,0.7513661202185791,727
robust,44,valid,position__text__r0p30__middle__medium,position,text,0.3,middle,medium,0.1071112308936203,51946,46382,0.29869014386944387,0.7013098561305562,0.0,1.0,0.0,1.0,0.5961538461538461,0.582009158446711,0.6101967380561221,0.8256353771740491,0.6174231898682291,0.6236559139784946,0.44868735083532224,0.6736842105263158,728
robust,44,test,position__text__r0p30__middle__medium,position,text,0.3,middle,medium,0.10753995489753898,50995,45511,0.2995248238571194,0.7004751761428806,0.0,1.0,0.0,1.0,0.6492434662998624,0.6209477124183006,0.6632341797959361,0.907693862202363,0.6232613899328993,0.655,0.48235294117647054,0.7254901960784313,727
robust,44,valid,position__text__r0p30__suffix__medium,position,text,0.3,suffix,medium,0.1071112308936203,51946,46382,0.29869014386944387,0.7013098561305562,0.0,1.0,0.0,1.0,0.5576923076923077,0.5458532535958844,0.6403338409049416,0.8568453966496139,0.5703312640017044,0.5606469002695419,0.42920353982300885,0.6477093206951027,728
robust,44,test,position__text__r0p30__suffix__medium,position,text,0.3,suffix,medium,0.10753995489753898,50995,45511,0.2995248238571194,0.7004751761428806,0.0,1.0,0.0,1.0,0.6079779917469051,0.5863051428484362,0.7075039051022212,0.9535068135418459,0.5668252156107355,0.6126582278481012,0.4611260053619303,0.6851311953352769,727
robust,44,valid,position__text__r0p30__random__medium,position,text,0.3,random,medium,0.1071112308936203,51946,46382,0.29869014386944387,0.7013098561305562,0.0,1.0,0.0,1.0,0.5975274725274725,0.579712443938941,0.6220510581605505,0.8633314511326807,0.5734565585369519,0.6141732283464567,0.4433497536945813,0.6816143497757848,728
robust,44,test,position__text__r0p30__random__medium,position,text,0.3,random,medium,0.10753995489753898,50995,45511,0.2995248238571194,0.7004751761428806,0.0,1.0,0.0,1.0,0.6327372764786795,0.6089851855426338,0.6802339720036297,0.9244740314681296,0.6031706163784878,0.639386189258312,0.47058823529411764,0.7169811320754716,727
robust,44,valid,duration__text__r0p30__random__short,duration,text,0.3,random,short,0.1071112308936203,51946,46382,0.29869014386944387,0.7013098561305562,0.0,1.0,0.0,1.0,0.5782967032967034,0.5576345577481785,0.6181107240161029,0.837752740812576,0.5990553191042637,0.582210242587601,0.42500000000000004,0.6656934306569344,728
robust,44,test,duration__text__r0p30__random__short,duration,text,0.3,random,short,0.10753995489753898,50995,45511,0.2995248238571194,0.7004751761428806,0.0,1.0,0.0,1.0,0.657496561210454,0.6275469122814256,0.6590888732032238,0.896397637131763,0.6335021364807273,0.675,0.471976401179941,0.7356643356643358,727
robust,44,valid,duration__text__r0p30__random__medium,duration,text,0.3,random,medium,0.1071112308936203,51946,46382,0.29869014386944387,0.7013098561305562,0.0,1.0,0.0,1.0,0.5947802197802198,0.5780635055978554,0.623107865764913,0.8479913354380977,0.5932058085517267,0.6201550387596899,0.4362745098039216,0.6777609682299547,728
robust,44,test,duration__text__r0p30__random__medium,duration,text,0.3,random,medium,0.10753995489753898,50995,45511,0.2995248238571194,0.7004751761428806,0.0,1.0,0.0,1.0,0.6341127922971114,0.5998647150144155,0.671270387226708,0.9095366866430767,0.6203553638936965,0.655,0.42514970059880236,0.7194444444444444,727
robust,44,valid,duration__text__r0p30__random__long,duration,text,0.3,random,long,0.1071112308936203,51946,46382,0.29869014386944387,0.7013098561305562,0.0,1.0,0.0,1.0,0.6016483516483516,0.5832969409352339,0.5934564229382386,0.8124766035631571,0.6296485758561478,0.6068601583113455,0.4471153846153846,0.6959152798789713,728
robust,44,test,duration__text__r0p30__random__long,duration,text,0.3,random,long,0.10753995489753898,50995,45511,0.2995248238571194,0.7004751761428806,0.0,1.0,0.0,1.0,0.6506189821182944,0.616633538726562,0.6568622755827036,0.9141581006005554,0.6154569748093736,0.6461538461538463,0.45930232558139533,0.7444444444444445,727
robust,44,valid,position__audio__r0p30__prefix__medium,position,audio,0.3,prefix,medium,0.09879490239864475,51946,46814,0.0,1.0,0.29966133364475067,0.7003386663552493,0.0,1.0,0.6483516483516484,0.628829145588459,0.5591586436999573,0.7565315999059434,0.6911839011395543,0.6821705426356589,0.4757033248081841,0.728613569321534,728
robust,44,test,position__audio__r0p30__prefix__medium,position,audio,0.3,prefix,medium,0.09881360917737034,50995,45956,0.0,1.0,0.2989617324236132,0.7010382675763869,0.0,1.0,0.6987620357634112,0.6664551846146808,0.6009906957276996,0.8301804479238593,0.6988962477703258,0.7192118226600985,0.5077399380804954,0.7724137931034484,727
robust,44,valid,position__audio__r0p30__middle__medium,position,audio,0.3,middle,medium,0.09879490239864475,51946,46814,0.0,1.0,0.29966133364475067,0.7003386663552493,0.0,1.0,0.6483516483516484,0.6277384224583419,0.5597382678962466,0.7570844785326284,0.6908532834236215,0.6839378238341969,0.4690721649484536,0.7302052785923753,728
robust,44,test,position__audio__r0p30__middle__medium,position,audio,0.3,middle,medium,0.09881360917737034,50995,45956,0.0,1.0,0.2989617324236132,0.7010382675763869,0.0,1.0,0.6960110041265475,0.6629824108637006,0.6016104343197368,0.8305898032402271,0.6988455756168339,0.7160493827160495,0.5015479876160991,0.7713498622589532,727
robust,44,valid,position__audio__r0p30__suffix__medium,position,audio,0.3,suffix,medium,0.09879490239864475,51946,46814,0.0,1.0,0.29966133364475067,0.7003386663552493,0.0,1.0,0.6497252747252747,0.6292101652237877,0.5596568895565285,0.7563099102402535,0.6914873935482118,0.6770833333333335,0.4806201550387597,0.7299270072992701,728
robust,44,test,position__audio__r0p30__suffix__medium,position,audio,0.3,suffix,medium,0.09881360917737034,50995,45956,0.0,1.0,0.2989617324236132,0.7010382675763869,0.0,1.0,0.6973865199449794,0.6622317344041893,0.6013291568445372,0.8305803775833799,0.6989041985890121,0.7096774193548386,0.5,0.7770177838577291,727
robust,44,valid,position__audio__r0p30__random__medium,position,audio,0.3,random,medium,0.09879490239864475,51946,46814,0.0,1.0,0.29966133364475067,0.7003386663552493,0.0,1.0,0.6442307692307693,0.6241067876730378,0.5594378069380892,0.7566210347968105,0.6912044783183441,0.6787564766839378,0.47028423772609823,0.7232796486090776,728
robust,44,test,position__audio__r0p30__random__medium,position,audio,0.3,random,medium,0.09881360917737034,50995,45956,0.0,1.0,0.2989617324236132,0.7010382675763869,0.0,1.0,0.6987620357634112,0.6651491848791954,0.6017003051572809,0.8304207705812253,0.6988755810331454,0.7160493827160495,0.5046728971962617,0.7747252747252749,727
robust,44,valid,duration__audio__r0p30__random__short,duration,audio,0.3,random,short,0.09879490239864475,51946,46814,0.0,1.0,0.29966133364475067,0.7003386663552493,0.0,1.0,0.646978021978022,0.6265277943537839,0.5591539316605981,0.7563633632590389,0.6914451028025733,0.6821705426356589,0.4690721649484536,0.7283406754772394,728
robust,44,test,duration__audio__r0p30__random__short,duration,audio,0.3,random,short,0.09881360917737034,50995,45956,0.0,1.0,0.2989617324236132,0.7010382675763869,0.0,1.0,0.6973865199449794,0.6640649542456319,0.6015605350912765,0.8302987965132664,0.6989943333978834,0.7160493827160495,0.5031055900621119,0.7730398899587344,727
robust,44,valid,duration__audio__r0p30__random__medium,duration,audio,0.3,random,medium,0.09879490239864475,51946,46814,0.0,1.0,0.29966133364475067,0.7003386663552493,0.0,1.0,0.646978021978022,0.6272670548914004,0.5605727226683195,0.7576066498364586,0.6903739811379828,0.6821705426356589,0.4742268041237114,0.7254038179148311,728
robust,44,test,duration__audio__r0p30__random__medium,duration,audio,0.3,random,medium,0.09881360917737034,50995,45956,0.0,1.0,0.2989617324236132,0.7010382675763869,0.0,1.0,0.7001375515818432,0.6670523581659943,0.6019946469898442,0.8311376092151949,0.6983090800046174,0.7160493827160495,0.5093167701863354,0.7757909215955983,727
robust,44,valid,duration__audio__r0p30__random__long,duration,audio,0.3,random,long,0.09879490239864475,51946,46814,0.0,1.0,0.29966133364475067,0.7003386663552493,0.0,1.0,0.6442307692307693,0.6239282744206603,0.5586770761266842,0.7561269380286512,0.691701365593399,0.6770025839793283,0.4715025906735751,0.7232796486090776,728
robust,44,test,duration__audio__r0p30__random__long,duration,audio,0.3,random,long,0.09881360917737034,50995,45956,0.0,1.0,0.2989617324236132,0.7010382675763869,0.0,1.0,0.6987620357634112,0.6639721137798021,0.6011374539873746,0.8300654040252488,0.6992333310422251,0.7192118226600985,0.49842271293375395,0.7742818057455539,727
robust,44,valid,position__vision__r0p30__prefix__medium,position,vision,0.3,prefix,medium,0.09334693720401956,51946,47097,0.0,1.0,0.0,1.0,0.29946887351778656,0.7005311264822134,0.6510989010989011,0.630998658755598,0.5595121098385489,0.7568370738861517,0.6910798380486024,0.6821705426356589,0.4806201550387597,0.7302052785923753,728
robust,44,test,position__vision__r0p30__prefix__medium,position,vision,0.3,prefix,medium,0.09283263065006374,50995,46261,0.0,1.0,0.0,1.0,0.29903354178510516,0.7009664582148948,0.6960110041265475,0.6624853649523134,0.6005280612900012,0.8296680095365716,0.6995206902089743,0.7192118226600985,0.49689440993788825,0.7713498622589532,727
robust,44,valid,position__vision__r0p30__middle__medium,position,vision,0.3,middle,medium,0.09334693720401956,51946,47097,0.0,1.0,0.0,1.0,0.29946887351778656,0.7005311264822134,0.646978021978022,0.6275644645209862,0.5595200683404743,0.7572432389771404,0.6906637195145795,0.6805194805194805,0.4757033248081841,0.7264705882352942,728
robust,44,test,position__vision__r0p30__middle__medium,position,vision,0.3,middle,medium,0.09283263065006374,50995,46261,0.0,1.0,0.0,1.0,0.29903354178510516,0.7009664582148948,0.6973865199449794,0.6640649542456319,0.6015287117374115,0.8307963208371293,0.6987581304609628,0.7160493827160495,0.5031055900621119,0.7730398899587344,727
robust,44,valid,position__vision__r0p30__suffix__medium,position,vision,0.3,suffix,medium,0.09334693720401956,51946,47097,0.0,1.0,0.0,1.0,0.29946887351778656,0.7005311264822134,0.6442307692307693,0.6247949384878657,0.5600697789162111,0.7568256770983738,0.6909849050008006,0.6786632390745502,0.4730077120822622,0.7227138643067846,728
robust,44,test,position__vision__r0p30__suffix__medium,position,vision,0.3,suffix,medium,0.09283263065006374,50995,46261,0.0,1.0,0.0,1.0,0.29903354178510516,0.7009664582148948,0.6973865199449794,0.6645557583270546,0.6015442192651833,0.8313258800122096,0.6982144956310236,0.7192118226600985,0.5031055900621119,0.7713498622589532,727
robust,44,valid,position__vision__r0p30__random__medium,position,vision,0.3,random,medium,0.09334693720401956,51946,47097,0.0,1.0,0.0,1.0,0.29946887351778656,0.7005311264822134,0.6483516483516484,0.6284702157518779,0.5591955278324638,0.7571330403206186,0.690765170297923,0.6787564766839378,0.47938144329896903,0.7272727272727272,728
robust,44,test,position__vision__r0p30__random__medium,position,vision,0.3,random,medium,0.09283263065006374,50995,46261,0.0,1.0,0.0,1.0,0.29903354178510516,0.7009664582148948,0.6987620357634112,0.6656415366050316,0.6014675742176655,0.8309602260704366,0.6986154671407556,0.7192118226600985,0.5046728971962617,0.7730398899587344,727
robust,44,valid,duration__vision__r0p30__random__short,duration,vision,0.3,random,short,0.09334693720401956,51946,47097,0.0,1.0,0.0,1.0,0.29946887351778656,0.7005311264822134,0.6497252747252747,0.630142533189502,0.5594816457193631,0.7570781139653189,0.6908456466073265,0.6839378238341969,0.4781491002570694,0.7283406754772394,728
robust,44,test,duration__vision__r0p30__random__short,duration,vision,0.3,random,short,0.09283263065006374,50995,46261,0.0,1.0,0.0,1.0,0.29903354178510516,0.7009664582148948,0.6987620357634112,0.6656415366050316,0.6011309750311518,0.830762061211939,0.6987386952496105,0.7192118226600985,0.5046728971962617,0.7730398899587344,727
robust,44,valid,duration__vision__r0p30__random__medium,duration,vision,0.3,random,medium,0.09334693720401956,51946,47097,0.0,1.0,0.0,1.0,0.29946887351778656,0.7005311264822134,0.6483516483516484,0.6290605497929194,0.5592488486672864,0.7564751192272019,0.6913921750803366,0.6839378238341969,0.4757033248081841,0.7275405007363771,728
robust,44,test,duration__vision__r0p30__random__medium,duration,vision,0.3,random,medium,0.09283263065006374,50995,46261,0.0,1.0,0.0,1.0,0.29903354178510516,0.7009664582148948,0.6987620357634112,0.6656415366050316,0.601149643603533,0.8306468980208866,0.6988378955290288,0.7192118226600985,0.5046728971962617,0.7730398899587344,727
robust,44,valid,duration__vision__r0p30__random__long,duration,vision,0.3,random,long,0.09334693720401956,51946,47097,0.0,1.0,0.0,1.0,0.29946887351778656,0.7005311264822134,0.6483516483516484,0.6291635806686992,0.558880079404584,0.7565219858031796,0.6913110437830842,0.6839378238341969,0.4781491002570694,0.7254038179148311,728
robust,44,test,duration__vision__r0p30__random__long,duration,vision,0.3,random,long,0.09283263065006374,50995,46261,0.0,1.0,0.0,1.0,0.29903354178510516,0.7009664582148948,0.7001375515818432,0.666729032461791,0.6011670648236919,0.8300870469284192,0.6992746740068915,0.7192118226600985,0.50625,0.7747252747252749,727
robust,44,valid,ablation__complete__r0p00__none__none,ablation,,0.0,none,none,0.0,51946,51946,0.0,1.0,0.0,1.0,0.0,1.0,0.6456043956043956,0.6253668089249834,0.5596794586956173,0.7568939872141074,0.6910387124441693,0.6804123711340206,0.47028423772609823,0.7254038179148311,728
robust,44,test,ablation__complete__r0p00__none__none,ablation,,0.0,none,none,0.0,50995,50995,0.0,1.0,0.0,1.0,0.0,1.0,0.6987620357634112,0.6656415366050316,0.6012055638029741,0.8305041203904334,0.6989401375313576,0.7192118226600985,0.5046728971962617,0.7730398899587344,727
robust,44,valid,ablation__text__r1p00__random__long,ablation,text,1.0,random,long,0.3586031648250106,51946,33318,1.0,0.0,0.0,1.0,0.0,1.0,0.4024725274725275,0.3958951153119621,0.7743680503265421,1.0308232120973693,0.2156498239365755,0.33773087071240104,0.39774859287054415,0.4522058823529412,728
robust,44,test,ablation__text__r1p00__random__long,ablation,text,1.0,random,long,0.35903519952936563,50995,32686,1.0,0.0,0.0,1.0,0.0,1.0,0.40440165061898214,0.38459843030477153,0.8739184318302504,1.129805715604118,0.2440133728213824,0.3002680965147453,0.33333333333333326,0.5201938610662359,727
robust,44,valid,ablation__audio__r1p00__random__long,ablation,audio,1.0,random,long,0.3296885226966465,51946,34820,0.0,1.0,1.0,0.0,0.0,1.0,0.6428571428571429,0.6225501482077381,0.5606785768919348,0.7595379732365288,0.6897413721546896,0.6719160104986875,0.47058823529411764,0.7251461988304092,728
robust,44,test,ablation__audio__r1p00__random__long,ablation,audio,1.0,random,long,0.33052260025492697,50995,34140,0.0,1.0,1.0,0.0,0.0,1.0,0.6891334250343879,0.6550899489759874,0.6034983894550735,0.8323309985468706,0.6975295497988043,0.7082294264339152,0.48632218844984804,0.7707182320441989,727
robust,44,valid,ablation__vision__r1p00__random__long,ablation,vision,1.0,random,long,0.3117083124783429,51946,35754,0.0,1.0,0.0,1.0,1.0,0.0,0.6318681318681318,0.612664015450734,0.5701240522474829,0.7696244524335334,0.6806909121405638,0.6718346253229975,0.4552429667519182,0.7109144542772862,728
robust,44,test,ablation__vision__r1p00__random__long,ablation,vision,1.0,random,long,0.3104422002157074,50995,35164,0.0,1.0,0.0,1.0,1.0,0.0,0.6932599724896836,0.6625200323945094,0.608339216081013,0.8379975020726443,0.6928657253492861,0.7174447174447175,0.503030303030303,0.7670850767085077,727
robust,44,valid,ablation__text+audio__r1p00__random__long,ablation,text+audio,1.0,random,long,0.6882916875216571,51946,16192,1.0,0.0,1.0,0.0,0.0,1.0,0.3598901098901099,0.3101647945639591,0.7741535782947072,1.031150701889613,0.24422388941274395,0.10699588477366254,0.4045261669024045,0.41897233201581024,728
robust,44,test,ablation__text+audio__r1p00__random__long,ablation,text+audio,1.0,random,long,0.6895577997842925,50995,15831,1.0,0.0,1.0,0.0,0.0,1.0,0.3713892709766162,0.3287324014034449,0.8797406993621891,1.137587354884836,0.22758002208062184,0.14393939393939395,0.3497453310696095,0.4925124792013312,727
robust,44,valid,ablation__text+vision__r1p00__random__long,ablation,text+vision,1.0,random,long,0.6703114773033535,51946,17126,1.0,0.0,0.0,1.0,1.0,0.0,0.32554945054945056,0.29761545214449864,0.7814367872299525,1.0501151431099494,0.06887069823844025,0.18181818181818182,0.39762611275964393,0.3134020618556701,728
robust,44,test,ablation__text+vision__r1p00__random__long,ablation,text+vision,1.0,random,long,0.669477399745073,50995,16855,1.0,0.0,0.0,1.0,1.0,0.0,0.3328748280605227,0.3014433287679256,0.8836204384823818,1.1478430565381053,0.16323240931103097,0.16236162361623616,0.3779761904761905,0.3639921722113503,727
robust,44,valid,ablation__audio+vision__r1p00__random__long,ablation,audio+vision,1.0,random,long,0.6413968351749895,51946,18628,0.0,1.0,1.0,0.0,1.0,0.0,0.6332417582417582,0.6149791240111783,0.5723961534894553,0.77425356034412,0.6782327642584562,0.6649076517150395,0.46616541353383456,0.7138643067846607,728
robust,44,test,ablation__audio+vision__r1p00__random__long,ablation,audio+vision,1.0,random,long,0.6409648004706344,50995,18309,0.0,1.0,1.0,0.0,1.0,0.0,0.6946354883081155,0.66112284788437,0.6111313656044219,0.8411653831782554,0.6908087075609711,0.7014925373134329,0.5045592705167173,0.7773167358229599,727
robust,44,valid,ablation__text+audio+vision__r1p00__random__long,ablation,text+audio+vision,1.0,random,long,1.0,51946,0,1.0,0.0,1.0,0.0,1.0,0.0,0.25274725274725274,0.13450292397660818,0.7713225362617727,1.056060833230016,0.017424248703898172,0.0,0.40350877192982454,0.0,728
robust,44,test,ablation__text+audio+vision__r1p00__random__long,ablation,text+audio+vision,1.0,random,long,1.0,50995,0,1.0,0.0,1.0,0.0,1.0,0.0,0.2173314993122421,0.11902071563088512,0.8872170099114904,1.1665564362902834,-0.04043121588506781,0.0,0.35706214689265536,0.0,727
