model,split,condition_id,group,missing_modalities,requested_rate,position,duration,accuracy_mean,accuracy_sd,macro_f1_mean,macro_f1_sd,mae_mean,mae_sd,rmse_mean,rmse_sd,pearson_mean,pearson_sd,f1_negative_mean,f1_negative_sd,f1_neutral_mean,f1_neutral_sd,f1_positive_mean,f1_positive_sd,effective_missing_rate_mean,effective_missing_rate_sd
baseline,test,ablation__audio+vision__r1p00__random__long,ablation,audio+vision,1.0,random,long,0.6868408986703347,0.02013772696561007,0.6488486291003196,0.009690173268476309,0.6291722361265704,0.007747052064466338,0.8475019190983227,0.00742666536961473,0.691043653220493,0.0065455271192039295,0.7125959436878747,0.017099899669116556,0.4705562935972589,0.011653931185975448,0.763393650015825,0.022543346168852035,0.6409648004706344,0.0
baseline,test,ablation__audio__r1p00__random__long,ablation,audio,1.0,random,long,0.6905089408528197,0.015863222276025837,0.6509012748171625,0.0067421515287329195,0.6155171409682301,0.004310212126448284,0.8324325768335706,0.002526378267644262,0.7005048859810326,0.004619846737917831,0.7161264696282595,0.011644635556527356,0.46902387980148214,0.028561205012841234,0.7675534750217459,0.019101984970849452,0.33052260025492697,0.0
baseline,test,ablation__complete__r0p00__none__none,ablation,,0.0,none,none,0.6923429619440623,0.024810177457072372,0.6557945178633805,0.016412668808191953,0.6136975295411262,0.006690049954127828,0.8291782551468101,0.004422217211895246,0.7021903270704155,0.002528995575841339,0.7167555357281953,0.012737200827511043,0.48237221154139576,0.022001813995962148,0.7682558063205507,0.025732950488036217,0.0,0.0
baseline,test,ablation__text+audio+vision__r1p00__random__long,ablation,text+audio+vision,1.0,random,long,0.3333333333333333,0.14648005665029387,0.16279412047282013,0.05292306009006544,0.9329656776910199,0.05672449697209092,1.186897179883889,0.03352465947519024,-0.02695414392337853,0.023342973374907764,0.14775160599571732,0.2559132884844808,0.11902071563088512,0.2061499266259003,0.22161003979185798,0.3838398483868586,1.0,0.0
baseline,test,ablation__text+audio__r1p00__random__long,ablation,text+audio,1.0,random,long,0.41082072443833106,0.021368510220506277,0.3602837849457718,0.010340257761593571,0.8710805401094993,0.022848979049665985,1.1379362052852307,0.013504661021366257,0.1961084875983831,0.05087961245377336,0.2497348619860372,0.09345874332344818,0.27265095109451626,0.031236512204198496,0.5584655417567618,0.04536409911624831,0.6895577997842924,1.3597399555105182e-16
baseline,test,ablation__text+vision__r1p00__random__long,ablation,text+vision,1.0,random,long,0.34387895460797796,0.021617927985559466,0.3223480031067103,0.021916468440471595,0.9026874874414025,0.0036165050978094167,1.1596788368697266,0.009794236462144595,0.10258686989762189,0.07892295041344596,0.36016463338945925,0.06154460685701549,0.23310387612206784,0.08743194262690752,0.37377549980860375,0.05597114490389276,0.669477399745073,0.0
baseline,test,ablation__text__r1p00__random__long,ablation,text,1.0,random,long,0.40806969280146727,0.024231472281932707,0.3739964380996688,0.016169087794337234,0.8720958420254395,0.012137158330718422,1.133594712089809,0.01156972650531746,0.2058320682124863,0.0469815398928038,0.35336134307652123,0.07995108933253317,0.25561260229363,0.0723134726085181,0.5130153689288551,0.05607898223037339,0.35903519952936563,0.0
baseline,test,ablation__vision__r1p00__random__long,ablation,vision,1.0,random,long,0.6859238881247135,0.021368510220506273,0.6520251136643407,0.012586694780456965,0.6245123371268387,0.010064941274720742,0.8409605317659121,0.008682648078765634,0.6942138992278614,0.0035646552713736626,0.7126098469168131,0.012189265714018951,0.48251212817276934,0.012541268539969747,0.7609533659034398,0.023840839373162694,0.3104422002157074,0.0
baseline,test,baseline__complete__r0p00__none__none,baseline,,0.0,none,none,0.6923429619440623,0.024810177457072372,0.6557945178633805,0.016412668808191953,0.6136975295411262,0.006690049954127828,0.8291782551468101,0.004422217211895246,0.7021903270704155,0.002528995575841339,0.7167555357281953,0.012737200827511043,0.48237221154139576,0.022001813995962148,0.7682558063205507,0.025732950488036217,0.0,0.0
baseline,test,duration__audio__r0p30__random__long,duration,audio,0.3,random,long,0.694176983035305,0.0222363239852951,0.6573995283984507,0.013347771483308358,0.613639420636275,0.006532202698014498,0.8292244108918648,0.00421431200141027,0.7021580835627018,0.0030209692411810327,0.7162176293913527,0.011286390129000871,0.4848652334680493,0.014964710717147358,0.7711157223359503,0.022513321557486844,0.09881360917737032,1.6996749443881478e-17
baseline,test,duration__audio__r0p30__random__medium,duration,audio,0.3,random,medium,0.6937184777624942,0.02618301978041126,0.6572158294474858,0.0182232508131523,0.6133445458348322,0.006942018335165616,0.8294531221226228,0.004730407301096677,0.7019585004994792,0.0025653282051604723,0.7161984592071381,0.012977511494647275,0.48539809077165463,0.023580346917893884,0.770050938363665,0.0259838176119839,0.09881360917737032,1.6996749443881478e-17
baseline,test,duration__audio__r0p30__random__short,duration,audio,0.3,random,short,0.6923429619440623,0.024074801637460036,0.655716039762639,0.015684116421600704,0.6136777855994769,0.007045103486872939,0.8294903380697075,0.004839832468610659,0.7020176678730768,0.0023264593964184344,0.7173588539785722,0.011985336658132742,0.48152988755178533,0.023086385683814513,0.7682593777575596,0.02521408249983344,0.09881360917737032,1.6996749443881478e-17
baseline,test,duration__text__r0p30__random__long,duration,text,0.3,random,long,0.6396148555708391,0.014360806752284112,0.6063116242357028,0.0029096654405645008,0.6878069498542491,0.01739146366822342,0.9231733147878515,0.013539746214054175,0.6096352613487156,0.00929653535492415,0.6319335805947599,0.01301357764690674,0.4522486802717102,0.023477588727303683,0.7347526118406384,0.019280515260226092,0.10753995489753898,0.0
baseline,test,duration__text__r0p30__random__medium,duration,text,0.3,random,medium,0.6235671710224667,0.014578737364130769,0.591648710167564,0.011141877086033654,0.692581808164627,0.017544535411165033,0.9301956138856884,0.025927125593744663,0.6003577999765956,0.032274122967659365,0.6285038056651194,0.023407152505410884,0.4335557848870542,0.025166102637088034,0.7128865399505182,0.020009166140972336,0.10753995489753898,0.0
baseline,test,duration__text__r0p30__random__short,duration,text,0.3,random,short,0.6111875286565795,0.010684255110253161,0.5796763032679905,0.00620105367282284,0.7148886865879427,0.012110145635823865,0.9482987517551295,0.021791410254447422,0.576984602882861,0.031246074463192806,0.6176687607665458,0.02461449490379971,0.4272814968879106,0.0440207396538656,0.6940786521495151,0.021090820545308066,0.10753995489753898,0.0
baseline,test,duration__vision__r0p30__random__long,duration,vision,0.3,random,long,0.6918844566712518,0.024873646932634334,0.6556337554738604,0.01579797752185607,0.6133653821456956,0.006132465186407736,0.8291638893359194,0.004012787999036411,0.7021633294749563,0.002955245565441097,0.7161713876620328,0.011777170850247355,0.482937062937063,0.01959390145251227,0.7677928158224855,0.026664889172816928,0.09283263065006374,0.0
baseline,test,duration__vision__r0p30__random__medium,duration,vision,0.3,random,medium,0.6923429619440623,0.024810177457072372,0.6555310067848183,0.016360031917351033,0.6130411097645786,0.006998569868051819,0.8289584900569368,0.004550057453609683,0.702299947229544,0.0024196078611974725,0.7161713876620328,0.011777170850247355,0.4819548904616462,0.020993110301995976,0.7684667422307765,0.025729442201193737,0.09283263065006374,0.0
baseline,test,duration__vision__r0p30__random__short,duration,vision,0.3,random,short,0.6918844566712518,0.02521362143029348,0.6561681227414256,0.01641619007944511,0.6134368957369215,0.006230271404121678,0.8293238854454564,0.004086833811510318,0.7020313308213977,0.0025023905741881182,0.7173588539785722,0.011985336658132742,0.4842225410272647,0.018580971895694527,0.7669229732184396,0.02611633272803274,0.09283263065006374,0.0
baseline,test,position__audio__r0p30__middle__medium,position,audio,0.3,middle,medium,0.6914259513984411,0.02141273622895114,0.6536433734538666,0.01082643264205225,0.6143497490900125,0.006749829028198507,0.8299139694380092,0.004708249754488573,0.7015794655132767,0.0031219420098027944,0.7151844234197174,0.010568439653077934,0.47703066164604624,0.017272216406194293,0.7687150352958362,0.02364268043418469,0.09881360917737032,1.6996749443881478e-17
baseline,test,position__audio__r0p30__prefix__medium,position,audio,0.3,prefix,medium,0.6914259513984411,0.02496223308356942,0.6545946016506871,0.016814439498715417,0.6136073829112544,0.00626781346432716,0.82937789081257,0.004232479172272848,0.7020163125879563,0.0028520446407880934,0.7156439858473944,0.013282146754109103,0.4796985217448639,0.02227968347701289,0.7684412973598032,0.025053104404964725,0.09881360917737032,1.6996749443881478e-17
baseline,test,position__audio__r0p30__random__medium,position,audio,0.3,random,medium,0.6918844566712518,0.02475928473177441,0.6548421099162822,0.016770897131657907,0.6143768279612959,0.0062322537297185565,0.8297507522816505,0.003875378383197881,0.7016990653092394,0.003095870995572195,0.7174081976012103,0.011634725439742439,0.4789979140397424,0.024008368141653816,0.7681202181078941,0.025210677145990217,0.09881360917737032,1.6996749443881478e-17
baseline,test,position__audio__r0p30__suffix__medium,position,audio,0.3,suffix,medium,0.6937184777624942,0.023397250476245874,0.656197763933643,0.014580124211749841,0.6143872199566408,0.0068977944241347495,0.8293549446076787,0.004365003133535169,0.7019820527704569,0.0020119765235114217,0.7173588539785722,0.011985336658132742,0.48053078400812593,0.017045084762312514,0.7707036538142309,0.024959910084537715,0.09881360917737032,1.6996749443881478e-17
baseline,test,position__text__r0p30__middle__medium,position,text,0.3,middle,medium,0.6386978450252178,0.019948931607342617,0.6107884550657877,0.015356505617797318,0.6767901953285008,0.008866112328908379,0.9145862084810868,0.006836557148254556,0.6187954529972582,0.0037425479263604577,0.6491176851355092,0.019851164844959947,0.4645688511026513,0.021758471922325502,0.7186788289592028,0.019159031948630546,0.10753995489753898,0.0
baseline,test,position__text__r0p30__prefix__medium,position,text,0.3,prefix,medium,0.6497019715726732,0.023518236778050778,0.6124001010079799,0.013744639823041813,0.6621266353216939,0.009205973471690224,0.8874179586634551,0.00879854582084288,0.6498737956368298,0.005684468868677315,0.6592246167503296,0.011561789167350905,0.4395113111641516,0.00976981368196825,0.7384643751094583,0.027730777189722507,0.10753995489753898,0.0
baseline,test,position__text__r0p30__random__medium,position,text,0.3,random,medium,0.6134800550206327,0.02433535902744724,0.5817714042714638,0.009867203983676295,0.7074810379607103,0.0025530814770607316,0.9420804130442786,0.002079376530244786,0.5876135289593363,0.009031933338530893,0.6251167947105905,0.018545933583263882,0.4178275666995727,0.005993769582938934,0.7023698514042286,0.03179645136453686,0.10753995489753898,0.0
baseline,test,position__text__r0p30__suffix__medium,position,text,0.3,suffix,medium,0.5823016964695094,0.03302193045397676,0.545143376991328,0.01544251593829269,0.7560260039623973,0.013239504002815069,0.9971685598144218,0.005693273037456235,0.5146428305352678,0.005602526843137273,0.5806774369753097,0.02278731258612111,0.37511936859012424,0.03597767157095299,0.6796333254085501,0.03952229041377244,0.10753995489753898,0.0
baseline,test,position__vision__r0p30__middle__medium,position,vision,0.3,middle,medium,0.6932599724896836,0.02350482460885157,0.6568591122647053,0.014966482838580092,0.6137841052641765,0.0060972089991483515,0.8294602065962549,0.004023534483341278,0.701904713396468,0.002678098040819711,0.7167555357281953,0.012737200827511043,0.48494912773145077,0.018948407491263045,0.76887267333447,0.02378403212736279,0.09283263065006374,0.0
baseline,test,position__vision__r0p30__prefix__medium,position,vision,0.3,prefix,medium,0.6914259513984411,0.022782683629169822,0.6545763735914528,0.013741236824779214,0.6137002342389551,0.007479175884243233,0.829796737081291,0.0046549074738554555,0.7017158698310436,0.002634197358564476,0.716078847435408,0.014900225155756059,0.4798830415319159,0.017841510339205023,0.7677672318070347,0.02413063014697315,0.09283263065006374,0.0
baseline,test,position__vision__r0p30__random__medium,position,vision,0.3,random,medium,0.6909674461256304,0.025598394960491287,0.655320703492547,0.01697778700105345,0.6137031927949917,0.006351433390701959,0.8290954965132439,0.003886502883170994,0.7021584356383359,0.0028265494475066075,0.7161984592071381,0.012977511494647275,0.4836705630929458,0.019532644863669124,0.766093088177557,0.02678560460863472,0.09283263065006374,0.0
baseline,test,position__vision__r0p30__suffix__medium,position,vision,0.3,suffix,medium,0.6909674461256304,0.026183019780411265,0.654647980832467,0.017273350051165405,0.6140616940482188,0.006927218587334674,0.8289320810933676,0.004712002079751541,0.7024043082504648,0.002164179248765989,0.7178049364965253,0.011799792016501075,0.48040523933699003,0.020863840973509195,0.7657337666638856,0.02846648483345901,0.09283263065006374,0.0
baseline,test,rate__audio+vision__r0p10__random__medium,rate,audio+vision,0.1,random,medium,0.692801467216873,0.024074801637460036,0.6558619223961828,0.015750462654202067,0.6139873104474854,0.00681958837877455,0.829051411255091,0.004587290349932703,0.7023044646764669,0.0023913821854109367,0.7173588539785722,0.011985336658132742,0.4815481428891896,0.023113641683354138,0.7686787703207866,0.0252382689177862,0.06439847043827826,0.0
baseline,test,rate__audio+vision__r0p20__random__medium,rate,audio+vision,0.2,random,medium,0.6918844566712518,0.024873646932634334,0.6557305120829557,0.016842727568086642,0.6140984157155832,0.00647394602671081,0.829646964118861,0.004429499487465733,0.7017354501972108,0.002853135669485477,0.7162176293913527,0.011286390129000871,0.4831026875250702,0.021920414192508765,0.7678712193324446,0.025562597180930225,0.12918913618982253,0.0
baseline,test,rate__audio+vision__r0p30__random__medium,rate,audio+vision,0.3,random,medium,0.6891334250343878,0.022975643863122504,0.6518287479168633,0.013866845161617935,0.6129972772870907,0.006496783111669171,0.8293134481915342,0.004796357367237957,0.702035733590118,0.0021956875232637383,0.7150329580416369,0.011024709963552076,0.4745060929060883,0.019443096910810892,0.7659471928028645,0.024472885774441205,0.19164623982743403,3.3993498887762956e-17
baseline,test,rate__audio+vision__r0p40__random__medium,rate,audio+vision,0.4,random,medium,0.6946354883081156,0.022008253094910557,0.6581550824482226,0.013648584572583049,0.613448665463244,0.007381349931608768,0.8296951733981347,0.003876828314420761,0.7017783174844228,0.004171675411337035,0.7167555357281953,0.012737200827511043,0.4873317454286586,0.019465499751661935,0.7703779661878137,0.022983783965553468,0.2562604176880086,0.0
baseline,test,rate__audio__r0p10__random__medium,rate,audio,0.1,random,medium,0.692801467216873,0.025524375350237133,0.6565377876482184,0.017539893792866794,0.6139365427434301,0.006527349828947429,0.8293340649657069,0.004223703207377274,0.702061058257137,0.0025453104217688987,0.7168017774575152,0.012281534829904834,0.48419917684662206,0.02282438263018278,0.7686124086405179,0.025765657862916937,0.033218943033630745,0.0
baseline,test,rate__audio__r0p20__random__medium,rate,audio,0.2,random,medium,0.6918844566712518,0.025474909460044232,0.6548629522595112,0.017416752910537087,0.6136649497859402,0.007058897152813234,0.8290582830123476,0.00486934877392711,0.702327355272136,0.002170568563965368,0.7161984592071381,0.012977511494647275,0.48028093026436763,0.022524344980145303,0.7681094673070276,0.026266416628488557,0.0666339837238945,0.0
baseline,test,rate__audio__r0p30__random__medium,rate,audio,0.3,random,medium,0.692801467216873,0.024231472281932735,0.6549643599432683,0.016287382082852773,0.6141412854963271,0.006408992364391111,0.8295511462205605,0.0038205119005952433,0.7018599983390895,0.003122586125216622,0.715636276292014,0.010299224598815951,0.47912595250845574,0.025630258808793195,0.7701308510293353,0.026531079644926594,0.09881360917737032,1.6996749443881478e-17
baseline,test,rate__audio__r0p40__random__medium,rate,audio,0.4,random,medium,0.692801467216873,0.02614686369442138,0.6565016620999679,0.01842542569031166,0.6142380252341298,0.0076544335571034575,0.8294775471940947,0.005056307612778291,0.7019484588610724,0.0020488991461553533,0.7162910306773487,0.012539181177445057,0.4842524066624183,0.024176745797370787,0.7689615489601368,0.02573411049109062,0.1321698205706442,0.0
baseline,test,rate__text+audio+vision__r0p10__random__medium,rate,text+audio+vision,0.1,random,medium,0.6671251719394773,0.02213683210375669,0.6320495448109331,0.01214551532243007,0.6538977216543175,0.011771791935630282,0.880899438681637,0.022370077013380004,0.6529394002273388,0.025954617298729308,0.6765893489565024,0.004704105386665085,0.47347893205608704,0.009612792423878786,0.74608035342021,0.026984422735244984,0.10053926855574076,0.0
baseline,test,rate__text+audio+vision__r0p20__random__medium,rate,text+audio+vision,0.2,random,medium,0.6455754241173773,0.014050026085322853,0.6108208039197782,0.0017358270743759391,0.6808088080375082,0.008281921653946573,0.9149168790976775,0.00925893122709643,0.6168727661298443,0.005271249117476848,0.6495075273901102,0.016452728004248907,0.45049842352401653,0.025134057309738778,0.7324564608452077,0.017746641362751867,0.20092165898617512,0.0
baseline,test,rate__text+audio+vision__r0p30__random__medium,rate,text+audio+vision,0.3,random,medium,0.6281522237505731,0.02269948426315735,0.5990613635387408,0.010234452920499537,0.697226868396226,0.027131441128289115,0.9371266837985841,0.04085255608833434,0.5916896020321257,0.04113541042565569,0.6261599581407481,0.023265082347518083,0.45622093955427295,0.01607470816043199,0.7148031929212015,0.02201662666275897,0.29918619472497304,0.0
baseline,test,rate__text+audio+vision__r0p40__random__medium,rate,text+audio+vision,0.4,random,medium,0.6052269601100413,0.01673387216038024,0.5785987682486043,0.00224075393682499,0.7149956256547471,0.013622594582273275,0.9645733335625347,0.021568461136549925,0.5583849610824207,0.029688293080054565,0.621502866634385,0.018037611255063753,0.4217945164759893,0.03408674326736783,0.6924989216354388,0.029646005486940016,0.3999019511716835,0.0
baseline,test,rate__text+audio__r0p10__random__medium,rate,text+audio,0.1,random,medium,0.6597890875745072,0.014836029057646482,0.6241148198901966,0.0004607396303964587,0.6493383497845233,0.0078026429996591795,0.873879514045479,0.003966859580177132,0.660239910537432,0.004949479941244653,0.6811391223155928,0.0127083637617331,0.4498354373586034,0.0236501742580977,0.7413698999963935,0.01913320178623727,0.06935974115109324,0.0
baseline,test,rate__text+audio__r0p20__random__medium,rate,text+audio,0.2,random,medium,0.6414488766620816,0.02132419248827785,0.60840647988182,0.008985115900360208,0.6773526696445561,0.0059759939258874715,0.9108859269049145,0.012341514962206604,0.621855359610934,0.01515579033286123,0.6539802372325633,0.00786720660654244,0.4499316841013736,0.005985713756540387,0.721307518311523,0.02179680903747386,0.1383665065202471,0.0
baseline,test,rate__text+audio__r0p30__random__medium,rate,text+audio,0.3,random,medium,0.6322787712058688,0.015942538881901596,0.6006194084029436,0.010787207088941401,0.6912832123123652,0.013832241482332348,0.9323571528055946,0.011871666396364626,0.5976285400896238,0.009975112718707695,0.6376405845739456,0.027142732874029254,0.4470173911950677,0.020715174404164746,0.7172002494398173,0.016909932717660364,0.20635356407490932,0.0
baseline,test,rate__text+audio__r0p40__random__medium,rate,text+audio,0.4,random,medium,0.6038514442916093,0.027094519399714145,0.5750367454090276,0.011577233743596491,0.7298150122240834,0.021080687508992065,0.9827227381901796,0.018424919479609423,0.5363945462997854,0.019617615769359286,0.5961733641980445,0.03223263247395747,0.43719423071619645,0.028709150121408507,0.6917426413128419,0.03639228583661045,0.27581135405431906,0.0
baseline,test,rate__text+vision__r0p10__random__medium,rate,text+vision,0.1,random,medium,0.6607060981201284,0.015151500817843474,0.6192878111873215,0.007346345636913736,0.6451450972269123,0.004718107053059514,0.8670569954057732,0.005704922221272935,0.6659215327437878,0.0019780415195814072,0.6938207154415709,0.017283620052222674,0.42006086926100156,0.04253710403202597,0.7439818488593918,0.022459310604364822,0.06732032552211001,0.0
baseline,test,rate__text+vision__r0p20__random__medium,rate,text+vision,0.2,random,medium,0.6405318661164604,0.01897680154660698,0.6060797163491226,0.01592401803903244,0.6705923386593681,0.012650076523067481,0.9023842457231973,0.006649978466802036,0.6305583967956746,0.009505153971382251,0.6578458135285875,0.012368163293492971,0.43689440403175966,0.05954849450487605,0.7234989314870207,0.029638078924126964,0.1342876752622806,0.0
baseline,test,rate__text+vision__r0p30__random__medium,rate,text+vision,0.3,random,medium,0.6304447501146263,0.017740066136774972,0.6008567980941751,0.016165922357510763,0.6905739161423767,0.012828789570477887,0.9330831448853205,0.016386740012264235,0.5979848949757852,0.020359857860454016,0.6266597279674059,0.032753832337942844,0.4606325837334007,0.02684965578093509,0.7152780825817189,0.022353399986201204,0.2003725855476027,0.0
baseline,test,rate__text+vision__r0p40__random__medium,rate,text+vision,0.4,random,medium,0.5832187070151308,0.03436037413149048,0.5521979351700893,0.022878646440429338,0.725755241811822,0.022567260380269513,0.9727451496211296,0.03202513029199401,0.5496050060802627,0.03829664861311437,0.5769474924114099,0.04097551658985743,0.40021608278022075,0.03362585271089617,0.6794302303186374,0.04430745195269437,0.26773213060103934,0.0
baseline,test,rate__text__r0p10__random__medium,rate,text,0.1,random,medium,0.6685006877579092,0.01798720334335906,0.6314248222030933,0.00416965071643328,0.6472082381085046,0.014524817137771566,0.8669739876536863,0.023475079806186745,0.6655118491020038,0.017666065116007334,0.6968307154085261,0.009729606180928914,0.4510154219132548,0.016341607316407793,0.7464283292874985,0.02357345432037613,0.03614079811746249,0.0
baseline,test,rate__text__r0p20__random__medium,rate,text,0.2,random,medium,0.640990371389271,0.037443349625354026,0.6055111485080928,0.021439340476480825,0.6778802091037152,0.013516845937687247,0.9059156005527941,0.01351889646264954,0.6279522499003868,0.006299562331455419,0.658545577271292,0.021433515416218962,0.43406850620692966,0.01083597894500905,0.7239193620460568,0.04476025640657137,0.07173252279635259,0.0
baseline,test,rate__text__r0p30__random__medium,rate,text,0.3,random,medium,0.6313617606602476,0.032521569236690195,0.5959819647001331,0.020004629472928196,0.6917499482869958,0.020417803553697256,0.9314658221982621,0.025020411482277995,0.5974139963934783,0.025714561559537146,0.6282287956462244,0.027261587534196382,0.43901257103892527,0.028061598780080507,0.72070452741525,0.035388255600063284,0.10753995489753898,0.0
baseline,test,rate__text__r0p40__random__medium,rate,text,0.4,random,medium,0.5988078862906924,0.01533766958613273,0.5683369119167435,0.003166593887188603,0.7221319355576178,0.011789357507668694,0.9742023822752451,0.011286245604357545,0.5466094157201554,0.0079434827574404,0.6002244852731575,0.014529800987941073,0.4086232115823365,0.03173423915725037,0.6961630388947365,0.02309381280676126,0.14364153348367487,0.0
baseline,test,rate__vision__r0p10__random__medium,rate,vision,0.1,random,medium,0.6909674461256304,0.025598394960491287,0.6548163779889319,0.016852546849458562,0.6133426064369173,0.006758113763885152,0.8290344166788276,0.0047113032590859385,0.7022892301521869,0.0022823458988644207,0.7173588539785722,0.011985336658132742,0.48091483984659056,0.02148028645895317,0.7661754401416325,0.0267521798846519,0.031179527404647512,4.2491873609703695e-18
baseline,test,rate__vision__r0p20__random__medium,rate,vision,0.2,random,medium,0.6923429619440623,0.02423147228193273,0.6558863729014767,0.015336506752548114,0.613637853957412,0.006735279777174905,0.829196107042265,0.004773749224070617,0.7021297552980603,0.001980222335418655,0.7173588539785722,0.011985336658132742,0.48238347870395343,0.017549306585810553,0.7679167860219044,0.025267092071096953,0.06255515246592804,0.0
baseline,test,rate__vision__r0p30__random__medium,rate,vision,0.3,random,medium,0.6923429619440623,0.024810177457072372,0.6551764385355182,0.015379901723320813,0.6139838052691499,0.006212150633120324,0.829347970954737,0.0039946483832108,0.7019749993877191,0.002450583402812809,0.7177701086852143,0.014421446107285126,0.4789837685250529,0.01696004104408941,0.7687754383962874,0.026624156985995358,0.09283263065006374,0.0
baseline,test,rate__vision__r0p40__random__medium,rate,vision,0.4,random,medium,0.692801467216873,0.025524375350237133,0.656120619778013,0.01694022705570337,0.6138221989972931,0.007012191412415714,0.829425111871044,0.004998164962299644,0.7019412728026809,0.0016657998364436777,0.7177882491448097,0.012707339939937543,0.482113450424722,0.01787545011360773,0.7684601597645075,0.026888584071046582,0.12409059711736443,1.6996749443881478e-17
baseline,valid,ablation__audio+vision__r1p00__random__long,ablation,audio+vision,1.0,random,long,0.6236263736263736,0.009615384615384581,0.6006000534646425,0.015487346408837243,0.5901176896229413,0.007438705527973599,0.7922608776235656,0.011957117720938954,0.673236925783494,0.005659835357590038,0.6716171352074967,0.02335800468477645,0.43093612765728134,0.04541882905279252,0.6992468975291497,0.008345782469713823,0.6413968351749895,0.0
baseline,valid,ablation__audio__r1p00__random__long,ablation,audio,1.0,random,long,0.6295787545787546,0.014687742612037896,0.6070122210140515,0.014965924729107351,0.5782628428718014,0.0057641153627586445,0.7769138904907466,0.012436470439312832,0.68247666135851,0.004538311683121776,0.6753637808755197,0.022912336110485668,0.44037027971025583,0.04257416490672485,0.705302602456379,0.013689263726377082,0.3296885226966465,0.0
baseline,valid,ablation__complete__r0p00__none__none,ablation,,0.0,none,none,0.6286630036630036,0.011187538207757,0.6095907850358443,0.0021927121324525505,0.5779588355549744,0.008212721323898827,0.7744579899476793,0.015046483368883251,0.682595148331027,0.003423052469497725,0.6676084073514185,0.02083528195964545,0.45797467574892853,0.02412008640065727,0.7031892720071858,0.01569125338901278,0.0,0.0
baseline,valid,ablation__text+audio+vision__r1p00__random__long,ablation,text+audio+vision,1.0,random,long,0.3333333333333333,0.11441024139890663,0.1643076226396961,0.041246657537406285,0.8221256913542202,0.051656034559278224,1.078988660319644,0.040829219028830785,1.734723475976807e-17,0.01742424870389818,0.14703783012134192,0.25467699240484565,0.13450292397660818,0.23296589809405951,0.21138211382113822,0.3661245609495188,1.0,0.0
baseline,valid,ablation__text+audio__r1p00__random__long,ablation,text+audio,1.0,random,long,0.4015567765567765,0.005551444896054104,0.38025198366983065,0.019330712131394267,0.7703752003246814,0.011505679721803502,1.031507359337044,0.003088936137567638,0.1833636996239992,0.023767880827565844,0.2965501640085963,0.08981510245512934,0.3368281906422648,0.008605035929204393,0.5073775963586309,0.036776104949969156,0.6882916875216573,1.3597399555105182e-16
baseline,valid,ablation__text+vision__r1p00__random__long,ablation,text+vision,1.0,random,long,0.3282967032967033,0.0027472527472527375,0.3111875220343466,0.01123736844244055,0.7979693634374981,0.008235043636151239,1.0614157255912398,0.008619679721310652,0.044792626537107,0.02268444034052546,0.3423105900982007,0.08128231340441547,0.2868154229745359,0.10179954470056077,0.304436553030303,0.04056308102946907,0.6703114773033535,0.0
baseline,valid,ablation__text__r1p00__random__long,ablation,text,1.0,random,long,0.3887362637362637,0.016654334688162287,0.3737692482763426,0.011097320038185322,0.7726326274558485,0.0024120494649598483,1.0315986637245267,0.0022160566463366505,0.1811837622940067,0.01637862862216025,0.36324088005713295,0.07885775922691637,0.3151781011091322,0.05455139232106196,0.4428887636627627,0.0574455361700767,0.3586031648250106,0.0
baseline,valid,ablation__vision__r1p00__random__long,ablation,vision,1.0,random,long,0.6277472527472527,0.011736268880930633,0.6073564979256897,0.008855093909191694,0.5882860196378226,0.010330667248844055,0.7868853342886957,0.015288439399787966,0.6740837789703785,0.00482386523055406,0.6724971470069508,0.02337960214283199,0.44785280212677847,0.03131879786503429,0.7017195446433394,0.014390913725628266,0.3117083124783429,0.0
baseline,valid,baseline__complete__r0p00__none__none,baseline,,0.0,none,none,0.6286630036630036,0.011187538207757,0.6095907850358443,0.0021927121324525505,0.5779588355549744,0.008212721323898827,0.7744579899476793,0.015046483368883251,0.682595148331027,0.003423052469497725,0.6676084073514185,0.02083528195964545,0.45797467574892853,0.02412008640065727,0.7031892720071858,0.01569125338901278,0.0,0.0
baseline,valid,duration__audio__r0p30__random__long,duration,audio,0.3,random,long,0.6295787545787546,0.007565344158360003,0.6104185643836563,0.006583285332263152,0.5774708442196367,0.008051337758366115,0.7740451096632134,0.015390518216163458,0.682896063040038,0.0035304824805590753,0.6714325438906563,0.02284550548779828,0.4565979008591219,0.035692321301813275,0.7032252484011906,0.014061005123499058,0.09879490239864475,0.0
baseline,valid,duration__audio__r0p30__random__medium,duration,audio,0.3,random,medium,0.6286630036630036,0.009937057881964573,0.6097889584358801,0.002464255630015896,0.5781975309364498,0.008825080656603297,0.7744906733669173,0.01630235968286238,0.6825765948079313,0.0043877125427354636,0.6716195025018555,0.018047784220442117,0.4566112370080731,0.02836171929576454,0.7011361357977118,0.01663620555355548,0.09879490239864475,0.0
baseline,valid,duration__audio__r0p30__random__short,duration,audio,0.3,random,short,0.6282051282051282,0.0104009310362642,0.609202775440486,0.0025339286958273094,0.5776305367177413,0.007946017631942881,0.7744674586638703,0.014688124323521989,0.682628673042673,0.002986636423760938,0.670311963181192,0.021686596709091895,0.4561572649234688,0.029253720917819998,0.7011390982167972,0.01612062481926875,0.09879490239864475,0.0
baseline,valid,duration__text__r0p30__random__long,duration,text,0.3,random,long,0.5801282051282051,0.011519913576382004,0.5691611340826145,0.002958939290562901,0.6227197884530812,0.00840227065200173,0.8430913720158667,0.021138327598794186,0.6063028077637141,0.02332750841488425,0.6061649775146137,0.024647388916652448,0.4527557549476882,0.029046882929903182,0.6485626697855413,0.013624182971948149,0.1071112308936203,0.0
baseline,valid,duration__text__r0p30__random__medium,duration,text,0.3,random,medium,0.5769230769230769,0.004120879120879162,0.5649348174574843,0.006836189509608328,0.6329039512897224,0.0154340356237414,0.8585122417136833,0.022690063991102637,0.5860316741497814,0.009927904030600792,0.6038735039682285,0.005026257806272071,0.4418771539488649,0.03401983772856125,0.6490537944553596,0.01113580238387539,0.1071112308936203,0.0
baseline,valid,duration__text__r0p30__random__short,duration,text,0.3,random,short,0.5723443223443223,0.025710430661843302,0.5562461593770269,0.015673245794606484,0.6302399756438047,0.0030623807537100405,0.8602386665361986,0.00943167982362832,0.574363590751215,0.017405959947626535,0.5674758274985917,0.02704109300590166,0.44506946995271496,0.016341390092221932,0.6561931806797738,0.02796906276887178,0.1071112308936203,0.0
baseline,valid,duration__vision__r0p30__random__long,duration,vision,0.3,random,long,0.6277472527472527,0.010902821336804593,0.6084371907877196,0.0028260039347418058,0.5779645292744239,0.007480464894336585,0.7744743541579924,0.014810526915305327,0.6824887717792006,0.003544110960577765,0.6676084073514185,0.02083528195964545,0.454854694332198,0.025076539611457407,0.7028484706795425,0.01515286142520671,0.09334693720401956,0.0
baseline,valid,duration__vision__r0p30__random__medium,duration,vision,0.3,random,medium,0.6282051282051282,0.0104009310362642,0.609636874840715,0.0022863088691037563,0.5779666988436651,0.007671802698697776,0.7744220351510743,0.014492117552130602,0.682547570708782,0.0033237328540244755,0.6698798270713043,0.01962851362563658,0.45741699886201287,0.02273526072569258,0.701613798588828,0.0158747620245683,0.09334693720401956,0.0
baseline,valid,duration__vision__r0p30__random__short,duration,vision,0.3,random,short,0.6272893772893773,0.010125157686582374,0.6081301055473266,0.002831678191371237,0.577859357559726,0.008069188705107956,0.7744765630023336,0.01504778411317322,0.682440646015134,0.0035001398695253343,0.6688076849630219,0.018764508470365097,0.45439158612920716,0.0246185960234387,0.7011910455497509,0.013787402716617369,0.09334693720401956,0.0
baseline,valid,position__audio__r0p30__middle__medium,position,audio,0.3,middle,medium,0.6295787545787546,0.015130688316720072,0.611144379421578,0.006108372062160224,0.5783951114031619,0.007823795740687395,0.7747961683267698,0.014681031398654858,0.6822919911516734,0.0036300179636298145,0.6692203240470596,0.02229367154970703,0.46103623887293654,0.013870188740369037,0.7031765753447378,0.018356204839910205,0.09879490239864475,0.0
baseline,valid,position__audio__r0p30__prefix__medium,position,audio,0.3,prefix,medium,0.6282051282051282,0.009146055107801332,0.6103012524794934,0.008495647416036613,0.5784083077498122,0.00894592322275915,0.7755272709330816,0.015965790789415582,0.6818497506120527,0.003962445834502907,0.672060557202545,0.021591428034335693,0.4583109887271437,0.032191581408647425,0.7005322115087914,0.011384606211347133,0.09879490239864475,0.0
baseline,valid,position__audio__r0p30__random__medium,position,audio,0.3,random,medium,0.6282051282051282,0.009146055107801332,0.6096609933578497,0.0018334963271000788,0.5781690153692449,0.008866080493509385,0.7747152536450512,0.015410524431038667,0.6824390108338659,0.0036951686521734294,0.6693082817620865,0.019282283691738157,0.45846285959639327,0.03150051990679306,0.7012118387150695,0.016233022448955668,0.09879490239864475,0.0
baseline,valid,position__audio__r0p30__suffix__medium,position,audio,0.3,suffix,medium,0.6272893772893773,0.006491504981116197,0.6074487316482381,0.005653135824505702,0.5771680227463771,0.00832036674739402,0.7731059333635617,0.014457687639018108,0.6834336872553518,0.0032138762884083663,0.6676782899120456,0.01813641517894105,0.4525583848184807,0.04104873497784344,0.7021095202141878,0.014073622023463777,0.09879490239864475,0.0
baseline,valid,position__text__r0p30__middle__medium,position,text,0.3,middle,medium,0.5984432234432235,0.022668303652905775,0.5854228964719738,0.012431458362104303,0.6279779993643261,0.01515491425838915,0.84256617368304,0.01629005945346453,0.6061502788339251,0.004196459609563281,0.6175347129545603,0.02776318342925942,0.47160534237161666,0.016292521271865066,0.6671286340897442,0.03269812702252575,0.1071112308936203,0.0
baseline,valid,position__text__r0p30__prefix__medium,position,text,0.3,prefix,medium,0.6130952380952381,0.020573847929176704,0.5976836503805664,0.01314046563507863,0.6154774175065607,0.003934935018876818,0.8325488131594158,0.0008833757628539529,0.6091257968707886,0.00522019574950809,0.6339916592083549,0.02494737722772206,0.47455724895193024,0.011138746677677504,0.684502042981414,0.024372886560326934,0.1071112308936203,0.0
baseline,valid,position__text__r0p30__random__medium,position,text,0.3,random,medium,0.5773809523809524,0.03434981562914113,0.565161861833101,0.023840686809725786,0.6368940607678732,0.014562363531170557,0.8702391428263478,0.029315435880891194,0.5695106353131821,0.0262532815554469,0.5869139179153907,0.027739530324486502,0.4627625511346441,0.015949660786566375,0.6458091164492681,0.04805762513271256,0.1071112308936203,0.0
baseline,valid,position__text__r0p30__suffix__medium,position,text,0.3,suffix,medium,0.559065934065934,0.01687940347176448,0.540242455836156,0.008348006483609878,0.6717218148859811,0.008532986822869496,0.8997710916427936,0.007724816101813916,0.5164749296623853,0.009752650891576812,0.5397619275890984,0.029886894446823745,0.44830272102999374,0.03689340077863891,0.6326627188893762,0.02839885754207646,0.1071112308936203,0.0
baseline,valid,position__vision__r0p30__middle__medium,position,vision,0.3,middle,medium,0.6268315018315018,0.011682555697960648,0.6081777035766832,0.0036753026525290517,0.577475366129748,0.007992043265243918,0.7738741172255504,0.015025090488253859,0.6829193884026714,0.003551888394613172,0.6686677170539971,0.02192121219121362,0.4552631846718968,0.02238822698875075,0.7006022090041558,0.015297583679626317,0.09334693720401956,0.0
baseline,valid,position__vision__r0p30__prefix__medium,position,vision,0.3,prefix,medium,0.6263736263736264,0.009615384615384581,0.6077620862931638,0.002913065407787113,0.5785382701524946,0.008223289588590199,0.7752157881346803,0.0145100797939044,0.6818101498984926,0.00324486485468103,0.6693602919560845,0.01919226364013409,0.4546975964177505,0.024074830313545122,0.699228370505656,0.014915734145939058,0.09334693720401956,0.0
baseline,valid,position__vision__r0p30__random__medium,position,vision,0.3,random,medium,0.6295787545787546,0.00893737238825232,0.6106588785087174,0.005072684710236532,0.5776654140552123,0.00792816274042009,0.7743099832677424,0.01488953111898959,0.6825991034095821,0.0032876660142021293,0.6681193698189029,0.021346297086175428,0.4601034923856811,0.030612150787903948,0.7037537733215681,0.011053057312578852,0.09334693720401956,0.0
baseline,valid,position__vision__r0p30__suffix__medium,position,vision,0.3,suffix,medium,0.6304945054945055,0.010902821336804655,0.6125368450465963,0.002469889524570245,0.5790203690610745,0.008331365833256785,0.7756262435580377,0.015092251644533266,0.6818229245758608,0.003598329938598695,0.6715837217662036,0.018018863518907437,0.4632385042046878,0.02036107581095308,0.7027883091688976,0.01491163866200016,0.09334693720401956,0.0
baseline,valid,rate__audio+vision__r0p10__random__medium,rate,audio+vision,0.1,random,medium,0.6277472527472527,0.010728364939432179,0.6083142495965449,0.0015722438409296858,0.5781831762134251,0.008223631354727805,0.7746365125750834,0.015264054010498827,0.6823739652191914,0.0037200518671648927,0.6688076849630219,0.018764508470365097,0.45370618696651244,0.02715706316044668,0.7024288768601007,0.016546363211412493,0.06479805952335117,0.0
baseline,valid,rate__audio+vision__r0p20__random__medium,rate,audio+vision,0.2,random,medium,0.63003663003663,0.011102889792108212,0.6110703131043307,0.0010987967794716742,0.5782632700729632,0.00864782067826485,0.7745738821559492,0.01542978779050874,0.6825518933677402,0.0037205861477934876,0.6697924280659722,0.02130836556271576,0.4592129790772324,0.024669096460897058,0.7042055321697877,0.01559834676469899,0.1289223424325261,0.0
baseline,valid,rate__audio+vision__r0p30__random__medium,rate,audio+vision,0.3,random,medium,0.6277472527472527,0.008578293953843923,0.6088721880496895,0.0043529949489847595,0.5780154638484482,0.008280525227374567,0.774816677076602,0.014629574532405999,0.682182335243683,0.003357286401467742,0.6715184357244555,0.019557167147179876,0.4545326211670527,0.02983797204618567,0.7005655072575602,0.014788819329748426,0.19214183960266432,0.0
baseline,valid,rate__audio+vision__r0p40__random__medium,rate,audio+vision,0.4,random,medium,0.6240842490842491,0.012983009962232395,0.6056741432604628,0.002256436872752506,0.5783439112938907,0.008604763472650783,0.7752793497321732,0.014973862858675002,0.6814131556657346,0.003943859486055328,0.6692993628897245,0.020830043278708896,0.45135004386358846,0.023997383658808605,0.6963730230280752,0.020494142176120188,0.256150617949409,0.0
baseline,valid,rate__audio__r0p10__random__medium,rate,audio,0.1,random,medium,0.6286630036630036,0.010125157686582374,0.6095625849922516,0.0030420394406355388,0.5780630010212584,0.008526247304961931,0.7743904021283696,0.015130283222501512,0.6826612212209424,0.0034688036589424535,0.6693602919560845,0.01919226364013409,0.45647899234112765,0.02638829654329095,0.7028484706795425,0.01515286142520671,0.03338081854233242,0.0
baseline,valid,rate__audio__r0p20__random__medium,rate,audio,0.2,random,medium,0.6309523809523809,0.012001229324250162,0.6120690392838471,0.004159034114362047,0.5785152986692605,0.008069412450491824,0.7749214675651772,0.014821546219038789,0.6822079370192208,0.0032382177255417914,0.6697924280659722,0.02130836556271576,0.46152665351664107,0.0229021934389583,0.7048880362689283,0.014909526135344013,0.06622261579332384,0.0
baseline,valid,rate__audio__r0p30__random__medium,rate,audio,0.3,random,medium,0.6304945054945055,0.011974997097639235,0.6119688991800024,0.0020865033175364507,0.5782952327409167,0.00889089209477892,0.7743851283123041,0.015289479363890296,0.682715906377092,0.003577289785300192,0.6693602919560845,0.01919226364013409,0.46271324383559964,0.019695746034121536,0.703833161748323,0.017669373711726166,0.09879490239864475,0.0
baseline,valid,rate__audio__r0p40__random__medium,rate,audio,0.4,random,medium,0.6304945054945055,0.009007470500414803,0.61261166539155,0.0052155807609415685,0.5778426665756441,0.009356553956554983,0.7745464718367142,0.015462510582018545,0.6825515526747633,0.003795049829655899,0.671624256667735,0.01817431908402578,0.46459008450543654,0.02940898137874385,0.7016206550014784,0.013906573180804488,0.13167520117044623,0.0
baseline,valid,rate__text+audio+vision__r0p10__random__medium,rate,text+audio+vision,0.1,random,medium,0.6126373626373627,0.013246773023341986,0.5956128845719179,0.003406746986484168,0.6017966523788693,0.0029462010519783746,0.8122545230321797,0.005294860668911263,0.638504609882818,0.008702728634012332,0.6477024684217169,0.020982764472018647,0.4550157684334026,0.028254772926459792,0.6841204168606341,0.014554147140172167,0.10093173680360375,0.0
baseline,valid,rate__text+audio+vision__r0p20__random__medium,rate,text+audio+vision,0.2,random,medium,0.6043956043956045,0.018171368894674383,0.5893189020440425,0.007693742982771552,0.6016250356324803,0.01229450391297545,0.8104654167496891,0.01570531897619279,0.6390352539756132,0.008563356297914501,0.6296969792699122,0.01604353526135274,0.46043505494039755,0.02818584497679085,0.6778246719218175,0.03217140480081906,0.2008239325453355,3.3993498887762956e-17
baseline,valid,rate__text+audio+vision__r0p30__random__medium,rate,text+audio+vision,0.3,random,medium,0.5943223443223443,0.017174907814570612,0.5806734141725066,0.008213810862698075,0.6293398585450245,0.014991947809185585,0.8550646707690893,0.023313557214181137,0.5866701764092109,0.021818929083722623,0.6038520260373336,0.028442377709907735,0.47119530893893713,0.027396658214949483,0.6669729075412493,0.02711851375813188,0.2992530704962846,0.0
baseline,valid,rate__text+audio+vision__r0p40__random__medium,rate,text+audio+vision,0.4,random,medium,0.5526556776556776,0.016616526842146574,0.5413736659551002,0.011383155549201208,0.6517255582224967,0.009248864301702924,0.8828635484399858,0.017010621615169683,0.5466631358117656,0.010316117098906834,0.5480309108951101,0.02073260596910508,0.4484610811852354,0.006004669709196902,0.6276290057849551,0.019076638789001215,0.39970353828976246,0.0
baseline,valid,rate__text+audio__r0p10__random__medium,rate,text+audio,0.1,random,medium,0.6094322344322345,0.02412008643052364,0.5938725164423152,0.016117500502851292,0.5952971562284349,0.009470689337059558,0.7968132877149023,0.013046278115503603,0.6561976592488842,0.004883603267674082,0.6486892128150933,0.023165875236400846,0.4519454758647645,0.026163941118880193,0.6809828606470875,0.02530133734950196,0.069514495822585,0.0
baseline,valid,rate__text+audio__r0p20__random__medium,rate,text+audio,0.2,random,medium,0.5924908424908425,0.008048716039948207,0.5761696405443885,0.0049477092056856384,0.6089399233857006,0.007259608342757522,0.8226100888334048,0.005557419209265453,0.6262692183434422,0.010257291815423574,0.6135756859268016,0.013435114314712969,0.443764491511168,0.036794952923255776,0.6711687441951962,0.021873236532509877,0.13812420590613328,0.0
baseline,valid,rate__text+audio__r0p30__random__medium,rate,text+audio,0.3,random,medium,0.5723443223443223,0.0020982489445768426,0.5573165267252996,0.01309807232638375,0.6322636250001396,0.02580701806640335,0.8548207399746254,0.03621834906107619,0.5872088609257546,0.03391617002184552,0.5721597160437438,0.01640533510569822,0.4448242938848154,0.04408033267370046,0.6549655702473396,0.021471628311613533,0.20590613329226504,0.0
baseline,valid,rate__text+audio__r0p40__random__medium,rate,text+audio,0.4,random,medium,0.549908424908425,0.020619652471058045,0.5386016518442464,0.015941651382806045,0.661604383582123,0.007780169064817463,0.8999017652386406,0.020151448705732454,0.5259327592735987,0.025502759577737903,0.5395584686607353,0.02507605178615307,0.45149307871662536,0.026366528521796072,0.6247534081553782,0.023102175858846028,0.2752281215107997,0.0
baseline,valid,rate__text+vision__r0p10__random__medium,rate,text+vision,0.1,random,medium,0.6007326007326007,0.007565344158360003,0.5829645617718259,0.010245879541063659,0.6059213176718486,0.005853704620610409,0.8219052385005883,0.024274190736181027,0.6278340025946907,0.016899432075665966,0.6412281091567241,0.014369242149776234,0.43679025603952804,0.0434526015961473,0.6708753201192255,0.013090412302566048,0.06755091826127133,0.0
baseline,valid,rate__text+vision__r0p20__random__medium,rate,text+vision,0.2,random,medium,0.5943223443223443,0.020016019225635884,0.5803619341250251,0.016857928153231106,0.6103148787152772,0.002582951962768764,0.8237412839161621,0.010547767281942578,0.6250801211630068,0.016464515111018554,0.6308232015316628,0.02561401504187753,0.4497734281977099,0.03608697635016023,0.6604891726457025,0.01731404438643907,0.1346013167520117,0.0
baseline,valid,rate__text+vision__r0p30__random__medium,rate,text+vision,0.3,random,medium,0.5778388278388278,0.015439299725354736,0.5636786852368276,0.005492468657055415,0.6302216651690817,0.005998033025178956,0.8549907671485751,0.005761802049126533,0.5871484787373871,0.0051835766546267335,0.5913762594406596,0.015991250312432783,0.4446677019107946,0.031115298840878353,0.6549920943590283,0.026404613227704432,0.20045816809763986,0.0
baseline,valid,rate__text+vision__r0p40__random__medium,rate,text+vision,0.4,random,medium,0.5581501831501832,0.006491504981116197,0.5468799081280854,0.013157656075188007,0.653071382433524,0.01848859301227724,0.8846693135065707,0.02326673474568699,0.5467791335311608,0.03294192274279053,0.5689309606030492,0.014918687432282201,0.4397788517411345,0.06809600499028659,0.6319299120400728,0.0275619588650694,0.26802833711931623,0.0
baseline,valid,rate__text__r0p10__random__medium,rate,text,0.1,random,medium,0.6190476190476191,0.01992152922876106,0.6013151523381408,0.014356063999329363,0.5916558112164503,0.006221760474003799,0.7943241906042328,0.006958003528962761,0.658864106188005,0.00565893577991699,0.6501011894695304,0.03169804484289963,0.46004944410965015,0.030826018291134866,0.6937948234352419,0.021483276764649856,0.03613367728025257,0.0
baseline,valid,rate__text__r0p20__random__medium,rate,text,0.2,random,medium,0.6002747252747254,0.021978021978021955,0.5874167740353489,0.01489287149907524,0.6191954758673252,0.017680789989754607,0.8372112858820447,0.042957454113975835,0.6089186511716792,0.03783784329694455,0.6309726478265804,0.03867236461313768,0.46896218823788355,0.04100537669950864,0.6623154860415825,0.028511025745523083,0.07190159011280946,0.0
baseline,valid,rate__text__r0p30__random__medium,rate,text,0.3,random,medium,0.586996336996337,0.018750545081907728,0.5733546034518068,0.006368209859967873,0.6384938911866608,0.017365564848241873,0.8576049955926451,0.02599358946320413,0.5837182567193003,0.02461387874087424,0.6072619014788287,0.01608210173644762,0.45453688782447504,0.02970453757102448,0.6582650210521162,0.03355626620962023,0.1071112308936203,0.0
baseline,valid,rate__text__r0p40__random__medium,rate,text,0.4,random,medium,0.5485347985347985,0.02556323233005099,0.5371283848020038,0.015336366814940397,0.6460770781475184,0.013069335248409078,0.8777951100243531,0.019618836972637225,0.5580554858754102,0.009312959891411869,0.5540632207298873,0.02459688139471912,0.4357825967935251,0.015328211537479867,0.621539336882599,0.038802318755667475,0.14355292034035344,0.0
baseline,valid,rate__vision__r0p10__random__medium,rate,vision,0.1,random,medium,0.6291208791208791,0.013246773023341988,0.610341847344792,0.004315900029295022,0.5780117948046603,0.007938362989900099,0.7745712338838798,0.014813753402627477,0.6824418963059001,0.0035763033378235867,0.6686677170539971,0.02192121219121362,0.458809961222114,0.020396656456024977,0.703547863758265,0.017232303643895552,0.03141724098101875,0.0
baseline,valid,rate__vision__r0p20__random__medium,rate,vision,0.2,random,medium,0.6286630036630036,0.011437725271791961,0.6102497215031528,0.003747526320629516,0.5778564673715404,0.008023501650873597,0.7744188852462971,0.014944244117767716,0.6825498983805066,0.0036434456187887316,0.6688076849630219,0.018764508470365097,0.4600005219286402,0.022502584454531335,0.7019409576177962,0.015494749721384163,0.06269972663920224,0.0
baseline,valid,rate__vision__r0p30__random__medium,rate,vision,0.3,random,medium,0.6272893772893773,0.01110288979210815,0.6089026759831567,0.0016936671622570499,0.5778110043807535,0.008070948346003057,0.7746232889854063,0.014589674948683589,0.6822293324657225,0.003011003401039143,0.6693602919560845,0.01919226364013409,0.456748489408315,0.020238666017645186,0.7005992465850707,0.015839825933991365,0.09334693720401956,0.0
baseline,valid,rate__vision__r0p40__random__medium,rate,vision,0.4,random,medium,0.6268315018315018,0.014297156589739934,0.6088722639540457,0.00664266505260218,0.5783000568924949,0.007668819687511168,0.7753131050829826,0.013892482439966415,0.6816425308855486,0.00318225897550744,0.6676084073514185,0.02083528195964545,0.4594308154327977,0.015446740312674666,0.6995775690779213,0.017776729073953747,0.12447541677896277,0.0
robust,test,ablation__audio+vision__r1p00__random__long,ablation,audio+vision,1.0,random,long,0.6923429619440623,0.00210113511919111,0.6457621030575844,0.0142396275918685,0.6178446054144334,0.008030347995426176,0.8455077643680274,0.004285050330189351,0.6883734429717793,0.0026140074836397474,0.6959090350715558,0.009448381961941123,0.4618903178270684,0.03775021007336289,0.7794869562741288,0.0019724338934505948,0.6409648004706344,0.0
robust,test,ablation__audio__r1p00__random__long,ablation,audio,1.0,random,long,0.6886749197615772,0.007575750408921736,0.6397182307251512,0.014336221120528467,0.6097580700107551,0.007081918096338437,0.8351420166492027,0.004113545130257516,0.6957563991455528,0.003427389329118643,0.6985106581324533,0.012168212696020492,0.4452626900966101,0.03846240606121474,0.77538134394639,0.010867103530048132,0.33052260025492697,0.0
robust,test,ablation__complete__r0p00__none__none,ablation,,0.0,none,none,0.6932599724896836,0.010743121975112294,0.643691439626722,0.02084060906665549,0.6076313456488839,0.007170068804159933,0.8319725104707464,0.0031077646530464752,0.6978337658023249,0.0022868040715614333,0.7036941465066603,0.016550822789056202,0.44883673219583936,0.054544230966717795,0.7785434401776666,0.011125976504406138,0.0,0.0
robust,test,ablation__text+audio+vision__r1p00__random__long,ablation,text+audio+vision,1.0,random,long,0.21733149931224208,3.3993498887762956e-17,0.11902071563088512,0.0,0.8857907384441006,0.0012361970051809519,1.1634181238672234,0.002917715379552017,-0.01347707196168924,0.04668594674981556,0.0,0.0,0.35706214689265536,0.0,0.0,0.0,1.0,0.0
robust,test,ablation__text+audio__r1p00__random__long,ablation,text+audio,1.0,random,long,0.3998165978908757,0.028896746917173293,0.35067575324236455,0.02872677988052952,0.8734121380543788,0.007660298257309456,1.1363842409671825,0.002995574227196525,0.21875040129925974,0.00975093401339016,0.17262334993459905,0.06627393996054771,0.3495020081869369,0.01681815654113732,0.5299019016055575,0.038060489522651814,0.6895577997842924,1.3597399555105182e-16
robust,test,ablation__text+vision__r1p00__random__long,ablation,text+vision,1.0,random,long,0.36451169188445665,0.027406958521556068,0.3246464666122056,0.03137587717731566,0.8875592525686313,0.008228577571278619,1.149887579804081,0.0032252125043124207,0.15810190470732313,0.007626293295727101,0.17081186675749713,0.09739024992284838,0.3542694636992883,0.021734598429630717,0.44885806937983136,0.07559522136526566,0.669477399745073,0.0
robust,test,ablation__text__r1p00__random__long,ablation,text,1.0,random,long,0.43603851444291614,0.028423629050580223,0.4069080097280508,0.021763300524753955,0.8729138488341969,0.0028668241717805,1.1305430963397154,0.00237664844376657,0.23752396016756458,0.005760492730019981,0.334261059067223,0.058609328791605714,0.3372920596810152,0.018885502680064878,0.549170910435914,0.0251788493301683,0.35903519952936563,0.0
robust,test,ablation__vision__r1p00__random__long,ablation,vision,1.0,random,long,0.6895919303071986,0.003176617712184982,0.6418606917959528,0.018648854060374618,0.6151016136090767,0.00806170899385171,0.8407810852773944,0.003104401919937922,0.6911874183861789,0.0016061867688360488,0.7016149542293334,0.015522213280530406,0.4490999308724127,0.047747147640885064,0.7748671902861123,0.006887405672109615,0.3104422002157074,0.0
robust,test,baseline__complete__r0p00__none__none,baseline,,0.0,none,none,0.6932599724896836,0.010743121975112294,0.643691439626722,0.02084060906665549,0.6076313456488839,0.007170068804159933,0.8319725104707464,0.0031077646530464752,0.6978337658023249,0.0022868040715614333,0.7036941465066603,0.016550822789056202,0.44883673219583936,0.054544230966717795,0.7785434401776666,0.011125976504406138,0.0,0.0
robust,test,duration__audio__r0p30__random__long,duration,audio,0.3,random,long,0.6932599724896836,0.00952985313655501,0.6439319792584676,0.01845111122334429,0.6074162822708672,0.00680860142417171,0.8313047699339194,0.003049200475901181,0.6983237746405407,0.0022846616079906547,0.7036941465066603,0.016550822789056202,0.44952036918537813,0.04657230528477105,0.7785814220833642,0.009811698413833152,0.09881360917737032,1.6996749443881478e-17
robust,test,duration__audio__r0p30__random__medium,duration,audio,0.3,random,medium,0.6955524988537368,0.009158635651278382,0.6463929843718169,0.019439426281293807,0.608249649185566,0.007063138142154149,0.8323200335850109,0.0031565199482844475,0.6974302343431642,0.0023902610342449427,0.7037106807797492,0.013381409139583769,0.45410603389038223,0.05270306471467185,0.7813622384453192,0.009940461451869942,0.09881360917737032,1.6996749443881478e-17
robust,test,duration__audio__r0p30__random__short,duration,audio,0.3,random,short,0.692801467216873,0.00794154428046255,0.6435263755846541,0.018369527051571948,0.6077826217770003,0.00699887037369666,0.8319556902571761,0.0032473766253580945,0.6977659805297245,0.00239449012476013,0.702639999858644,0.015105948879658767,0.44956999522216917,0.0489362839418274,0.7783691316731488,0.009037613949124633,0.09881360917737032,1.6996749443881478e-17
robust,test,duration__text__r0p30__random__long,duration,text,0.3,random,long,0.6584135717560752,0.012328592076798511,0.6153305599092338,0.014718982789654946,0.671110989963179,0.018390778807139845,0.918783916768921,0.014968034450149463,0.6116433537711597,0.016416295845302093,0.6398692371635015,0.019066389860928568,0.453822836782334,0.02684825359190871,0.7522996057818659,0.0068358436046209985,0.10753995489753898,0.0
robust,test,duration__text__r0p30__random__medium,duration,text,0.3,random,medium,0.640990371389271,0.00687757909215958,0.5921868731454144,0.006674760725395285,0.6821785262631699,0.010812834324887466,0.9306948647985691,0.01866892303502525,0.5983384906726879,0.019209881093938175,0.6427265189205488,0.010631551794901464,0.4006954712393724,0.021957021117319692,0.7331386292763221,0.014180136762547304,0.10753995489753898,0.0
robust,test,duration__text__r0p30__random__short,duration,text,0.3,random,short,0.6423658872077029,0.01667724298897132,0.5955484047637195,0.029886857886661813,0.6880738204234081,0.02867407950404986,0.9339977874573085,0.03637755703281485,0.5910170981397328,0.04190016018897769,0.6246527777777778,0.04360508406690077,0.42373772301927465,0.04892732834546084,0.7382547134941063,0.007915676990894054,0.10753995489753898,0.0
robust,test,duration__vision__r0p30__random__long,duration,vision,0.3,random,long,0.6932599724896836,0.010743121975112294,0.6437397751321914,0.021430754127799066,0.6078987402247042,0.007133496927256556,0.8322991881940918,0.0033814423031429987,0.6975633554925272,0.002480162656041448,0.7036941465066603,0.016550822789056202,0.4492687859339484,0.05472875105561414,0.7782563929559657,0.010253598556099279,0.09283263065006374,0.0
robust,test,duration__vision__r0p30__random__medium,duration,vision,0.3,random,medium,0.6932599724896836,0.010743121975112294,0.643691439626722,0.02084060906665549,0.6076236289320791,0.007209115084224218,0.8322028716711709,0.003100348500264874,0.6976547298778483,0.0022455874262049475,0.7036941465066603,0.016550822789056202,0.44883673219583936,0.054544230966717795,0.7785434401776666,0.011125976504406138,0.09283263065006374,0.0
robust,test,duration__vision__r0p30__random__short,duration,vision,0.3,random,short,0.6914259513984411,0.01041523768143105,0.6414364643158851,0.021851097083933055,0.6077971610085632,0.007236317408074581,0.832456851804427,0.003214021334771586,0.6974610687939781,0.0023231619862160175,0.7036941465066603,0.016550822789056202,0.44379018753453486,0.05607327376231181,0.7768250589064601,0.00965749171594598,0.09283263065006374,0.0
robust,test,position__audio__r0p30__middle__medium,position,audio,0.3,middle,medium,0.6918844566712518,0.007147389852416321,0.6420343315620485,0.018496219976181363,0.6079318512727304,0.0073342146883075615,0.8322620523073655,0.0034141256844259804,0.6975555491651972,0.0025634412998968618,0.7026113099468008,0.01733336509467944,0.4461780708632029,0.05043026804859507,0.7773136138761415,0.009559476685610278,0.09881360917737032,1.6996749443881478e-17
robust,test,position__audio__r0p30__prefix__medium,position,audio,0.3,prefix,medium,0.6941769830353048,0.010415237681431025,0.6451793409204726,0.02066507016930879,0.6071113265810832,0.006770173902844515,0.8313196583925911,0.003069612177256999,0.6981149948100963,0.002231928742244744,0.7047648274277657,0.014880060143983959,0.4517445102757364,0.05532660250324571,0.779028685057916,0.01108517369129771,0.09881360917737032,1.6996749443881478e-17
robust,test,position__audio__r0p30__random__medium,position,audio,0.3,random,medium,0.6946354883081156,0.008366936080190106,0.6451278571440172,0.018394612928535104,0.6078117058886978,0.007138561362223505,0.8319620372502307,0.0032832482374879836,0.6977519856291271,0.0024312689281002983,0.7036872521992136,0.01551667730196914,0.45171962443800223,0.05040139688665475,0.7799766947948358,0.009857940881373883,0.09881360917737032,1.6996749443881478e-17
robust,test,position__audio__r0p30__suffix__medium,position,audio,0.3,suffix,medium,0.692801467216873,0.00794154428046255,0.643331723194967,0.017178365387454337,0.6080677832221867,0.00724469297082255,0.8323008626108713,0.0029478539568778706,0.6975175248481876,0.002307410536727881,0.7005160120715738,0.012501182650049524,0.44996364958197016,0.04684720325279077,0.7795155079313569,0.00780660056308397,0.09881360917737032,1.6996749443881478e-17
robust,test,position__text__r0p30__middle__medium,position,text,0.3,middle,medium,0.6464924346629987,0.007278545560012646,0.6028804624173821,0.016463917659781443,0.6700399028519932,0.005957367112408936,0.9085858506410288,0.0014001615638452858,0.6223021479970331,0.0008641928112935627,0.6419620150758546,0.011471649787137567,0.4293700142360733,0.04622165947426129,0.737309357940219,0.012850290352326323,0.10753995489753898,0.0
robust,test,position__text__r0p30__prefix__medium,position,text,0.3,prefix,medium,0.6717102246675837,0.002863364510957582,0.612437646212816,0.015560127605910542,0.6396622116011744,0.008848249368122446,0.8697218687019781,0.009538048423149226,0.6602143624966667,0.009363173728462201,0.67788700808297,0.0241143646134143,0.3956395728880684,0.044167747587528734,0.7637863576674099,0.014897039210480042,0.10753995489753898,0.0
robust,test,position__text__r0p30__random__medium,position,text,0.3,random,medium,0.6391563502980285,0.012328592076798447,0.5946487786807454,0.024028878166623836,0.6880483911908627,0.00686879726669849,0.9266690604277246,0.0022614576371740506,0.6012060330595959,0.0030777672718931394,0.6443583059123571,0.028361268731058202,0.40783257927781036,0.06580618088847298,0.7317554508520684,0.01324382230580098,0.10753995489753898,0.0
robust,test,position__text__r0p30__suffix__medium,position,text,0.3,suffix,medium,0.6189821182943605,0.01562285652214652,0.5742366501668711,0.015387211923237278,0.7116679771137601,0.01846276309020872,0.9614815061587721,0.021008670128296512,0.5595261930737827,0.027022691955200528,0.5977395004724703,0.030479827411679757,0.41268375607356567,0.042048352989937005,0.7122866939545776,0.02376630965431364,0.10753995489753898,0.0
robust,test,position__vision__r0p30__middle__medium,position,vision,0.3,middle,medium,0.692801467216873,0.011698625238122961,0.643237466968917,0.02039595463846499,0.607972072947263,0.007380491767081684,0.8324227562140357,0.0036899540111437696,0.6975281537209715,0.002710219934554496,0.702639999858644,0.015105948879658767,0.44888849705865663,0.05371821900116052,0.7781839039894504,0.012920727643016796,0.09283263065006374,0.0
robust,test,position__vision__r0p30__prefix__medium,position,vision,0.3,prefix,medium,0.6918844566712518,0.009628610729023355,0.6430972015912287,0.018105164543257477,0.6070877132332657,0.007166862021285086,0.8313817285553023,0.003050112520422604,0.6981855604286151,0.002209490805767591,0.7036941465066603,0.016550822789056202,0.4485313911770896,0.046454576047441624,0.7770660670899362,0.011055066041742913,0.09283263065006374,0.0
robust,test,position__vision__r0p30__random__medium,position,vision,0.3,random,medium,0.6955524988537368,0.008059787176179245,0.6467630451776566,0.017099410872073593,0.607732740879496,0.006962901429031339,0.8324147735516457,0.0029631962283116643,0.6974787661212716,0.002142349423687781,0.7048298612638394,0.015773332631454806,0.45553245088970146,0.04518708739835522,0.7799268233794288,0.01122898593276319,0.09283263065006374,0.0
robust,test,position__vision__r0p30__suffix__medium,position,vision,0.3,suffix,medium,0.692801467216873,0.006785258407587678,0.6432673181711913,0.018849450651186872,0.608048840751295,0.007433798898301373,0.8326301462165274,0.0030327191552513085,0.697234469619883,0.0021699198894648873,0.7037084909493151,0.017587501441863995,0.44807310974047104,0.05034553200992895,0.7780203538237878,0.009006422010322554,0.09283263065006374,0.0
robust,test,rate__audio+vision__r0p10__random__medium,rate,audio+vision,0.1,random,medium,0.6937184777624942,0.009950726462269924,0.6437834144235999,0.0209430928551953,0.607835360434622,0.007151637838873864,0.8320867142513361,0.003002580698030659,0.6977284302782069,0.002183056976389759,0.7047413988472299,0.016828411847230457,0.44783878450394693,0.05497333308126061,0.7787700599196228,0.010172738306926395,0.06439847043827826,0.0
robust,test,rate__audio+vision__r0p20__random__medium,rate,audio+vision,0.2,random,medium,0.6923429619440623,0.00873569870850878,0.6429431669118001,0.01956860495575164,0.60778090120701,0.007286278900584961,0.8318958107762914,0.003207108429572254,0.6978565025038238,0.002363251827636591,0.7036941465066603,0.016550822789056202,0.44766694009330754,0.051457247212417755,0.7774684141354321,0.009827308539071608,0.12918913618982253,0.0
robust,test,rate__audio+vision__r0p30__random__medium,rate,audio+vision,0.3,random,medium,0.6932599724896836,0.00952985313655501,0.6443243362915987,0.01909172597419049,0.6073285194078836,0.007514496404425181,0.8321109338898536,0.003361141806374338,0.6976527335155144,0.0024923332794486823,0.702639999858644,0.015105948879658767,0.4516037639395474,0.04987634589601425,0.7787292450766046,0.009717419112371733,0.19164623982743403,3.3993498887762956e-17
robust,test,rate__audio+vision__r0p40__random__medium,rate,audio+vision,0.4,random,medium,0.6914259513984411,0.004830652798190187,0.6422019699633417,0.014630489647521422,0.6075657808317101,0.007132650792856055,0.8324900608221003,0.00311913474838376,0.6972799642633977,0.0023283267734406426,0.7038044550509571,0.01606429155319446,0.44628251079863984,0.0405583241894654,0.776518944040428,0.01119385861668745,0.2562604176880086,0.0
robust,test,rate__audio__r0p10__random__medium,rate,audio,0.1,random,medium,0.6932599724896836,0.00952985313655501,0.6432500675730736,0.0205724537214605,0.6077198783744507,0.007273575238877661,0.8320991292812908,0.0031562781826009116,0.6977045604464096,0.0023317795417058147,0.7036941465066603,0.016550822789056202,0.44731308356936755,0.054136641406283145,0.778742972643193,0.010046451281387848,0.033218943033630745,0.0
robust,test,rate__audio__r0p20__random__medium,rate,audio,0.2,random,medium,0.6923429619440623,0.00873569870850878,0.6425190579058299,0.019747259798097064,0.607833571045402,0.007156951973144842,0.8320918535204843,0.0032165131364535584,0.6976887744910084,0.002389967624246506,0.7036941465066603,0.016550822789056202,0.4462159363167224,0.05190602801367977,0.7776470908941064,0.010136470030770268,0.0666339837238945,0.0
robust,test,rate__audio__r0p30__random__medium,rate,audio,0.3,random,medium,0.6914259513984411,0.00794154428046255,0.6420606228666664,0.018842708463577627,0.6074932484167165,0.007532599885564381,0.8316750493735455,0.003564129609432979,0.6979779570053631,0.0026687403115468428,0.702639999858644,0.015105948879658767,0.44658776285592455,0.05077241914748165,0.7769541058854307,0.008937531322207997,0.09881360917737032,1.6996749443881478e-17
robust,test,rate__audio__r0p40__random__medium,rate,audio,0.4,random,medium,0.692801467216873,0.006202544364268067,0.642838455419005,0.019395061081452246,0.6077283067869578,0.007182550708151584,0.8317932987202571,0.003143104553646337,0.6978757490370655,0.002383587085866864,0.7036872521992136,0.01551667730196914,0.4465295908639657,0.05168615051881623,0.7782985231938353,0.005567456896150703,0.1321698205706442,0.0
robust,test,rate__text+audio+vision__r0p10__random__medium,rate,text+audio+vision,0.1,random,medium,0.6726272352132049,0.0122258520183158,0.6236105822082246,0.021073753038994204,0.6427074935221476,0.020499311080742846,0.8756164813694438,0.026109220744561824,0.6562839024613797,0.02544056602323397,0.6744922194922194,0.014093390152208556,0.43623016615717347,0.05055077239884306,0.7601093609752811,0.011155137299044155,0.10053926855574076,0.0
robust,test,rate__text+audio+vision__r0p20__random__medium,rate,text+audio+vision,0.2,random,medium,0.6579550664832645,0.01867529743642028,0.6076818822893958,0.001875059752997973,0.6596702753332627,0.005013978144364333,0.8939827913315179,0.009516761738708966,0.6375137116748933,0.008781067439907994,0.6546772648536133,0.01888291364919974,0.41516373934089995,0.042100872426863396,0.7532046426736745,0.025744739640133834,0.20092165898617512,0.0
robust,test,rate__text+audio+vision__r0p30__random__medium,rate,text+audio+vision,0.3,random,medium,0.6497019715726732,0.01611957435235849,0.6056314192784655,0.0030989054837663524,0.6733440619311349,0.016097426725397154,0.9152833193355395,0.02880518946761856,0.6133976717797326,0.029611159520626058,0.6363406214039126,0.023670894467401345,0.43508082749364196,0.03978225088051233,0.7454728089378421,0.022563567127140367,0.29918619472497304,0.0
robust,test,rate__text+audio+vision__r0p40__random__medium,rate,text+audio+vision,0.4,random,medium,0.6263182026593306,0.011118161992647493,0.5858867004824282,0.022184722535155056,0.6949676938490761,0.016868061487564232,0.9440816276590539,0.023200484293955374,0.5805717219311309,0.02573569152130536,0.6499522255095539,0.014586187921797071,0.39484963622412667,0.04647090187270681,0.7128582397136042,0.006628988189919591,0.3999019511716835,0.0
robust,test,rate__text+audio__r0p10__random__medium,rate,text+audio,0.1,random,medium,0.671251719394773,0.01260681071514671,0.6215814866982768,0.02412123631270215,0.6369222901690647,0.011516817312705124,0.8706171661918466,0.010301784099656262,0.6613993856464836,0.009285442600425345,0.6781312142154987,0.02518797765433023,0.4260497397339503,0.04890850768796124,0.7605635061453816,0.010184354139943803,0.06935974115109324,0.0
robust,test,rate__text+audio__r0p20__random__medium,rate,text+audio,0.2,random,medium,0.6597890875745072,0.011453458043830186,0.6138736716775682,0.012233886327220974,0.6563676615317807,0.011599646938427808,0.895562819923739,0.01725886092672962,0.6354755297507632,0.01635885662847861,0.6756354165912016,0.004863701271604684,0.4210337671494655,0.027696276689258538,0.7449518312920375,0.009594553270686422,0.1383665065202471,0.0
robust,test,rate__text+audio__r0p30__random__medium,rate,text+audio,0.3,random,medium,0.6428243924805135,0.0031766177121850462,0.5937918245844885,0.0166902165499608,0.6727024156776168,0.0024902689561571057,0.9171499590103415,0.003276659323937777,0.6127751309240352,0.0030601211155570924,0.6526437381713763,0.012517151321369926,0.3914300737748682,0.05817677006348928,0.7373016618072209,0.014279796379554194,0.20635356407490932,0.0
robust,test,rate__text+audio__r0p40__random__medium,rate,text+audio,0.4,random,medium,0.620816139385603,0.03125580369950345,0.5769936443820006,0.02440607670649809,0.7050630026059256,0.018995917585123038,0.9584844348127174,0.030998632727785407,0.5633669741266626,0.0364149208998469,0.6195448642074708,0.03880950443621002,0.39529705644745006,0.03978605853977451,0.7161390124910813,0.027653862056765684,0.27581135405431906,0.0
robust,test,rate__text+vision__r0p10__random__medium,rate,text+vision,0.1,random,medium,0.6721687299403943,0.006923277794837885,0.618669040654515,0.01025567175985997,0.6297404597744393,0.006149289912452374,0.8561594959731348,0.003328605317384308,0.6746662021780825,0.002623343604020324,0.6838720128125658,0.007848255714280548,0.40856998539018113,0.040105380016451087,0.763565123760798,0.016584856134849096,0.06732032552211001,0.0
robust,test,rate__text+vision__r0p20__random__medium,rate,text+vision,0.2,random,medium,0.6565795506648326,0.016410389883698605,0.6068955849240233,0.02443343717513936,0.6651923574920588,0.0070572565896515485,0.9045506672399518,0.003254872352520802,0.6267360629764512,0.0034557825801491524,0.6548844335522443,0.00945900904591293,0.4144556443826517,0.06587988490586105,0.7513466768371737,0.016728385243796596,0.1342876752622806,0.0
robust,test,rate__text+vision__r0p30__random__medium,rate,text+vision,0.3,random,medium,0.6483264557542412,0.009758732991193373,0.6041335959988019,0.019946755492091135,0.6826577618050292,0.02219259313386836,0.9303249801457677,0.030771714153467744,0.5985857055925651,0.031324917506303694,0.6364728694862473,0.02174191643859992,0.4356073575532684,0.036636827052999824,0.74032056095689,0.008104034372766222,0.2003725855476027,0.0
robust,test,rate__text+vision__r0p40__random__medium,rate,text+vision,0.4,random,medium,0.6231086657496561,0.01586322227602585,0.5779573814924651,0.01783507732061769,0.711001622023856,0.02126490020427657,0.9579388868003876,0.02864138784822676,0.5656705007979391,0.0303257588834395,0.6016799920779462,0.02751384770940561,0.4058242914933876,0.03252779280885679,0.7263678609060616,0.018899837063775328,0.26773213060103934,0.0
robust,test,rate__text__r0p10__random__medium,rate,text,0.1,random,medium,0.6744612563044475,0.011698625238122961,0.621170292260406,0.014201287935955898,0.6363330065818903,0.005136474644688884,0.8666820279206252,0.014070290280277774,0.6650669756695343,0.012581372226795505,0.6792598629599444,0.006260454696733193,0.4157466929913714,0.041758450980180606,0.7685043208299023,0.017135837229049437,0.03614079811746249,0.0
robust,test,rate__text__r0p20__random__medium,rate,text,0.2,random,medium,0.6629986244841816,0.01860763309280425,0.6120307184669294,0.00998851117308163,0.6576260897505589,0.00401959420041728,0.8878455482696284,0.014893832768608166,0.6433994381003378,0.014219432773450379,0.6607020229187276,0.02492269565198361,0.41936757521821555,0.03403714730333055,0.7560225572638449,0.021499659271532152,0.07173252279635259,0.0
robust,test,rate__text__r0p30__random__medium,rate,text,0.3,random,medium,0.6478679504814305,0.023139757690867582,0.6047193287582077,0.02273140553677417,0.6790268464809892,0.013552152424329734,0.92434560083556,0.017480837212219557,0.60511373370139,0.01734818255325898,0.6378814372776023,0.033241417871607226,0.43974867957638103,0.03955274245371261,0.7365278694206397,0.019411620488814677,0.10753995489753898,0.0
robust,test,rate__text__r0p40__random__medium,rate,text,0.4,random,medium,0.6070609812012838,0.015088934132878809,0.5612579913625813,0.00980225183845549,0.7036218879465143,0.008355652830743146,0.9541832678612222,0.014917179550659616,0.568858339226047,0.016589976473473465,0.6106995884773663,0.005702224880885115,0.3651413761111037,0.03394593881415565,0.7079330094992735,0.0188052342066573,0.14364153348367487,0.0
robust,test,rate__vision__r0p10__random__medium,rate,vision,0.1,random,medium,0.6937184777624942,0.011118161992647533,0.6440539382456419,0.021414850957564468,0.6074744859588209,0.0073882065227500494,0.8319061287401951,0.003320681337321339,0.6979004564470891,0.0024520885139746873,0.7036941465066603,0.016550822789056202,0.44936243313041874,0.05535306304569483,0.7791052350998466,0.010745166079660239,0.031179527404647512,4.2491873609703695e-18
robust,test,rate__vision__r0p20__random__medium,rate,vision,0.2,random,medium,0.6946354883081155,0.010743121975112322,0.6447529332789933,0.020876589224772826,0.6078033460656856,0.007416546499223151,0.8322624302923346,0.0034582722845725314,0.6976152457802282,0.0025343454441340606,0.7036941465066603,0.016550822789056202,0.4504127870779495,0.054613233299363254,0.7801518662523703,0.011066637743858226,0.06255515246592804,0.0
robust,test,rate__vision__r0p30__random__medium,rate,vision,0.3,random,medium,0.692801467216873,0.010415237681431027,0.6424924029114057,0.02188616621970295,0.6078610404414636,0.007427097729061337,0.8323464128249407,0.003779545663503739,0.6975293807346831,0.002818342394761342,0.7036941465066603,0.016550822789056202,0.44534732678973105,0.056133530791004166,0.7784357354378256,0.009602733801461196,0.09283263065006374,0.0
robust,test,rate__vision__r0p40__random__medium,rate,vision,0.4,random,medium,0.692801467216873,0.00794154428046255,0.6430635763431151,0.01878021103502437,0.6083131769743776,0.007123099682808719,0.8328118958050056,0.003393619696483118,0.6971250967613508,0.002467958331411956,0.702639999858644,0.015105948879658767,0.4476290746397881,0.049969884037530964,0.7789216545309129,0.008559325612915683,0.12409059711736443,1.6996749443881478e-17
robust,valid,ablation__audio+vision__r1p00__random__long,ablation,audio+vision,1.0,random,long,0.6341575091575091,0.006913767797867021,0.605363350858623,0.009166116234292025,0.5794507304207343,0.010356749384722747,0.7807122941980831,0.0065829028727821,0.67484634123027,0.005751734552699865,0.6740433334944614,0.009464008867496099,0.4287427031528665,0.033925983863931745,0.7133040159285414,0.006670351348521774,0.6413968351749895,0.0
robust,valid,ablation__audio__r1p00__random__long,ablation,audio,1.0,random,long,0.6428571428571429,0.0013736263736263687,0.6130335509250449,0.00917210829478194,0.568664535192684,0.011158076803413762,0.7664250795895934,0.008560278938465702,0.6852241239840602,0.0081754185940284,0.6785288592425293,0.008869133386486573,0.4375828732242546,0.029252312080095124,0.7229889203083508,0.0020806461567566908,0.3296885226966465,0.0
robust,valid,ablation__complete__r0p00__none__none,ablation,,0.0,none,none,0.6446886446886446,0.005551444896054134,0.613783717186923,0.01336005077544354,0.5674939266663562,0.011089984086889737,0.7636189759359876,0.00871334094729264,0.6863358912348926,0.007923216575340411,0.6790654302440036,0.0051587377234646,0.43751966571370554,0.033939710853610444,0.7247660556030601,0.0028790283681698003,0.0,0.0
robust,valid,ablation__text+audio+vision__r1p00__random__long,ablation,text+audio+vision,1.0,random,long,0.25274725274725274,0.0,0.13450292397660818,0.0,0.7716497086950547,0.0009099092137591528,1.052032718929599,0.003759524639706488,0.005808082901299408,0.020119789359245206,0.0,0.0,0.40350877192982454,0.0,0.0,0.0,1.0,0.0
robust,valid,ablation__text+audio__r1p00__random__long,ablation,text+audio,1.0,random,long,0.3850732600732601,0.034541537019308226,0.3410443793707813,0.0458707979219584,0.7684101189504592,0.006973177627492825,1.0264892149388896,0.006599147759761242,0.24590109522763656,0.00669246595710213,0.1578032047654638,0.08645468183694847,0.4019307106741808,0.006264286513737018,0.46339922267269934,0.05787439639763047,0.6882916875216573,1.3597399555105182e-16
robust,valid,ablation__text+vision__r1p00__random__long,ablation,text+vision,1.0,random,long,0.3429487179487179,0.01531660135867924,0.3023217519694675,0.027502503571054715,0.7829348308242339,0.006649671302965466,1.0518019264612306,0.006819371442876167,0.06739619700508283,0.023719876772073403,0.1349612022257762,0.10201371797896573,0.3755164393672937,0.021856030321141955,0.3964876143153326,0.07540121118258462,0.6703114773033535,0.0
robust,valid,ablation__text__r1p00__random__long,ablation,text,1.0,random,long,0.41712454212454214,0.012689016905266488,0.4079248107186711,0.010488620236640283,0.7705580170105141,0.003962714364197716,1.028269886700475,0.0022130455875830775,0.22620863914192346,0.019757400484243178,0.3509485556758245,0.01458101978943811,0.38734533291141005,0.00904051421015129,0.48548054356877884,0.029187695024841476,0.3586031648250106,0.0
robust,valid,ablation__vision__r1p00__random__long,ablation,vision,1.0,random,long,0.6314102564102564,0.007565344158360003,0.6000109160471888,0.01166229794470588,0.5770094841454287,0.010364597453053124,0.7762337255185358,0.007165765007035263,0.6767647709896999,0.005805734451606258,0.6757002144334893,0.004220447014232884,0.41247920635905994,0.03780959504622857,0.7118533273490172,0.006976118977425776,0.3117083124783429,0.0
robust,valid,baseline__complete__r0p00__none__none,baseline,,0.0,none,none,0.6446886446886446,0.005551444896054134,0.613783717186923,0.01336005077544354,0.5674939266663562,0.011089984086889737,0.7636189759359876,0.00871334094729264,0.6863358912348926,0.007923216575340411,0.6790654302440036,0.0051587377234646,0.43751966571370554,0.033939710853610444,0.7247660556030601,0.0028790283681698003,0.0,0.0
robust,valid,duration__audio__r0p30__random__long,duration,audio,0.3,random,long,0.6433150183150184,0.0015861271131583068,0.6128377741485788,0.01041967985734259,0.5668449334151217,0.010963738791657325,0.7630302750144288,0.008642642945620456,0.6867494459208796,0.007891178305098915,0.676823391272563,0.0033705351504452045,0.43881113955758305,0.029610086159117394,0.7228787916155902,0.00035630888929813844,0.09879490239864475,0.0
robust,valid,duration__audio__r0p30__random__medium,duration,audio,0.3,random,medium,0.6456043956043955,0.0049526803234395895,0.6158536408999398,0.012569733273322043,0.5678281692298464,0.010751862112504151,0.7637553115614507,0.008517236388180412,0.6860987467899861,0.007845113194370623,0.6791114235317856,0.003655608376578689,0.4435152049871683,0.03153595090898954,0.7249342941808655,0.0038538349598855564,0.09879490239864475,0.0
robust,valid,duration__audio__r0p30__random__short,duration,audio,0.3,random,short,0.6451465201465201,0.005718862635896011,0.6147456734708167,0.01390455787319197,0.5671984557708002,0.011372429766708053,0.7633532431835213,0.00879684377347696,0.6864596225573036,0.007931682204534716,0.6796459251931597,0.003975795227565013,0.4393388198824884,0.03383989383772634,0.7252522753368019,0.004064370778317309,0.09879490239864475,0.0
robust,valid,duration__text__r0p30__random__long,duration,text,0.3,random,long,0.5984432234432234,0.006775937997687129,0.5738315304724959,0.00971119452738986,0.6067709865312062,0.013857606955539859,0.8228156562268976,0.01757803863134041,0.6208674882021477,0.017365262885172216,0.6273100082047129,0.01859899740790065,0.4112611045962528,0.03383687041176391,0.6829234786165218,0.013722582069175746,0.1071112308936203,0.0
robust,valid,duration__text__r0p30__random__medium,duration,text,0.3,random,medium,0.5993589743589745,0.015621540393069587,0.5750871345548854,0.011074962140740123,0.6237146828780735,0.0024926810706603617,0.848318792988557,0.004804609482898756,0.5913450332473033,0.006666703366461766,0.6330750402996086,0.018871298612022684,0.4136050955842417,0.019632525647667914,0.6785812677808059,0.017034406227964784,0.1071112308936203,0.0
robust,valid,duration__text__r0p30__random__short,duration,text,0.3,random,short,0.5796703296703297,0.003634273778934906,0.548807825768525,0.007797260672938986,0.6226123419825683,0.008583844071177271,0.8475860804201684,0.0092133096027162,0.588423743955021,0.009424070977694272,0.5934498566545442,0.012255568021735082,0.3831106097419877,0.03761101232548307,0.6698630109090429,0.013262312804288672,0.1071112308936203,0.0
robust,valid,duration__vision__r0p30__random__long,duration,vision,0.3,random,long,0.6446886446886446,0.0052004655181321635,0.6144938553583986,0.015008518946575487,0.5673022125468116,0.011709626426814047,0.7635419061683062,0.009099538732939434,0.686306156006145,0.008303982704636507,0.679707613274411,0.005592613905776972,0.4395115486709056,0.037843405994334056,0.7242624041298793,0.00229397735961219,0.09334693720401956,0.0
robust,valid,duration__vision__r0p30__random__medium,duration,vision,0.3,random,medium,0.6456043956043955,0.0047583813394749845,0.6151641669841379,0.013898027315069925,0.5673418593841977,0.011382043605676097,0.7636690673868959,0.008888189572620475,0.6862380735896978,0.008048912029546827,0.6791351378908524,0.005351239938889525,0.4405447015859063,0.03357993960406254,0.7258126614756547,0.0036481228551047073,0.09334693720401956,0.0
robust,valid,duration__vision__r0p30__random__short,duration,vision,0.3,random,short,0.6465201465201464,0.005551444896054139,0.6165185923216776,0.014507870876363566,0.5675399144868377,0.01144732789276774,0.7637528958774477,0.008702242661775324,0.6861357288668289,0.007955087439612141,0.679707613274411,0.005592613905776972,0.444019329756792,0.03468475342607736,0.7258288339338296,0.003666351416796378,0.09334693720401956,0.0
robust,valid,position__audio__r0p30__middle__medium,position,audio,0.3,middle,medium,0.646062271062271,0.0052004655181321635,0.6159345107232369,0.012768502441199545,0.5676561355464597,0.011232094532987963,0.7637648203618644,0.00897963054934188,0.6861116875200031,0.008187916690821187,0.6808059605178413,0.0049803842665112445,0.44113363022485713,0.028979388506498387,0.7258639414270122,0.004703407806384924,0.09879490239864475,0.0
robust,valid,position__audio__r0p30__prefix__medium,position,audio,0.3,prefix,medium,0.6437728937728937,0.004824017286104774,0.6134545499508532,0.014632102888349714,0.5670792615542618,0.010969150258389689,0.7634397022602873,0.008722522186073231,0.6862940118911566,0.007870402547119893,0.6785180004274252,0.0031631943407253657,0.4380133145336708,0.036643024991840786,0.7238323348914638,0.004421262878122428,0.09879490239864475,0.0
robust,valid,position__audio__r0p30__random__medium,position,audio,0.3,random,medium,0.6433150183150182,0.0028594313179480368,0.6131595895055026,0.010863527815817169,0.5670891981277676,0.010809268031551229,0.7631858452164971,0.008743906507952936,0.6866010651895889,0.007976429008680022,0.6774038029250414,0.0020353953371811816,0.4391066955065048,0.029671407999288062,0.7229682700849617,0.0019639730762244906,0.09879490239864475,0.0
robust,valid,position__audio__r0p30__suffix__medium,position,audio,0.3,suffix,medium,0.646062271062271,0.006344508452633292,0.6149478360680597,0.014941634509970766,0.5669276636582543,0.010978307992926527,0.7628907902812986,0.00860553010132594,0.6867438376225787,0.007882494768986975,0.6779881624812356,0.0034673117505032254,0.43965225794386265,0.039192921158884474,0.7272030877790812,0.005704010572924215,0.09879490239864475,0.0
robust,valid,position__text__r0p30__middle__medium,position,text,0.3,middle,medium,0.608974358974359,0.013827535595733983,0.5853441954128905,0.007952964607394884,0.6123897953930348,0.007957355799608162,0.8239345043848378,0.01040857265471744,0.6203095623094685,0.010451254175877058,0.6302267678512729,0.005927259948672069,0.4347993669652766,0.02260187331064832,0.6910064514221221,0.015736249398178834,0.1071112308936203,0.0
robust,valid,position__text__r0p30__prefix__medium,position,text,0.3,prefix,medium,0.6291208791208791,0.008355443036123898,0.5934736711886358,0.0185115792508782,0.6037319468585057,0.008411037689384832,0.8182543789485536,0.003399868196265814,0.6233428657258177,0.005253069124509919,0.6481370221636161,0.01764028517114568,0.4180091994652528,0.044413546745406735,0.7142747919370386,0.006195795536241791,0.1071112308936203,0.0
robust,valid,position__text__r0p30__random__medium,position,text,0.3,random,medium,0.6062271062271063,0.007565344158360067,0.5804540010902742,0.0013337708185052256,0.6227366711548615,0.00789078874704293,0.8563576514600948,0.012010042059527538,0.5835553236573786,0.013153302109999876,0.6294837082507471,0.01533156516578524,0.42172171728035684,0.01898302574812371,0.6901565777397191,0.010376889909326996,0.1071112308936203,0.0
robust,valid,position__text__r0p30__suffix__medium,position,text,0.3,suffix,medium,0.565018315018315,0.01766236403112263,0.5382403596173099,0.013955940364842531,0.6434644840307185,0.01014929564767916,0.8635255949406707,0.018359826612813157,0.5613004567611116,0.02602641722343564,0.545534325419581,0.03744930813814354,0.41113133867116164,0.024800355828992503,0.6580554147611869,0.022879045705257492,0.1071112308936203,0.0
robust,valid,position__vision__r0p30__middle__medium,position,vision,0.3,middle,medium,0.6442307692307692,0.0036342737789349273,0.614111155096433,0.013096776977842827,0.5673844468227208,0.011319098275277373,0.7637143932124122,0.008592980707371401,0.6861561081538067,0.007860096627615557,0.6791335448766178,0.003584526069039766,0.4392502151012601,0.03433476279156978,0.7239497053114213,0.0024302259079399106,0.09334693720401956,0.0
robust,valid,position__vision__r0p30__prefix__medium,position,vision,0.3,prefix,medium,0.6474358974358975,0.004196497889153685,0.6170539073163642,0.013797596421378708,0.5673588572454642,0.011038237551922564,0.7635499109695627,0.008746552324385246,0.6863472271423444,0.008008312239202507,0.6785418249089484,0.003556154342857018,0.44527288327650005,0.03526306272899163,0.7273470137636444,0.0026173654037984456,0.09334693720401956,0.0
robust,valid,position__vision__r0p30__random__medium,position,vision,0.3,random,medium,0.6456043956043956,0.0027472527472527375,0.6153632893986297,0.012179814052495843,0.5673049264941398,0.010888540765985912,0.7639111346150208,0.008449214535117827,0.6859733346800193,0.007646207907257499,0.6779734015478786,0.0026085858881175045,0.4429984807565443,0.03337807481622764,0.7251179858914666,0.0018875046176998571,0.09334693720401956,0.0
robust,valid,position__vision__r0p30__suffix__medium,position,vision,0.3,suffix,medium,0.6419413919413919,0.0028594313179480368,0.612488295868355,0.012386575432155407,0.5679685439088896,0.01116235360187743,0.7640448690845753,0.008697930718080286,0.6858894812900095,0.007880164975841457,0.6762447989561776,0.003956252294021576,0.4401379736670877,0.03274284689881385,0.7210821149817995,0.0015356162788063388,0.09334693720401956,0.0
robust,valid,rate__audio+vision__r0p10__random__medium,rate,audio+vision,0.1,random,medium,0.6456043956043955,0.0049526803234395895,0.6150913444787794,0.014423905760706674,0.5675135582481637,0.010972529867907104,0.7635619439014961,0.00854090552230751,0.686332176123079,0.007790924759552668,0.6785460441580065,0.004603169189987106,0.4409086165977147,0.03619812548861771,0.7258193726806174,0.002934576613695946,0.06479805952335117,0.0
robust,valid,rate__audio+vision__r0p20__random__medium,rate,audio+vision,0.2,random,medium,0.6446886446886446,0.00482401728610477,0.6144271149535753,0.015311568372365577,0.567529693487247,0.011258990369603532,0.7636478158286821,0.008827229847383865,0.6861860149708671,0.008078436522319937,0.6797005172646315,0.004450942659427468,0.43927944154874216,0.03887061356953254,0.724301386047352,0.0028222175404228004,0.1289223424325261,0.0
robust,valid,rate__audio+vision__r0p30__random__medium,rate,audio+vision,0.3,random,medium,0.6460622710622711,0.003456883898933481,0.6165614932566802,0.01027982948155745,0.5676470986130774,0.011286874706914866,0.7639100522931216,0.008567535516504549,0.6858609087932171,0.007844270951019937,0.6802094317566415,0.0033733812943878756,0.44347393874134927,0.02783627070187251,0.7260011092720496,0.0025433872808392375,0.19214183960266432,0.0
robust,valid,rate__audio+vision__r0p40__random__medium,rate,audio+vision,0.4,random,medium,0.646978021978022,0.0027472527472527375,0.6167294838005032,0.010620051785185271,0.5673787154213802,0.010690776471350706,0.764008613292742,0.00849732350525948,0.685644564801945,0.007798060781152423,0.6785211303508869,0.004358697829125877,0.4443693753316245,0.029570533910803987,0.7272979457189983,0.0010941289323788495,0.256150617949409,0.0
robust,valid,rate__audio__r0p10__random__medium,rate,audio,0.1,random,medium,0.6442307692307692,0.0049526803234395895,0.6133456729729361,0.013319863876177646,0.5673664537921117,0.010959003939131738,0.7634449080336352,0.008642322051191625,0.6864586414609088,0.007846469706534128,0.6785460441580065,0.004603169189987106,0.4370794664783257,0.033904689815318495,0.724411508282476,0.002826228050936905,0.03338081854233242,0.0
robust,valid,rate__audio__r0p20__random__medium,rate,audio,0.2,random,medium,0.6428571428571428,0.0036342737789349273,0.6126574143598846,0.012560825708282097,0.5674810198096442,0.011072148275873364,0.76367323160867,0.008877933214826427,0.6862096579199819,0.008060267425763943,0.6785418249089484,0.003556154342857018,0.4366457398099477,0.030816442348868565,0.7227846783607575,0.003360342561060958,0.06622261579332384,0.0
robust,valid,rate__audio__r0p30__random__medium,rate,audio,0.3,random,medium,0.6469780219780219,0.005987498548819649,0.6171328006186799,0.014596326388616531,0.5668541886894912,0.011054909842444996,0.7630087111983603,0.008713641044426361,0.6867823280822617,0.007896604243734024,0.6796459251931597,0.003975795227565013,0.44546000259246665,0.03547640012260566,0.7262924740704131,0.004926276424805924,0.09879490239864475,0.0
robust,valid,rate__audio__r0p40__random__medium,rate,audio,0.4,random,medium,0.6442307692307693,0.0013736263736263687,0.6146735389753135,0.010760134651770064,0.5674483667293243,0.010728920847301319,0.7633882767116301,0.00841136196283288,0.6863225147830591,0.007773279159902433,0.6768294677614577,0.0028360387061001397,0.4434469312207059,0.031427877836755276,0.7237442179437767,0.0018416940216980627,0.13167520117044623,0.0
robust,valid,rate__text+audio+vision__r0p10__random__medium,rate,text+audio+vision,0.1,random,medium,0.6245421245421245,0.003965317782895767,0.5960813213337376,0.009823756167158346,0.5869962751972847,0.011224098407703489,0.7899718786355602,0.010118519909029873,0.656717442573759,0.010185977352423319,0.6528942436977786,0.023611536692197014,0.42848984743394686,0.025843180315363572,0.7068598728694871,0.008511883860394464,0.10093173680360375,0.0
robust,valid,rate__text+audio+vision__r0p20__random__medium,rate,text+audio+vision,0.2,random,medium,0.6108058608058609,0.008723699122370752,0.5840407789946768,0.014065318170186053,0.596662792908079,0.007300831986833711,0.80550434482595,0.0013441192607639306,0.6395983421270462,0.0029773272658823995,0.6400726473615129,0.00946954744386006,0.4202833832072201,0.048566804753910564,0.6917663064152973,0.007430269570159544,0.2008239325453355,3.3993498887762956e-17
robust,valid,rate__text+audio+vision__r0p30__random__medium,rate,text+audio+vision,0.3,random,medium,0.5938644688644689,0.01592063979003087,0.5717927944079024,0.015990176388070473,0.6150268802437214,0.009921808181134167,0.8339325500154939,0.017562051161262835,0.6068968736242643,0.019666970345872628,0.6351156455317558,0.005492500091524356,0.4090460285679814,0.04289062161068906,0.6712167091239704,0.021135444558731935,0.2992530704962846,0.0
robust,valid,rate__text+audio+vision__r0p40__random__medium,rate,text+audio+vision,0.4,random,medium,0.5810439560439561,0.010728364939432243,0.558116186891985,0.012828822221657746,0.6289276962544625,0.009385055085809944,0.857692126332053,0.011906543483608449,0.574391684348095,0.014525499661750166,0.6009125422610108,0.00123862836725085,0.40801050064638916,0.025720029284894738,0.6654255177685552,0.0119450223934325,0.39970353828976246,0.0
robust,valid,rate__text+audio__r0p10__random__medium,rate,text+audio,0.1,random,medium,0.6341575091575091,0.002098248944576842,0.606315723274126,0.007093275984496229,0.5793176619489524,0.007789825928921002,0.7782905720830556,0.009860985628165043,0.668939728779392,0.009060480712929187,0.6657620039684627,0.01640923120150462,0.4402036261264221,0.031771457410922264,0.712981539727493,0.00554040444668456,0.069514495822585,0.0
robust,valid,rate__text+audio__r0p20__random__medium,rate,text+audio,0.2,random,medium,0.6304945054945055,0.013736263736263743,0.6026786748873981,0.014503519509445341,0.5866781361170809,0.003414807408844761,0.7993704380138591,0.0013931829296756379,0.6452245828908051,0.001433238106825682,0.6580668125609724,0.010715460701265816,0.4436940789033785,0.03772826150717542,0.706275133197844,0.012412742565173997,0.13812420590613328,0.0
robust,valid,rate__text+audio__r0p30__random__medium,rate,text+audio,0.3,random,medium,0.5998168498168499,0.030167704047672363,0.5741398862362798,0.03033448796439856,0.6120929988693862,0.019707984936952198,0.8304447343469454,0.03444346715164816,0.608696660087373,0.0390388214260661,0.6111582776992899,0.06214655501365241,0.42535196205899445,0.02525077588887203,0.6859094189505552,0.02080861200185642,0.20590613329226504,0.0
robust,valid,rate__text+audio__r0p40__random__medium,rate,text+audio,0.4,random,medium,0.5700549450549451,0.01547998306261628,0.5473197939288108,0.009806866590241919,0.6415710307187794,0.014411991682294801,0.8743703950061342,0.02348639058225733,0.5554839184856947,0.027628451689269327,0.5774354701633583,0.033769292260823064,0.4110464698699993,0.0165819215214074,0.6534774417530748,0.011031999142005628,0.2752281215107997,0.0
robust,valid,rate__text+vision__r0p10__random__medium,rate,text+vision,0.1,random,medium,0.6263736263736264,0.004120879120879106,0.5988868477762397,0.013578389602290866,0.5917961257475773,0.005453359639860311,0.8031373787611734,0.012515368830101537,0.6438630626400491,0.01347592320326376,0.6554003889033493,0.006670746051276455,0.4354619359908127,0.03671430621942117,0.7057982184345573,0.0011301578099155876,0.06755091826127133,0.0
robust,valid,rate__text+vision__r0p20__random__medium,rate,text+vision,0.2,random,medium,0.6085164835164835,0.011974997097639235,0.5808055414010547,0.02245040012372789,0.594629457530876,0.01490141810705597,0.8071770562449196,0.024250618443394854,0.637891725029261,0.024320653956457144,0.6524532880793209,0.0053930684650518885,0.40843148561974313,0.05905921469272436,0.6815318505040997,0.006916507657360588,0.1346013167520117,0.0
robust,valid,rate__text+vision__r0p30__random__medium,rate,text+vision,0.3,random,medium,0.6002747252747254,0.010902821336804655,0.5738367432563378,0.010130241834746544,0.6171647673805377,0.003950100538422591,0.8399187297293751,0.00965099967315021,0.5998254029004998,0.00998976521161014,0.6269077637056105,0.00821661460002548,0.40977816751324814,0.03289969363861951,0.6848242985501548,0.013214566993300423,0.20045816809763986,0.0
robust,valid,rate__text+vision__r0p40__random__medium,rate,text+vision,0.4,random,medium,0.5801282051282052,0.009350081436200641,0.5568901015448344,0.018003617727740662,0.6452453102628213,0.01689335640007927,0.870814107667573,0.020469212878374218,0.5610242913166759,0.025784872031728655,0.5937527079824729,0.009157264633178609,0.41170904600896313,0.045989229347479926,0.6652085506430672,0.0048339946142492,0.26802833711931623,0.0
robust,valid,rate__text__r0p10__random__medium,rate,text,0.1,random,medium,0.6282051282051282,0.005718862635895949,0.5975963598192847,0.01060868064371515,0.5823521395128616,0.009868249620840385,0.7803631394153575,0.007859690607557947,0.6675048625283854,0.00696033033067955,0.6695676899451765,0.006988452481058699,0.4125605177602642,0.029363649921977514,0.7106608717524137,0.010345047043469014,0.03613367728025257,0.0
robust,valid,rate__text__r0p20__random__medium,rate,text,0.2,random,medium,0.6181318681318682,0.014472051858314208,0.5907276096716202,0.020291405974025574,0.6073322287639569,0.011485111849695948,0.8235068805409149,0.020259772991654577,0.6197155018349032,0.02285141867947039,0.6448351408362402,0.043640027369648934,0.42963508663142785,0.04412586198843322,0.697712601547193,0.005980723878253879,0.07190159011280946,0.0
robust,valid,rate__text__r0p30__random__medium,rate,text,0.3,random,medium,0.6057692307692308,0.004120879120879162,0.5833541938063033,0.005015285807547057,0.6235860641956186,0.013038442800981896,0.8424964470700349,0.02459074299771894,0.5967190756868421,0.026504029197594047,0.632118231877239,0.0035437470426494476,0.4394095927270967,0.023171982765470115,0.678534756814574,0.009048661511065967,0.1071112308936203,0.0
robust,valid,rate__text__r0p40__random__medium,rate,text,0.4,random,medium,0.5732600732600732,0.017393241678775255,0.549976369874122,0.010689135021449305,0.6386773551433883,0.0013085723054126403,0.8696473393266024,0.0070821346842394545,0.5618827418147582,0.011044520893904916,0.5832301882001968,0.020651159382847926,0.409606293908838,0.02162405643116594,0.6570926275133315,0.021480702386439645,0.14355292034035344,0.0
robust,valid,rate__vision__r0p10__random__medium,rate,vision,0.1,random,medium,0.6456043956043955,0.0047583813394749845,0.6148931549228845,0.01354554072822281,0.5674349293560507,0.011311876211268031,0.7636168914583742,0.00895928835449162,0.686315738329682,0.0081735352824239,0.6785460441580065,0.004603169189987106,0.4400629178446456,0.033381305087335764,0.7260705027660016,0.003054224152116391,0.03141724098101875,0.0
robust,valid,rate__vision__r0p20__random__medium,rate,vision,0.2,random,medium,0.646062271062271,0.005551444896054134,0.6158963944142842,0.01490157948893763,0.5673476892144798,0.011142650439915601,0.7634261263033867,0.008705499157731458,0.6864587439678873,0.007998566705576542,0.6797005172646315,0.004450942659427468,0.44246038158231543,0.03597003433892846,0.7255282843959058,0.004343368465016119,0.06269972663920224,0.0
robust,valid,rate__vision__r0p30__random__medium,rate,vision,0.3,random,medium,0.646062271062271,0.006344508452633292,0.6154361121451172,0.016233618784041854,0.5671772353334911,0.010686690333966124,0.7631887864354207,0.008401976921753476,0.686621042917484,0.007760241524721699,0.6791450678824553,0.006551918074233194,0.44108431927461167,0.03922930006779295,0.7260789492782845,0.003236192314750639,0.09334693720401956,0.0
robust,valid,rate__vision__r0p40__random__medium,rate,vision,0.4,random,medium,0.6451465201465201,0.005551444896054139,0.6148660960295893,0.014792131560270698,0.5675513771709717,0.011111393981378814,0.7641712469271162,0.008800283884998077,0.6856779980362046,0.00801815018544797,0.6779956901192804,0.004014170296446699,0.44066867677571503,0.03669331174040019,0.7259339211937726,0.003961542629509168,0.12447541677896277,0.0
robust_noaug,test,ablation__audio+vision__r1p00__random__long,ablation,audio+vision,1.0,random,long,0.6790463090325538,0.010324007564601317,0.644199084949525,0.002580746819818034,0.6211651311781649,0.010334715569542543,0.8472989574315327,0.02173699052023697,0.6930905932958012,0.012344609716812394,0.7133642524483456,0.007682507829534055,0.464188692876703,0.02571097778225676,0.7550443095235267,0.022017683646786173,0.6409648004706344,0.0
robust_noaug,test,ablation__audio__r1p00__random__long,ablation,audio,1.0,random,long,0.6845483723062816,0.009362942621119752,0.6479294684597959,0.0037428468110434015,0.6119005846603509,0.008405074488008653,0.8359436540442177,0.018737300817163512,0.7001754491108679,0.013750721022886544,0.7200401394231521,0.004115965264280075,0.4624880567928175,0.027679155757061757,0.7612602091634182,0.01806968796634963,0.33052260025492697,0.0
robust_noaug,test,ablation__complete__r0p00__none__none,ablation,,0.0,none,none,0.6895919303071985,0.010324007564601317,0.6524923351329573,0.00361671937680058,0.6093336637193788,0.006550230302381167,0.8331856970717859,0.01620319313817466,0.7019670158576594,0.013319066442421585,0.7200988725866289,0.004547516694183718,0.4709189383438575,0.01129630464999859,0.7664591944683852,0.016310234525285256,0.0,0.0
robust_noaug,test,ablation__text+audio+vision__r1p00__random__long,ablation,text+audio+vision,1.0,random,long,0.21733149931224208,3.3993498887762956e-17,0.11902071563088512,0.0,0.9165988445968626,0.01729652271751942,1.1775197844650258,0.007659997241191967,-0.02695414392337853,0.023342973374907764,0.0,0.0,0.35706214689265536,0.0,0.0,0.0,1.0,0.0
robust_noaug,test,ablation__text+audio__r1p00__random__long,ablation,text+audio,1.0,random,long,0.34387895460797796,0.031636863823933964,0.29440100041423106,0.04005554105106195,0.8903140937512358,0.013476751476566332,1.14716538208316,0.005669914764789166,0.21101853644774707,0.019217171199468936,0.09842744109498791,0.06498331687175571,0.3400349509455798,0.011620224843334557,0.4447406092021254,0.0657736684113863,0.6895577997842924,1.3597399555105182e-16
robust_noaug,test,ablation__text+vision__r1p00__random__long,ablation,text+vision,1.0,random,long,0.30949105914718017,0.03799512329280092,0.2646118520942388,0.06932535234240761,0.902944961648156,0.007396412270566375,1.1603158829246005,0.0034108867934949153,0.1429336232084121,0.016192033337439342,0.11967418546365914,0.13741210056843428,0.3635569603825777,0.009339467602496623,0.3106044104364796,0.08315288136780623,0.669477399745073,0.0
robust_noaug,test,ablation__text__r1p00__random__long,ablation,text,1.0,random,long,0.3901879871618523,0.028863990344864077,0.3704222724564312,0.030044070910428877,0.8873512688089044,0.005392576189712174,1.1408990967927766,0.0012543568031987496,0.23054048308311845,0.013019324552723931,0.27489895938234304,0.049113750996892976,0.3563306458813144,0.017027601078032466,0.48003721210563616,0.05793411229550807,0.35903519952936563,0.0
robust_noaug,test,ablation__vision__r1p00__random__long,ablation,vision,1.0,random,long,0.6817973406694177,0.012405088728536129,0.6465750260801221,0.003255142911588378,0.6178564396812822,0.009533906232011672,0.842869754335227,0.018948748821766146,0.6955046322889858,0.012253409340799798,0.7170090410894546,0.005025159234652778,0.46683171430671483,0.01531473541422798,0.7558843228441964,0.021864060987911518,0.3104422002157074,0.0
robust_noaug,test,baseline__complete__r0p00__none__none,baseline,,0.0,none,none,0.6895919303071985,0.010324007564601317,0.6524923351329573,0.00361671937680058,0.6093336637193788,0.006550230302381167,0.8331856970717859,0.01620319313817466,0.7019670158576594,0.013319066442421585,0.7200988725866289,0.004547516694183718,0.4709189383438575,0.01129630464999859,0.7664591944683852,0.016310234525285256,0.0,0.0
robust_noaug,test,duration__audio__r0p30__random__long,duration,audio,0.3,random,long,0.6905089408528199,0.00901986041857223,0.6537016107973798,0.0041229643134353625,0.6088122890528559,0.006559046762994848,0.8324755727690611,0.016313298001191162,0.7024317680726249,0.013501589059443675,0.7224495443673526,0.0012174762976139596,0.47214858627951783,0.016806965346692602,0.7665067017452687,0.01420607481536506,0.09881360917737032,1.6996749443881478e-17
robust_noaug,test,duration__audio__r0p30__random__medium,duration,audio,0.3,random,medium,0.6882164144887666,0.01032400756460126,0.6515359830622435,0.0028758259753235665,0.609860641371966,0.006087231719024671,0.8334721415721251,0.015954830688190123,0.7015739574521179,0.013108384981839498,0.7207924304877608,0.002666865393073587,0.46943724605688325,0.010151700673340978,0.7643782726420861,0.01621497913939102,0.09881360917737032,1.6996749443881478e-17
robust_noaug,test,duration__audio__r0p30__random__short,duration,audio,0.3,random,short,0.6882164144887666,0.012405088728536186,0.6513717657356487,0.004160692580710009,0.6093315978810799,0.006515877436404582,0.8330124090730323,0.01620525657391904,0.7019936836010282,0.013307311354928483,0.7200988725866289,0.004547516694183718,0.46901886781366836,0.010009488233233983,0.7649975568066484,0.01905089964281667,0.09881360917737032,1.6996749443881478e-17
robust_noaug,test,duration__text__r0p30__random__long,duration,text,0.3,random,long,0.6400733608436496,0.021412736228951144,0.6104671849698905,0.011960309353470937,0.685768579813946,0.017215656569120476,0.9324657241901458,0.014074358644162501,0.6036557406979711,0.012485457676207854,0.6318518486148543,0.020713233701214695,0.47081009041793354,0.012738596274821469,0.7287396158768836,0.03504051367433019,0.10753995489753898,0.0
robust_noaug,test,duration__text__r0p30__random__medium,duration,text,0.3,random,medium,0.6171480972031178,0.021056327378642856,0.5869726886686663,0.01345869009520411,0.6909119686293718,0.021316354722338993,0.9325782418979265,0.027912072641152422,0.6035755018656064,0.032924342978840816,0.6194414574981376,0.03332249024733043,0.43046790840303467,0.013078894271162093,0.7110087001048263,0.031834365510458346,0.10753995489753898,0.0
robust_noaug,test,duration__text__r0p30__random__short,duration,text,0.3,random,short,0.605685465382852,0.016410389883698563,0.5814928082780892,0.00905244838770625,0.7078818929924405,0.021311059548118367,0.9476101520831991,0.02334537543360578,0.5854715640789573,0.03322994799376553,0.6052129655544153,0.02221040247676322,0.4472908154593595,0.011779877113280442,0.6919746438204927,0.030712810334924817,0.10753995489753898,0.0
robust_noaug,test,duration__vision__r0p30__random__long,duration,vision,0.3,random,long,0.6886749197615772,0.010139085001144417,0.6508084468039943,0.005412806867581022,0.6095411706372501,0.006519296172405851,0.8334278157444416,0.016359690027525867,0.7017104119945388,0.013560549095237089,0.7218259883033821,0.0018286325563760138,0.4645544954977065,0.01963473259052577,0.7660448566108943,0.016690340659128666,0.09283263065006374,0.0
robust_noaug,test,duration__vision__r0p30__random__medium,duration,vision,0.3,random,medium,0.6886749197615772,0.00966130559638031,0.651204152474896,0.0038967038856625802,0.6094051473767611,0.006468311018580737,0.8333996172527143,0.016008133516155397,0.701742686088031,0.013260056119912933,0.7200988725866289,0.004547516694183718,0.46732593735459066,0.017614474190156333,0.7661876474834687,0.016250638859334855,0.09283263065006374,0.0
robust_noaug,test,duration__vision__r0p30__random__short,duration,vision,0.3,random,short,0.6891334250343878,0.01375515818431916,0.6520817266152644,0.0060490385847423314,0.6093473897133226,0.00659554704428154,0.8333823021449035,0.016181904496792906,0.7017419606124919,0.01338712685098865,0.722306731853406,0.0013048569721802621,0.4680109183782035,0.008655197782841588,0.7659275296141838,0.01967068529291143,0.09283263065006374,0.0
robust_noaug,test,position__audio__r0p30__middle__medium,position,audio,0.3,middle,medium,0.6882164144887666,0.009661305596380315,0.6506661720147827,0.0015120470917476812,0.6091997369227983,0.006350633274058187,0.8331663397506733,0.01596604747318672,0.7018302097496752,0.013131588263733198,0.7218259883033821,0.0018286325563760138,0.46533630620587146,0.01394310300309836,0.7648362215350949,0.015667948451698197,0.09881360917737032,1.6996749443881478e-17
robust_noaug,test,position__audio__r0p30__prefix__medium,position,audio,0.3,prefix,medium,0.6872994039431454,0.011453458043830186,0.6514462031574096,0.00512911078041674,0.6090059898117304,0.0065315206311347225,0.832794026217368,0.01610169318024237,0.7022315599954497,0.013345972504030376,0.7216749292986478,0.0013103431736713371,0.47000451481325795,0.012982939653907543,0.7626591653603233,0.016313628030877193,0.09881360917737032,1.6996749443881478e-17
robust_noaug,test,position__audio__r0p30__random__medium,position,audio,0.3,random,medium,0.6909674461256304,0.008404540476764526,0.6543082848224683,0.004744000556623832,0.6093345172276249,0.006422720196395874,0.8330976473879902,0.016115422794370213,0.7019100396116477,0.013264175510240433,0.7218259883033821,0.0018286325563760138,0.47459216441875407,0.01978370398437099,0.7665067017452687,0.01420607481536506,0.09881360917737032,1.6996749443881478e-17
robust_noaug,test,position__audio__r0p30__suffix__medium,position,audio,0.3,suffix,medium,0.6886749197615772,0.007575750408921736,0.6507062680417147,0.0023608783540925095,0.6101095402422833,0.006547881671700831,0.8333134376795447,0.01627009491057791,0.7016396527667448,0.013643018994670877,0.7202774474584136,0.0029840770461133353,0.4652263734271078,0.017767032378313934,0.7666149832396231,0.014545156913446544,0.09881360917737032,1.6996749443881478e-17
robust_noaug,test,position__text__r0p30__middle__medium,position,text,0.3,middle,medium,0.6368638239339752,0.01860763309280425,0.6097968188015218,0.0100982146848328,0.6797240497198525,0.01014431047365112,0.9212558006700061,0.020744201565351686,0.6144908243740405,0.02020018185784936,0.6330953900088129,0.009108715978698735,0.47311503132326377,0.013384469618479167,0.7231800350724886,0.02543866253155854,0.10753995489753898,0.0
robust_noaug,test,position__text__r0p30__prefix__medium,position,text,0.3,prefix,medium,0.6474094452086199,0.008059787176179266,0.616240133134497,0.004566359724825437,0.651011181009719,0.00398493687228879,0.8782967660180067,0.0037634929372491765,0.6619946884129941,0.004887994438446366,0.662985958692795,0.013026786279582,0.45003633432657736,0.006020882101268472,0.7356981063841186,0.006645785841970206,0.10753995489753898,0.0
robust_noaug,test,position__text__r0p30__random__medium,position,text,0.3,random,medium,0.6162310866574966,0.010743121975112357,0.5876535573239351,0.0049416074306448685,0.7011432604499568,0.006585628985884183,0.9397652486141154,0.006537392178620717,0.5935892640280088,0.00838084148654743,0.6169120677381889,0.03977302606041882,0.4381768646447086,0.006259098822025303,0.7078717395889079,0.029759219492130642,0.10753995489753898,0.0
robust_noaug,test,position__text__r0p30__suffix__medium,position,text,0.3,suffix,medium,0.5520403484640074,0.04120429516489861,0.5180776087004865,0.01234412319097294,0.7755379003597742,0.024810197657385784,1.0274699161386203,0.01615304207464263,0.5126747883650734,0.015985224885743412,0.5490605875732119,0.06422414773191225,0.37848209991067133,0.026969257305591274,0.6266901386175762,0.09511096032689179,0.10753995489753898,0.0
robust_noaug,test,position__vision__r0p30__middle__medium,position,vision,0.3,middle,medium,0.6909674461256304,0.010684255110253161,0.6541281560344933,0.005741916738172464,0.609318348061992,0.006442617947101864,0.8331935726837388,0.016114577502525342,0.7018459030660479,0.013347998600048271,0.7218259883033821,0.0018286325563760138,0.4723552875164609,0.01658544606585896,0.7682031922836366,0.01623397497220212,0.09283263065006374,0.0
robust_noaug,test,position__vision__r0p30__prefix__medium,position,vision,0.3,prefix,medium,0.6895919303071985,0.013073431847210692,0.6525787039366778,0.005307707346224232,0.609171634625365,0.006920151377175764,0.8328845565273205,0.01630909810944948,0.7022939549961974,0.013521788900256158,0.7212056547513699,0.0027405846066433956,0.47004898816305557,0.009311847485244275,0.7664814688956078,0.018884995443355646,0.09283263065006374,0.0
robust_noaug,test,position__vision__r0p30__random__medium,position,vision,0.3,random,medium,0.6891334250343878,0.009019860418572171,0.6520974928235078,0.0036729442605450834,0.6094756560491509,0.006393670885172451,0.8332945313636522,0.015970532773496846,0.7018108192975112,0.013233663365093046,0.7207179426357508,0.00352251154796538,0.4696681471589566,0.015188141486666654,0.7659063886758162,0.015353556606067827,0.09283263065006374,0.0
robust_noaug,test,position__vision__r0p30__suffix__medium,position,vision,0.3,suffix,medium,0.6854653828519028,0.007058598953847183,0.647535648715627,0.005416944361341535,0.6102679139276449,0.006564069084591895,0.8339028723984777,0.01595114690669197,0.7014188075550819,0.013165129199708865,0.7195510660663444,0.004397877843598471,0.46059457450761804,0.02284233147282807,0.7624613055729182,0.014429459795166582,0.09283263065006374,0.0
robust_noaug,test,rate__audio+vision__r0p10__random__medium,rate,audio+vision,0.1,random,medium,0.6886749197615772,0.008949665885347626,0.6509858643454461,0.0018059651217020355,0.609328133611761,0.006689126527961826,0.8331031717832268,0.01607062006539482,0.7019887608498839,0.013228652602932515,0.7212056547513699,0.0027405846066433956,0.46631132615368615,0.014186361219666424,0.765440612131282,0.014754868857181986,0.06439847043827826,0.0
robust_noaug,test,rate__audio+vision__r0p20__random__medium,rate,audio+vision,0.2,random,medium,0.6891334250343878,0.011259082217156014,0.6519328694895107,0.0020420845826898946,0.6092301477114032,0.006971413622697178,0.8328398291744428,0.01625448607192713,0.7021167409754803,0.01351666161862058,0.7201903878649812,0.0016346982731550049,0.46984090037199405,0.008782098017962685,0.7657673202315567,0.01579738111757335,0.12918913618982253,0.0
robust_noaug,test,rate__audio+vision__r0p30__random__medium,rate,audio+vision,0.3,random,medium,0.6891334250343878,0.013547259699857093,0.652100306826341,0.00767856111097446,0.6088349227859702,0.006474315459565384,0.8329567216386756,0.016185720755510145,0.7019622910522928,0.01347424993510864,0.7202629148967089,0.0004754277668276048,0.4702721741914826,0.015634658210660138,0.7657658313908314,0.01872182094254277,0.19164623982743403,3.3993498887762956e-17
robust_noaug,test,rate__audio+vision__r0p40__random__medium,rate,audio+vision,0.4,random,medium,0.6900504355800092,0.009158635651278405,0.6528853279489676,0.00460497836238921,0.6092519933637104,0.006899776797873867,0.8334247267303287,0.016030316146033483,0.7015594197029283,0.013405537613084176,0.7230381261034232,0.0005170737816068767,0.46916620563667494,0.022963934938818462,0.7664516521068047,0.015583825204558093,0.2562604176880086,0.0
robust_noaug,test,rate__audio__r0p10__random__medium,rate,audio,0.1,random,medium,0.6895919303071985,0.009661305596380315,0.6523334341504455,0.0019455778217593114,0.6094497903444451,0.006658569258025303,0.8333380977245645,0.016392279865967203,0.7018291417530813,0.013465229905164324,0.72106966895169,0.0052416443124150055,0.46978818283166107,0.010176119248378194,0.7661424506679856,0.014733354731657359,0.033218943033630745,0.0
robust_noaug,test,rate__audio__r0p20__random__medium,rate,audio,0.2,random,medium,0.6891334250343878,0.009019860418572171,0.6517276443820731,0.003394225873540408,0.609470691281238,0.006551816427137485,0.8333213907277993,0.01623762419874882,0.7017626597396623,0.013333212822661486,0.7200988725866289,0.004547516694183718,0.46898891469164466,0.01563577118720208,0.7660951458679456,0.015655798655062253,0.0666339837238945,0.0
robust_noaug,test,rate__audio__r0p30__random__medium,rate,audio,0.3,random,medium,0.6895919303071985,0.009661305596380315,0.6528684902775256,0.0014798258869546858,0.6091033365907971,0.00688537716858257,0.8328254930808664,0.01644167767729,0.7021653557912737,0.013594302665628137,0.72106966895169,0.0052416443124150055,0.4718829865830984,0.013076757590409117,0.7656528152977886,0.01667891110181168,0.09881360917737032,1.6996749443881478e-17
robust_noaug,test,rate__audio__r0p40__random__medium,rate,audio,0.4,random,medium,0.6895919303071985,0.009158635651278418,0.6530492394913451,0.0004992473404535645,0.6094786320402638,0.006390568312519997,0.8330238351662915,0.01606916750393862,0.701913942177281,0.01328623276578943,0.7206734721144232,0.0037460451869662935,0.47240620613785517,0.014132713200669163,0.7660680402217567,0.014796960515599646,0.1321698205706442,0.0
robust_noaug,test,rate__text+audio+vision__r0p10__random__medium,rate,text+audio+vision,0.1,random,medium,0.6556625401192114,0.01606077935638426,0.6213375943660563,0.006720626758896069,0.6485049965902855,0.02394908610663811,0.8776426738574025,0.0374258412634967,0.6601058566685092,0.036956836536374764,0.666805678482671,0.02163556692662689,0.45767112707630203,0.0303027566164206,0.739535977539196,0.024143750511550502,0.10053926855574076,0.0
robust_noaug,test,rate__text+audio+vision__r0p20__random__medium,rate,text+audio+vision,0.2,random,medium,0.635946813388354,0.019076243982315205,0.6046040207694299,0.011142440362755548,0.6708349877014476,0.0003511406856443646,0.9060785418635539,0.011537716261807388,0.6320571160771941,0.013738441468171035,0.6401386995236412,0.022600181660396096,0.4514953253304508,0.00553506500734991,0.7221780374541975,0.028810540165520298,0.20092165898617512,0.0
robust_noaug,test,rate__text+audio+vision__r0p30__random__medium,rate,text+audio+vision,0.3,random,medium,0.6327372764786795,0.007147389852416258,0.6081327969820346,0.005904677267022232,0.6901570664439478,0.01478981777280863,0.9379188959257716,0.03230228889639092,0.5942297465100467,0.03748308676467877,0.6272594839175952,0.03988746454383612,0.4819268352732686,0.019152323371676584,0.71521207175524,0.011645628819266009,0.29918619472497304,0.0
robust_noaug,test,rate__text+audio+vision__r0p40__random__medium,rate,text+audio+vision,0.4,random,medium,0.6038514442916093,0.01125908221715606,0.5820121604836813,0.004339536169206322,0.7083099193508912,0.01626370769969659,0.9656952179945311,0.028824810027141975,0.5635078202215819,0.03717967016105117,0.6004508137394793,0.021540020510654137,0.4542086408874037,0.01359462387718769,0.6913770268241612,0.022026189307910907,0.3999019511716835,0.0
robust_noaug,test,rate__text+audio__r0p10__random__medium,rate,text+audio,0.1,random,medium,0.664832645575424,0.019662339882981713,0.6336293214839245,0.012224142519595929,0.640750003350896,0.010341902608212323,0.8718048482477884,0.01971726838470182,0.6658129481722556,0.019321003061829923,0.6785305977148414,0.003962810396258627,0.4759708100829596,0.010821729521313717,0.7463865566539728,0.03073600075981217,0.06935974115109324,0.0
robust_noaug,test,rate__text+audio__r0p20__random__medium,rate,text+audio,0.2,random,medium,0.6276937184777625,0.006923277794837885,0.5959716729099287,0.004448907529805299,0.6700181890311508,0.009779649122901342,0.9075332324552497,0.01646148707163108,0.6295870473023792,0.019557365245810584,0.6366296124707814,0.03697153314190725,0.43406438914028916,0.014222878976484023,0.7172210171187153,0.02244237720309646,0.1383665065202471,0.0
robust_noaug,test,rate__text+audio__r0p30__random__medium,rate,text+audio,0.3,random,medium,0.6354883081155434,0.016217092328131465,0.6102619826801831,0.005706448511615941,0.6825106427584191,0.004859088414780475,0.9260008139047615,0.0062143389876827045,0.6096039222072598,0.007378676728178234,0.6468961431260899,0.013427458320797236,0.46763326226012786,0.0009526991374621515,0.7162565426543314,0.027525979755894048,0.20635356407490932,0.0
robust_noaug,test,rate__text+audio__r0p40__random__medium,rate,text+audio,0.4,random,medium,0.5914718019257222,0.0122258520183158,0.5658754881489726,0.026350992881126186,0.7237691005468984,0.009004032706108053,0.9785116448947156,0.009649916145589958,0.5436930246535105,0.011188607537785066,0.581401720642227,0.06690874784529971,0.4363880439011014,0.028482502979232542,0.6798366999035896,0.016458356692172594,0.27581135405431906,0.0
robust_noaug,test,rate__text+vision__r0p10__random__medium,rate,text+vision,0.1,random,medium,0.65474552957359,0.010384916692256852,0.619522887098679,0.007081659703292576,0.6440366747311254,0.009571674086142765,0.8769437982396432,0.012395355260200549,0.6642317898064182,0.011801739528052874,0.6827041348684327,0.0135737386264914,0.43863870790171716,0.014577141585319966,0.7372258185258872,0.017712317367452404,0.06732032552211001,0.0
robust_noaug,test,rate__text+vision__r0p20__random__medium,rate,text+vision,0.2,random,medium,0.6419073819348923,0.017952106327787154,0.6115103797194426,0.016187266070399938,0.6729905519545666,0.002335332455264666,0.9124533991999574,0.016691243318900786,0.6251911470513716,0.015481396663547644,0.6541269004011548,0.03796833127211835,0.45674687779679096,0.01852687592914661,0.7236573609603818,0.027524930210102178,0.1342876752622806,0.0
robust_noaug,test,rate__text+vision__r0p30__random__medium,rate,text+vision,0.3,random,medium,0.6102705181109582,0.005559080996323799,0.5816576048634929,0.00822524905839159,0.6938462306692829,0.0197498838124281,0.9407559660487141,0.022994949552122564,0.5922698407801958,0.02256021148414874,0.6146107358222522,0.012162990149771154,0.4283995296639178,0.030448140083507002,0.7019625491043083,0.01889899235713024,0.2003725855476027,0.0
robust_noaug,test,rate__text+vision__r0p40__random__medium,rate,text+vision,0.4,random,medium,0.587803759743237,0.02069378101127329,0.5611122033861736,0.018839650890979907,0.7278402482707298,0.03216291122503113,0.9804193048141673,0.04546293965515544,0.5452816493612831,0.05187814015041691,0.5735902295267304,0.02832641432584464,0.4244856862230862,0.029663645685504957,0.6852606944087044,0.02537292645079855,0.26773213060103934,0.0
robust_noaug,test,rate__text__r0p10__random__medium,rate,text,0.1,random,medium,0.6570380559376433,0.014050026085322853,0.6236719225237225,0.007959476568155313,0.6476221563946157,0.001385265273233371,0.8799276337686258,0.007718898038247179,0.658174054841954,0.009056835134607802,0.6685266667582517,0.02987244312248352,0.461686604413918,0.009511677809462946,0.7408024963989978,0.027854679336604283,0.03614079811746249,0.0
robust_noaug,test,rate__text__r0p20__random__medium,rate,text,0.2,random,medium,0.6341127922971115,0.006303405357573355,0.6007845085010673,0.00881281100450541,0.6683170604120287,0.005774944885130898,0.8942389641415843,0.0078385937389324,0.6413262960821283,0.008277054699915267,0.6524798888413338,0.02717737945881463,0.4277584093910624,0.019331841790008367,0.7221152272708057,0.022071995208612482,0.07173252279635259,0.0
robust_noaug,test,rate__text__r0p30__random__medium,rate,text,0.3,random,medium,0.624484181568088,0.01756141036424168,0.5965893879823073,0.013046441905489297,0.6948211039350305,0.02583667514490618,0.9440901965872329,0.03360449666327557,0.5902452839146065,0.03624940601489152,0.6251043389243248,0.0347093115442674,0.4561053844061795,0.016579721174230955,0.7085584406164176,0.025730501063332616,0.10753995489753898,0.0
robust_noaug,test,rate__text__r0p40__random__medium,rate,text,0.4,random,medium,0.5937643282897754,0.010415237681431025,0.5667896684197654,0.007055335637284744,0.7130553695987714,0.010576889265520266,0.9694279481139237,0.014249932559349277,0.5566143146930108,0.01914596265378291,0.5776778077541266,0.045442510224096996,0.4331787342878353,0.01806277501260072,0.6895124632173344,0.03891273713076465,0.14364153348367487,0.0
robust_noaug,test,rate__vision__r0p10__random__medium,rate,vision,0.1,random,medium,0.6895919303071985,0.008949665885347569,0.6524239277168321,0.00301605638270046,0.6092866889035848,0.006569907100548556,0.8331143019559719,0.016139846163839882,0.7019975426613027,0.013289078038292912,0.7200988725866289,0.004547516694183718,0.47069093360296593,0.014316811654185971,0.7664819769609017,0.015257975180830283,0.031179527404647512,4.2491873609703695e-18
robust_noaug,test,rate__vision__r0p20__random__medium,rate,vision,0.2,random,medium,0.6891334250343878,0.008253094910591452,0.6515389262583285,0.0026264562999751342,0.6094484027207806,0.00662431071197739,0.833342540367148,0.016117580259022945,0.7017900435449446,0.013293768448541153,0.7212056547513699,0.0027405846066433956,0.4672686733556299,0.017243562490034288,0.7661424506679856,0.014733354731657359,0.06255515246592804,0.0
robust_noaug,test,rate__vision__r0p30__random__medium,rate,vision,0.3,random,medium,0.6877579092159559,0.01100412654745525,0.6506601062540643,0.003644259625754357,0.609524535213788,0.0067399581864635094,0.8334979161829089,0.01653204076244469,0.7016745237250036,0.013676943349135825,0.7200988725866289,0.004547516694183718,0.46757479936239393,0.014116055372332686,0.7643066468131704,0.01795644938713513,0.09283263065006374,0.0
robust_noaug,test,rate__vision__r0p40__random__medium,rate,vision,0.4,random,medium,0.6900504355800091,0.012405088728536186,0.6530984002804651,0.005059541516681612,0.6097300568803058,0.006698383456227704,0.8337521875759478,0.016044591354949102,0.7014224095503655,0.013310870746756917,0.7206325672424154,0.0020048335014126537,0.4714608046824386,0.01284167585722809,0.7672018289165409,0.0183269041788507,0.12409059711736443,1.6996749443881478e-17
robust_noaug,valid,ablation__audio+vision__r1p00__random__long,ablation,audio+vision,1.0,random,long,0.6263736263736264,0.006294746833730527,0.6070394504166056,0.00830786508006564,0.5864836602691806,0.014471224564055241,0.7956478787051443,0.022836992663359656,0.6705215006213091,0.0075329728753899825,0.6639685659677609,0.01851522145806675,0.45584221463379065,0.028185880252474357,0.701307570648265,0.024910394178177076,0.6413968351749895,0.0
robust_noaug,valid,ablation__audio__r1p00__random__long,ablation,audio,1.0,random,long,0.6304945054945055,0.00475838133947492,0.6117680102569829,0.006338229774860009,0.5756472632759712,0.012468349808924414,0.7821942120537037,0.020273751646917318,0.6796105454500445,0.00845439997921157,0.6625873331369014,0.01559327780486837,0.4682714916556747,0.02936540073955974,0.7044452059783725,0.022656795387503776,0.3296885226966465,0.0
robust_noaug,valid,ablation__complete__r0p00__none__none,ablation,,0.0,none,none,0.6336996336996337,0.00804871603994827,0.6151736884528932,0.006099102873588971,0.5747184743533328,0.01207533508762896,0.7800680408649932,0.018836568461547985,0.6803624101343946,0.00830180110817546,0.6674621156828273,0.006649010098715654,0.4726362461782503,0.031003537538572126,0.7054227034976019,0.024173648163560033,0.0,0.0
robust_noaug,valid,ablation__text+audio+vision__r1p00__random__long,ablation,text+audio+vision,1.0,random,long,0.25274725274725274,0.0,0.13450292397660818,0.0,0.8009452394281443,0.017438317377071334,1.069410370020001,0.009168995524508254,0.011616165802598812,0.010059894679622624,0.0,0.0,0.40350877192982454,0.0,0.0,0.0,1.0,0.0
robust_noaug,valid,ablation__text+audio__r1p00__random__long,ablation,text+audio,1.0,random,long,0.3543956043956044,0.03305277311954938,0.3018146300237469,0.05543533507112263,0.7838134193074832,0.013661627228203115,1.0407780456398668,0.01048161695334902,0.23331882490995218,0.00567779196289741,0.11184354336434321,0.09519360420776721,0.408232070344777,0.0015536518933478862,0.3853682763621206,0.07267582678403722,0.6882916875216573,1.3597399555105182e-16
robust_noaug,valid,ablation__text+vision__r1p00__random__long,ablation,text+vision,1.0,random,long,0.304029304029304,0.028954966581982388,0.2453224124538308,0.06636790102752523,0.7959685886501345,0.005950102188431262,1.061947181540166,0.005334427194356199,0.05898547328233558,0.025172482542367404,0.09315652042171306,0.11206942907450133,0.4000145625941991,0.004371413690746675,0.2427961543455803,0.10014846512299583,0.6703114773033535,0.0
robust_noaug,valid,ablation__text__r1p00__random__long,ablation,text,1.0,random,long,0.38003663003663,0.024737990218388434,0.3671677127845629,0.03325577592991302,0.7838497135452176,0.008458143353141247,1.0411444499134916,0.0056231499825015055,0.211137842572619,0.021419270228243623,0.29656778558134334,0.05206915569244222,0.40297141481925564,0.005173767779252368,0.40196393795308966,0.052510487965158746,0.3586031648250106,0.0
robust_noaug,valid,ablation__vision__r1p00__random__long,ablation,vision,1.0,random,long,0.6263736263736264,0.009905360646879056,0.6070491917847022,0.004640599430427492,0.5846481198647943,0.01369197510180371,0.7919416114172172,0.021413184188753133,0.6717325590499006,0.007505746175938741,0.665115182685096,0.008706043031923233,0.4566862821669347,0.02646711653277438,0.6993461105020761,0.026440550765771963,0.3117083124783429,0.0
robust_noaug,valid,baseline__complete__r0p00__none__none,baseline,,0.0,none,none,0.6336996336996337,0.00804871603994827,0.6151736884528932,0.006099102873588971,0.5747184743533328,0.01207533508762896,0.7800680408649932,0.018836568461547985,0.6803624101343946,0.00830180110817546,0.6674621156828273,0.006649010098715654,0.4726362461782503,0.031003537538572126,0.7054227034976019,0.024173648163560033,0.0,0.0
robust_noaug,valid,duration__audio__r0p30__random__long,duration,audio,0.3,random,long,0.6323260073260073,0.006775937997687129,0.6141291988922365,0.005949246730877002,0.5740853601251302,0.011936687973343857,0.7792156824492423,0.01871166638732627,0.6809330273647819,0.008317770348882599,0.6650263540138571,0.011052762156746153,0.4732024000926139,0.02995232293178569,0.7041588425702381,0.022860863666113083,0.09879490239864475,0.0
robust_noaug,valid,duration__audio__r0p30__random__medium,duration,audio,0.3,random,medium,0.6323260073260073,0.006775937997687129,0.6144866033017745,0.00520929372745343,0.5750178167521408,0.012053299289382981,0.780228676176872,0.018505449335408437,0.6799356186407519,0.008153002984217415,0.666401389085108,0.007079266898759039,0.47337921845425285,0.029751098051723546,0.7036792023659627,0.021986908283178952,0.09879490239864475,0.0
robust_noaug,valid,duration__audio__r0p30__random__short,duration,audio,0.3,random,short,0.6318681318681318,0.008578293953843985,0.6138876438407991,0.006341613129652688,0.5744824493252724,0.012332719221843145,0.7798307240069896,0.018943758251489893,0.6804315256773421,0.008332785191903915,0.666401389085108,0.007079266898759039,0.47201397037462606,0.030007302093578787,0.7032475720626632,0.023995608815103493,0.09879490239864475,0.0
robust_noaug,valid,duration__text__r0p30__random__long,duration,text,0.3,random,long,0.5897435897435898,0.0007930635565791534,0.5795720321639583,0.010072674785866697,0.617027869112892,0.018826828503985524,0.8433498677295251,0.02466040533974944,0.6083157411783291,0.023544880713432147,0.6177524725275706,0.04607594651694788,0.4686313356182952,0.019593915663303974,0.6523322883460091,0.03198220989489111,0.1071112308936203,0.0
robust_noaug,valid,duration__text__r0p30__random__medium,duration,text,0.3,random,medium,0.5732600732600733,0.02650541325715437,0.5645309060059985,0.019093223292243215,0.6282682921123374,0.013961387054354466,0.8625668667566627,0.021494902620338586,0.5804929855055965,0.013764479622941554,0.6010944077395833,0.015676060621272952,0.4540259370339031,0.027534124331049705,0.6384723732445092,0.04587903001395784,0.1071112308936203,0.0
robust_noaug,valid,duration__text__r0p30__random__short,duration,text,0.3,random,short,0.5581501831501832,0.012983009962232395,0.543419639047186,0.024338608040100306,0.6444864201209347,0.010602353010011042,0.8830460683414477,0.027067507020244057,0.5601722803021494,0.020188549598071148,0.5526330300523848,0.05854451399069813,0.4385273906521851,0.045476410543879436,0.6390984964369884,0.01925179719552538,0.1071112308936203,0.0
robust_noaug,valid,duration__vision__r0p30__random__long,duration,vision,0.3,random,long,0.6341575091575091,0.007565344158360067,0.6162651704871168,0.0058556518681986474,0.5744583461503584,0.012324732303718233,0.7798010463087238,0.018788409595786204,0.6804556346024468,0.008615543839121529,0.6685253799039863,0.00671294348768807,0.47501585819217396,0.028365974533757367,0.7052542733651904,0.023056723220222654,0.09334693720401956,0.0
robust_noaug,valid,duration__vision__r0p30__random__medium,duration,vision,0.3,random,medium,0.6323260073260073,0.011682555697960713,0.6142396110409871,0.007476018150857939,0.5746175294806805,0.012052114191588291,0.7800919460063455,0.018748088077625416,0.680221190058996,0.008317100618515693,0.6648262061368883,0.005668322719760766,0.4730547787553006,0.02636614887351836,0.7048378482307726,0.02587400916456614,0.09334693720401956,0.0
robust_noaug,valid,duration__vision__r0p30__random__short,duration,vision,0.3,random,short,0.6327838827838828,0.007565344158360067,0.6147956320876539,0.005639246824852733,0.5747869516733092,0.012094528423202655,0.7800798116281037,0.018395868009994085,0.6801791784143552,0.008113486042863008,0.6669304835722478,0.006806312666472219,0.47320846427823177,0.03023472412686379,0.704247948412482,0.023015195222788293,0.09334693720401956,0.0
robust_noaug,valid,position__audio__r0p30__middle__medium,position,audio,0.3,middle,medium,0.6323260073260073,0.009146055107801395,0.6144631249708253,0.005416032790750524,0.5749003332092908,0.012386681968157086,0.7800213178550589,0.018987302983091554,0.6802416721906651,0.008578044966354078,0.6664051930209117,0.0059386478039153345,0.47344223072524955,0.026620211402091035,0.7035419511663145,0.024511347680766005,0.09879490239864475,0.0
robust_noaug,valid,position__audio__r0p30__prefix__medium,position,audio,0.3,prefix,medium,0.6332417582417582,0.010370651696800503,0.6157373827569691,0.008769405676658867,0.5747464324983909,0.01205489742018232,0.780048889902245,0.019032649297995648,0.6802535140871271,0.008315983084464075,0.6657241861935076,0.007687702179679509,0.47645674123527376,0.03150283439072105,0.7050312208421262,0.026884453584575134,0.09879490239864475,0.0
robust_noaug,valid,position__audio__r0p30__random__medium,position,audio,0.3,random,medium,0.6332417582417582,0.009516762678949905,0.6150660409096648,0.004232572968372894,0.5744297538889102,0.012050468071822954,0.7796542780439593,0.018840061263661063,0.6805491184982214,0.008482027834783877,0.6662456013384237,0.009279670615206646,0.4728113337612019,0.024105470257838112,0.7061411876293687,0.02531967172662982,0.09879490239864475,0.0
robust_noaug,valid,position__audio__r0p30__suffix__medium,position,audio,0.3,suffix,medium,0.6318681318681318,0.008355443036123962,0.6131052928963558,0.005237523372520061,0.5739013475183424,0.01162773687221566,0.7790259552061686,0.01817444241356338,0.6808137586799025,0.008156036260377086,0.6655579861244366,0.011094317632034646,0.46872791582375917,0.025433182703926846,0.7050299767408715,0.024524541581006976,0.09879490239864475,0.0
robust_noaug,valid,position__text__r0p30__middle__medium,position,text,0.3,middle,medium,0.5989010989010989,0.012589493667461102,0.5865560339125797,0.008716150865599464,0.6209706004560608,0.018538751453572647,0.8418081177061297,0.01742160027391744,0.6068082473957147,0.011037941567724002,0.6099332157322063,0.03848362284522205,0.47766241469011156,0.025664527068637796,0.672072471315421,0.0373301495719992,0.1071112308936203,0.0
robust_noaug,valid,position__text__r0p30__prefix__medium,position,text,0.3,prefix,medium,0.6121794871794872,0.00649150498111624,0.5975949428460309,0.0020503067906876907,0.6067358219608897,0.003150561055789574,0.8299928145010401,0.0016444244577818914,0.6142818477335253,0.003641427649194709,0.6275627425142275,0.00825574209906466,0.47730510474286386,0.01111673651999552,0.6879169812810014,0.017014784787550877,0.1071112308936203,0.0
robust_noaug,valid,position__text__r0p30__random__medium,position,text,0.3,random,medium,0.5810439560439561,0.016654334688162273,0.568088380848612,0.018894931139046212,0.6360534018830093,0.008216525768515852,0.8780361287576692,0.015354297835955438,0.5646194524403246,0.00679727858820396,0.5895406984917558,0.03093532300715763,0.46013825070938835,0.03269640870626732,0.6545861933446917,0.02871460805989041,0.1071112308936203,0.0
robust_noaug,valid,position__text__r0p30__suffix__medium,position,text,0.3,suffix,medium,0.5233516483516484,0.02180564267360931,0.4999576524018427,0.009331888918285867,0.7058078394435182,0.027689832310360905,0.9503833913435041,0.04079996669700154,0.4947677400271076,0.03463251135606351,0.5010661495472462,0.09002802925061744,0.40848491444344953,0.044491824336142266,0.5903218932148323,0.07966227015581025,0.1071112308936203,0.0
robust_noaug,valid,position__vision__r0p30__middle__medium,position,vision,0.3,middle,medium,0.63507326007326,0.0067759379976871925,0.6168822032505492,0.005631625940593445,0.5744190010926157,0.011818556206566489,0.7797527844374068,0.018193191775123366,0.6804016783599766,0.008095367938690621,0.6679898723869869,0.007493006595451774,0.47536937106215776,0.02982185893313639,0.707287366302503,0.021917723878190076,0.09334693720401956,0.0
robust_noaug,valid,position__vision__r0p30__prefix__medium,position,vision,0.3,prefix,medium,0.6346153846153846,0.007648027970920392,0.616134768494827,0.007443819178414833,0.5747843135775992,0.011859493679711276,0.7798799395190916,0.01880854061155912,0.6804714500005549,0.008496861238640173,0.6685888276519019,0.006716000072269281,0.4725879752507918,0.03296321203633427,0.707227502581787,0.02281219385483912,0.09334693720401956,0.0
robust_noaug,valid,position__vision__r0p30__random__medium,position,vision,0.3,random,medium,0.6336996336996337,0.011519913576382004,0.6161969366632075,0.006188685440262122,0.5748143951364216,0.011884692234221042,0.780190452493183,0.01840406416986817,0.6800860281898543,0.00800418261136946,0.6671708852958642,0.003962640598587631,0.4769354113510908,0.026277458615689666,0.7044845133426675,0.026124227466031012,0.09334693720401956,0.0
robust_noaug,valid,position__vision__r0p30__suffix__medium,position,vision,0.3,suffix,medium,0.63003663003663,0.009648034572209434,0.6128168558311892,0.008376761135963726,0.5753282309175494,0.012144588747521399,0.7808463692135081,0.018869747660788635,0.6798222095456988,0.008142018095442804,0.6671069195659359,0.0024915262351371758,0.4701998019570579,0.029365308790144797,0.7011438459705736,0.02413328010990894,0.09334693720401956,0.0
robust_noaug,valid,rate__audio+vision__r0p10__random__medium,rate,audio+vision,0.1,random,medium,0.6341575091575091,0.009937057881964638,0.6161396689821798,0.005571141638948623,0.5746961986431135,0.012021094841016194,0.7799845286151847,0.018614897694811977,0.680317778854579,0.008202163692819711,0.6669304835722478,0.006806312666472219,0.47563130715167395,0.02531619253349297,0.7058572162226175,0.0249261758186182,0.06479805952335117,0.0
robust_noaug,valid,rate__audio+vision__r0p20__random__medium,rate,audio+vision,0.2,random,medium,0.6341575091575091,0.008723699122370752,0.6158168796764509,0.004706507825368137,0.5745532515385416,0.012369429422819999,0.7798013273101491,0.01877398690575281,0.6804189844830351,0.0084825786297535,0.6674582402764072,0.007687874991956853,0.47396922573543193,0.030084377053769994,0.7060231730175138,0.02518247939491988,0.1289223424325261,0.0
robust_noaug,valid,rate__audio+vision__r0p30__random__medium,rate,audio+vision,0.3,random,medium,0.6318681318681318,0.007137572009212381,0.614387848067215,0.004745023543856866,0.5746848446371601,0.011848280794706532,0.7801113955166112,0.018355340610696148,0.679994467741404,0.008149643245091829,0.6664160099668561,0.0059639994136272455,0.47269838579428525,0.028415479351702157,0.7040491484405038,0.021664917637687714,0.19214183960266432,0.0
robust_noaug,valid,rate__audio+vision__r0p40__random__medium,rate,audio+vision,0.4,random,medium,0.6327838827838828,0.010491244722884272,0.6146546896584684,0.0080289956039816,0.5743896808217692,0.011524810108033542,0.7799131654879808,0.018169467620885223,0.6799921836710191,0.00814604637708378,0.6653565510916937,0.005317053129225587,0.47274178940845607,0.03215873900930802,0.7058657284752554,0.02667305108955149,0.256150617949409,0.0
robust_noaug,valid,rate__audio__r0p10__random__medium,rate,audio,0.1,random,medium,0.6341575091575091,0.007565344158360067,0.616033730154691,0.005227051975263778,0.5746004573221322,0.012025495788098587,0.7799087163356014,0.018830205949723886,0.6804558709480051,0.008277894679312113,0.6679898723869867,0.007493006595451783,0.4745834178307911,0.029364155765011075,0.7055279002462953,0.023437721390476337,0.03338081854233242,0.0
robust_noaug,valid,rate__audio__r0p20__random__medium,rate,audio,0.2,random,medium,0.6336996336996337,0.007048903076163339,0.6152810337064425,0.00686353892515464,0.5747473461232779,0.012172143616489252,0.7801151477286407,0.01906374164647012,0.6801973284286137,0.008578515311923577,0.6669291457892674,0.007983185397459245,0.4729855910153449,0.03362876904861409,0.7059283643147155,0.02229538633181029,0.06622261579332384,0.0
robust_noaug,valid,rate__audio__r0p30__random__medium,rate,audio,0.3,random,medium,0.6336996336996337,0.007048903076163339,0.6158073915979195,0.006765510870635837,0.57443589452678,0.011935465453733113,0.7793949525544844,0.01868043507659846,0.6808112813917441,0.008202461179178193,0.6690494172701289,0.006926764166771144,0.4733706383979608,0.029382383492721636,0.7050021191256688,0.02237748336343565,0.09879490239864475,0.0
robust_noaug,valid,rate__audio__r0p40__random__medium,rate,audio,0.4,random,medium,0.6323260073260073,0.010400931036264263,0.6144302153120679,0.0033518740046297375,0.574460620133909,0.011753102370098176,0.7795213342843427,0.018510898289171063,0.6805587450182462,0.008435559008877519,0.6662456013384237,0.009279670615206646,0.47261877132643954,0.020998312848827992,0.7044262732713401,0.026233740382963347,0.13167520117044623,0.0
robust_noaug,valid,rate__text+audio+vision__r0p10__random__medium,rate,text+audio+vision,0.1,random,medium,0.6190476190476191,0.012463972150930541,0.604781339471865,0.0048138480160598235,0.5953344976480013,0.018673341973241803,0.814528673831069,0.03053232754252784,0.6416421981090711,0.02491161517925938,0.6532546230188432,0.016210844227813184,0.4762347130312448,0.019328686707658284,0.6848546823655072,0.03320260905799093,0.10093173680360375,0.0
robust_noaug,valid,rate__text+audio+vision__r0p20__random__medium,rate,text+audio+vision,0.2,random,medium,0.5984432234432234,0.004824017286104717,0.5852881895987174,0.013906845933535587,0.6085627114036949,0.007356583366788227,0.8304029233936315,0.0075570668482160255,0.622332714017888,0.005955669814343504,0.6068324254549632,0.04732814904331987,0.47777897545899717,0.019639530345857272,0.6712531678821919,0.019290791166695145,0.2008239325453355,3.3993498887762956e-17
robust_noaug,valid,rate__text+audio+vision__r0p30__random__medium,rate,text+audio+vision,0.3,random,medium,0.5787545787545788,0.006194024385745765,0.5665809238986718,0.007301591298601038,0.624467992383284,0.013382512243347622,0.8563004643403579,0.019947911084173996,0.5878064920456784,0.020359459352378557,0.5958622183294507,0.03984870642558394,0.45140374515101156,0.018579588422236698,0.6524768082155529,0.024855600085010133,0.2992530704962846,0.0
robust_noaug,valid,rate__text+audio+vision__r0p40__random__medium,rate,text+audio+vision,0.4,random,medium,0.5407509157509157,0.008392995778307419,0.5296576596972621,0.01130074834673111,0.6505394668391676,0.011404199857296527,0.8855430255913214,0.004353509417879899,0.5429246197475542,0.00487266169649075,0.541616119198706,0.04235512654210801,0.4333895162232196,0.03351346256495341,0.6139673436698608,0.034264063902379086,0.39970353828976246,0.0
robust_noaug,valid,rate__text+audio__r0p10__random__medium,rate,text+audio,0.1,random,medium,0.6222527472527473,0.013940785116884928,0.6087635687648425,0.010127379887301105,0.5871438965237198,0.005670532162598267,0.799232204828293,0.013302679419927842,0.6598412079853365,0.00787559305337497,0.6521824120716416,0.02512564835552407,0.4853164556962026,0.012876597444080484,0.6887918385266829,0.02488044067632153,0.069514495822585,0.0
robust_noaug,valid,rate__text+audio__r0p20__random__medium,rate,text+audio,0.2,random,medium,0.6016483516483516,0.018171368894674363,0.5877392012169423,0.012225094104954438,0.6020673446829735,0.005060677135150761,0.8210568011625062,0.010641274475292844,0.6306197124193281,0.004422335312698119,0.6206973211184815,0.0276778990737757,0.46799235160841973,0.017402030255106504,0.6745279309239262,0.02536570317404327,0.13812420590613328,0.0
robust_noaug,valid,rate__text+audio__r0p30__random__medium,rate,text+audio,0.3,random,medium,0.5750915750915752,0.015068207575003977,0.5626556349949382,0.0040374521156111495,0.6257703387453102,0.013224988421636968,0.8508529709378031,0.020342826049716725,0.5938705677785872,0.01948077368080987,0.5746119184512529,0.030754324164845817,0.459939816471948,0.015190840265836777,0.6534151700616132,0.04062475252865618,0.20590613329226504,0.0
robust_noaug,valid,rate__text+audio__r0p40__random__medium,rate,text+audio,0.4,random,medium,0.5512820512820512,0.01750138722858644,0.538802134374162,0.007836353765315754,0.6546643963015396,0.020345394360428364,0.8956203817183294,0.03529452467300668,0.5349219515838355,0.0383080336454697,0.5332824038706391,0.016667478833687768,0.4487542623414518,0.012145571116331666,0.634369736910395,0.0348271431655214,0.2752281215107997,0.0
robust_noaug,valid,rate__text+vision__r0p10__random__medium,rate,text+vision,0.1,random,medium,0.6066849816849816,0.0167859915566148,0.5887556202884979,0.013005551257610564,0.603722591716421,0.009876556101873026,0.8270911787709102,0.009808139376620466,0.6282035956362955,0.0038178197728182023,0.622287324832542,0.014084904500464285,0.4576636822948276,0.033603161166848465,0.6863158537381239,0.031275381902825215,0.06755091826127133,0.0
robust_noaug,valid,rate__text+vision__r0p20__random__medium,rate,text+vision,0.2,random,medium,0.5975274725274725,0.009615384615384581,0.5842117389067655,0.0028082268839696224,0.6024567875806447,0.010330811636221791,0.8192129314530976,0.023769428083326185,0.6336637828851623,0.020781881664346524,0.6319313019678304,0.03727698341228736,0.45915106643974024,0.026002286427961183,0.6615528483127256,0.038191720681528395,0.1346013167520117,0.0
robust_noaug,valid,rate__text+vision__r0p30__random__medium,rate,text+vision,0.3,random,medium,0.5837912087912088,0.014858040970318646,0.5727374500673607,0.013237713863365601,0.6235633685284263,0.00688736305298998,0.8518243527219176,0.008869922769958469,0.5921012787468012,0.004969199647567274,0.5948193695042621,0.03365255785184988,0.46218524756026186,0.008684620530444699,0.6612077331375578,0.027141128641673708,0.20045816809763986,0.0
robust_noaug,valid,rate__text+vision__r0p40__random__medium,rate,text+vision,0.4,random,medium,0.565934065934066,0.015841432135536813,0.5561239810103076,0.006805817302157047,0.6538486686874618,0.033763178067177706,0.8956062834223492,0.03933521756554569,0.5350073872869766,0.043380676057677224,0.5708137115927562,0.030576403503513087,0.45987434391617116,0.002441628467821319,0.6376838875219958,0.0438538083862485,0.26802833711931623,0.0
robust_noaug,valid,rate__text__r0p10__random__medium,rate,text,0.1,random,medium,0.6231684981684982,0.011682555697960648,0.6065316485478363,0.003601390106044021,0.5848693305561694,0.011036075593224191,0.7949496549421161,0.013621176753866203,0.6624026155931847,0.005874362840648601,0.6491198934906955,0.015073170085244666,0.47277422966078064,0.017240589667064536,0.6977008224920329,0.02750188225261719,0.03613367728025257,0.0
robust_noaug,valid,rate__text__r0p20__random__medium,rate,text,0.2,random,medium,0.5892857142857143,0.01124361644487976,0.5763309481750403,0.015329721252692823,0.6159103738882616,0.012655493794180768,0.8416504031843711,0.024047679681605923,0.6060880985602698,0.03095209997800926,0.6160129017327663,0.03808523688984196,0.4488276943465348,0.02154541823294583,0.6641522484458198,0.01970241954073772,0.07190159011280946,0.0
robust_noaug,valid,rate__text__r0p30__random__medium,rate,text,0.3,random,medium,0.5769230769230769,0.002747252747252793,0.5632438487962556,0.011091650344769501,0.6345888744244836,0.01791700789702428,0.8630741357249238,0.034767476015021836,0.57950119466791,0.03696130817908048,0.5839737184409173,0.048297316590271186,0.45052640757259604,0.01701461545620162,0.6552314203752533,0.022240128623116227,0.1071112308936203,0.0
robust_noaug,valid,rate__text__r0p40__random__medium,rate,text,0.4,random,medium,0.5521978021978022,0.00237919066973746,0.5422633337468165,0.006063955761574856,0.645082730268582,0.00796907426425823,0.8836242533831727,0.014847091333958623,0.5499885058652617,0.005778124994507861,0.5486450533630185,0.03574549011265651,0.4496404932766669,0.009844697930415506,0.6285044546007637,0.01854463900345689,0.14355292034035344,0.0
robust_noaug,valid,rate__vision__r0p10__random__medium,rate,vision,0.1,random,medium,0.6341575091575091,0.010125157686582436,0.6158469318490151,0.006967709120782016,0.5746441727492194,0.012150386399119688,0.7800067064565271,0.018905730966197368,0.6803819829040423,0.008472785389971637,0.6685202356858465,0.007408350982041738,0.4732686734829877,0.028271035536398304,0.7057518863782107,0.02566980023722358,0.03141724098101875,0.0
robust_noaug,valid,rate__vision__r0p20__random__medium,rate,vision,0.2,random,medium,0.6336996336996337,0.010669578935651163,0.6153323626386875,0.00747364211259631,0.5746106307487935,0.011923145123346543,0.7798418872365064,0.018617254497904967,0.6804491745222435,0.008420557309059586,0.6669304835722478,0.006806312666472219,0.4732686734829877,0.028271035536398304,0.7057979308608265,0.025783049622385215,0.06269972663920224,0.0
robust_noaug,valid,rate__vision__r0p30__random__medium,rate,vision,0.3,random,medium,0.6341575091575091,0.008723699122370752,0.6165418712752547,0.004104045676675869,0.5743578095048761,0.011714290081337354,0.7796601685908241,0.01814816845698825,0.6805565615775624,0.008114340060986387,0.6686643244093208,0.006402507436490472,0.47531426416883366,0.026978589392588605,0.70564702524761,0.024463811357126334,0.09334693720401956,0.0
robust_noaug,valid,rate__vision__r0p40__random__medium,rate,vision,0.4,random,medium,0.6327838827838828,0.008831182015561346,0.6146127929202864,0.0055702003177182805,0.5745910524233712,0.011509290801347802,0.7803863686748566,0.018326441855159834,0.6798649922202977,0.008027187867169426,0.6670891932656637,0.0051163084173655605,0.47117620821303285,0.029514970587088213,0.7055729772821624,0.02347330522178464,0.12447541677896277,0.0
